name;mata-runtime;mata-mataparsing;mata-mataminterm;mata-inclusion_check;mata-inclusion_check_result;mata-overall;mata-sim-runtime;mata-sim-mataparsing;mata-sim-mataminterm;mata-sim-reduce;mata-sim-inclusion_check;mata-sim-inclusion_check_result;mata-sim-overall
/home/experiments/nfa-bench/benchmarks/automata_inclusion/false-Bakery4pBinEnc-FbOneOne-Nondet-Partial-A-0-lhs.mata,/home/experiments/nfa-bench/benchmarks/automata_inclusion/false-Bakery4pBinEnc-FbOneOne-Nondet-Partial-A-0-rhs.mata;0.97; 0.705097; 0.258865; 0.001718; false; 1.02851;1.64; 0.776173; 0.260837; 0.641608; 0.000668; false; 1.73405
/home/experiments/nfa-bench/benchmarks/automata_inclusion/false-Bakery4pBinEnc-FbOneOne-Nondet-Partial-A-1-lhs.mata,/home/experiments/nfa-bench/benchmarks/automata_inclusion/false-Bakery4pBinEnc-FbOneOne-Nondet-Partial-A-1-rhs.mata;0.98; 0.711603; 0.268674; 0.001768; false; 1.04903;1.34; 0.40632; 0.164426; 0.774958; 0.001285; false; 1.38745
/home/experiments/nfa-bench/benchmarks/automata_inclusion/false-Bakery4pBinEnc-FbOneOne-Nondet-Partiali-B-2-lhs.mata,/home/experiments/nfa-bench/benchmarks/automata_inclusion/false-Bakery4pBinEnc-FbOneOne-Nondet-Partiali-B-2-rhs.mata;0.99; 0.749764; 0.252563; 0.001436; false; 1.06269;1.19; 0.37612; 0.160722; 0.656657; 0.00056; false; 1.23192
/home/experiments/nfa-bench/benchmarks/automata_inclusion/false-Bakery4pBinEnc-FbOneOne-Nondet-Partiali-B-3-lhs.mata,/home/experiments/nfa-bench/benchmarks/automata_inclusion/false-Bakery4pBinEnc-FbOneOne-Nondet-Partiali-B-3-rhs.mata;0.96; 0.697545; 0.259879; 0.001923; false; 1.02197;1.9; 0.656727; 0.276066; 0.960242; 0.000859; false; 1.96413
/home/experiments/nfa-bench/benchmarks/automata_inclusion/false-Bakery4pBinEnc-FbOneOne-Nondet-Partiali-B-4-lhs.mata,/home/experiments/nfa-bench/benchmarks/automata_inclusion/false-Bakery4pBinEnc-FbOneOne-Nondet-Partiali-B-4-rhs.mata;0.98; 0.723478; 0.258378; 0.001727; false; 1.04529;1.3; 0.383408; 0.174487; 0.743; 0.001228; false; 1.34464
/home/experiments/nfa-bench/benchmarks/automata_inclusion/false-Bakery5PUnrEnc-Rev-FbOneOne-Nondet-Partial-A-0-lhs.mata,/home/experiments/nfa-bench/benchmarks/automata_inclusion/false-Bakery5PUnrEnc-Rev-FbOneOne-Nondet-Partial-A-0-rhs.mata;0.63; 0.461652; 0.177436; 0.000407; false; 0.672077;0.69; 0.26271; 0.130564; 0.302974; 0.000168; false; 0.728619
/home/experiments/nfa-bench/benchmarks/automata_inclusion/false-IBakery-4P-BinEnc-BwBad-A-1-lhs.mata,/home/experiments/nfa-bench/benchmarks/automata_inclusion/false-IBakery-4P-BinEnc-BwBad-A-1-rhs.mata;0.12; 0.089911; 0.037152; 0.001816; false; 0.134862;0.11; 0.072882; 0.022891; 0.022455; 0.000949; false; 0.122806
/home/experiments/nfa-bench/benchmarks/automata_inclusion/false-IBakery-4P-BinEnc-BwBad-A-3-lhs.mata,/home/experiments/nfa-bench/benchmarks/automata_inclusion/false-IBakery-4P-BinEnc-BwBad-A-3-rhs.mata;0.14; 0.10795; 0.045261; 0.002769; false; 0.163569;0.1; 0.061617; 0.024429; 0.025588; 0.001336; false; 0.116978
/home/experiments/nfa-bench/benchmarks/automata_inclusion/false-IBakery-4P-BinEnc-BwBad-A-4-lhs.mata,/home/experiments/nfa-bench/benchmarks/automata_inclusion/false-IBakery-4P-BinEnc-BwBad-A-4-rhs.mata;0.14; 0.104937; 0.040559; 0.00242; false; 0.154109;0.2; 0.113135; 0.049493; 0.046308; 0.002581; false; 0.218016
/home/experiments/nfa-bench/benchmarks/automata_inclusion/false-IBakery-4P-BinEnc-BwBadi-B-0-lhs.mata,/home/experiments/nfa-bench/benchmarks/automata_inclusion/false-IBakery-4P-BinEnc-BwBadi-B-0-rhs.mata;0.07; 0.056219; 0.022248; 0.001105; false; 0.083154;0.18; 0.103549; 0.040324; 0.045728; 0.002431; false; 0.198591
/home/experiments/nfa-bench/benchmarks/automata_inclusion/false-IBakery-4P-BinEnc-BwBadi-B-1-lhs.mata,/home/experiments/nfa-bench/benchmarks/automata_inclusion/false-IBakery-4P-BinEnc-BwBadi-B-1-rhs.mata;0.08; 0.059035; 0.026596; 0.001408; false; 0.091454;0.11; 0.058632; 0.026179; 0.028584; 0.001439; false; 0.119504
/home/experiments/nfa-bench/benchmarks/automata_inclusion/false-IBakery-4P-BinEnc-BwBadi-B-2-lhs.mata,/home/experiments/nfa-bench/benchmarks/automata_inclusion/false-IBakery-4P-BinEnc-BwBadi-B-2-rhs.mata;0.08; 0.061709; 0.026107; 0.001362; false; 0.092938;0.18; 0.101354; 0.040895; 0.046931; 0.002498; false; 0.198349
/home/experiments/nfa-bench/benchmarks/automata_inclusion/false-IBakery4pBinEnc-FbOneOne-Nondet-Partial-A-0-lhs.mata,/home/experiments/nfa-bench/benchmarks/automata_inclusion/false-IBakery4pBinEnc-FbOneOne-Nondet-Partial-A-0-rhs.mata;1.49; 0.807414; 0.281857; 0.40896; false; 1.5594;1.97; 0.80835; 0.280157; 0.759404; 0.133167; false; 2.03381
/home/experiments/nfa-bench/benchmarks/automata_inclusion/false-IBakery4pBinEnc-FbOneOne-Nondet-Partial-A-1-lhs.mata,/home/experiments/nfa-bench/benchmarks/automata_inclusion/false-IBakery4pBinEnc-FbOneOne-Nondet-Partial-A-1-rhs.mata;0.85; 0.404701; 0.175959; 0.27322; false; 0.888874;1.84; 0.403877; 0.264507; 0.913415; 0.24381; false; 1.87935
/home/experiments/nfa-bench/benchmarks/automata_inclusion/false-IBakery4pBinEnc-FbOneOne-Nondet-Partiali-B-2-lhs.mata,/home/experiments/nfa-bench/benchmarks/automata_inclusion/false-IBakery4pBinEnc-FbOneOne-Nondet-Partiali-B-2-rhs.mata;0.86; 0.508644; 0.173472; 0.203138; false; 0.919221;1.98; 0.661831; 0.266052; 0.903765; 0.159049; false; 2.05306
/home/experiments/nfa-bench/benchmarks/automata_inclusion/false-IBakery4pBinEnc-FbOneOne-Nondet-Partiali-B-3-lhs.mata,/home/experiments/nfa-bench/benchmarks/automata_inclusion/false-IBakery4pBinEnc-FbOneOne-Nondet-Partiali-B-3-rhs.mata;0.73; 0.399614; 0.178033; 0.159201; false; 0.777512;1.51; 0.395286; 0.211226; 0.762819; 0.136546; false; 1.55924
/home/experiments/nfa-bench/benchmarks/automata_inclusion/false-IBakery4pBinEnc-FbtOneOne-Nondet-A-3-lhs.mata,/home/experiments/nfa-bench/benchmarks/automata_inclusion/false-IBakery4pBinEnc-FbtOneOne-Nondet-A-3-rhs.mata;0.51; 0.327348; 0.14903; 0.047436; false; 0.555245;0.44; 0.187436; 0.08279; 0.15991; 0.013492; false; 0.461123
/home/experiments/nfa-bench/benchmarks/automata_inclusion/false-IBakery4pBinEnc-FbtOneOne-Nondet-A-4-lhs.mata,/home/experiments/nfa-bench/benchmarks/automata_inclusion/false-IBakery4pBinEnc-FbtOneOne-Nondet-A-4-rhs.mata;0.51; 0.334221; 0.12817; 0.057806; false; 0.54819;0.67; 0.261165; 0.129807; 0.248952; 0.024202; false; 0.690908
/home/experiments/nfa-bench/benchmarks/automata_inclusion/false-IBakery4pBinEnc-FbtOneOne-Nondeti-B-0-lhs.mata,/home/experiments/nfa-bench/benchmarks/automata_inclusion/false-IBakery4pBinEnc-FbtOneOne-Nondeti-B-0-rhs.mata;0.53; 0.342831; 0.1405; 0.049159; false; 0.562626;0.57; 0.196004; 0.088726; 0.25911; 0.026456; false; 0.595697
/home/experiments/nfa-bench/benchmarks/automata_inclusion/false-IBakery4pBinEnc-FbtOneOne-Nondeti-B-1-lhs.mata,/home/experiments/nfa-bench/benchmarks/automata_inclusion/false-IBakery4pBinEnc-FbtOneOne-Nondeti-B-1-rhs.mata;0.3; 0.202509; 0.087477; 0.024528; false; 0.329915;0.43; 0.196671; 0.083416; 0.154823; 0.011351; false; 0.461802
/home/experiments/nfa-bench/benchmarks/automata_inclusion/false-IBakery4pBinEnc-FbtOneOne-Nondeti-B-2-lhs.mata,/home/experiments/nfa-bench/benchmarks/automata_inclusion/false-IBakery4pBinEnc-FbtOneOne-Nondeti-B-2-rhs.mata;0.49; 0.330432; 0.137159; 0.039331; false; 0.535582;0.73; 0.347624; 0.132382; 0.242663; 0.018574; false; 0.768424
/home/experiments/nfa-bench/benchmarks/automata_inclusion/false-IBakery4pBinEnc-FlOneOne-Nondet-A-3-lhs.mata,/home/experiments/nfa-bench/benchmarks/automata_inclusion/false-IBakery4pBinEnc-FlOneOne-Nondet-A-3-rhs.mata;0.43; 0.297271; 0.115489; 0.036238; false; 0.469635;0.59; 0.283191; 0.106966; 0.173663; 0.023809; false; 0.608977
/home/experiments/nfa-bench/benchmarks/automata_inclusion/false-IBakery4pBinEnc-FlOneOne-Nondet-A-4-lhs.mata,/home/experiments/nfa-bench/benchmarks/automata_inclusion/false-IBakery4pBinEnc-FlOneOne-Nondet-A-4-rhs.mata;0.25; 0.164598; 0.0709; 0.02044; false; 0.271119;0.36; 0.170352; 0.074032; 0.110872; 0.014498; false; 0.384469
/home/experiments/nfa-bench/benchmarks/automata_inclusion/false-IBakery4pBinEnc-FlOneOne-Nondeti-B-0-lhs.mata,/home/experiments/nfa-bench/benchmarks/automata_inclusion/false-IBakery4pBinEnc-FlOneOne-Nondeti-B-0-rhs.mata;0.26; 0.181084; 0.077203; 0.020284; false; 0.292991;0.59; 0.308773; 0.110124; 0.173839; 0.013594; false; 0.626688
/home/experiments/nfa-bench/benchmarks/automata_inclusion/false-IBakery5PUnrEnc-FbOneOne-Nondet-Partiali-B-0-lhs.mata,/home/experiments/nfa-bench/benchmarks/automata_inclusion/false-IBakery5PUnrEnc-FbOneOne-Nondet-Partiali-B-0-rhs.mata;2.4; 1.85309; 0.625191; 0.049069; false; 2.63864;3.25; 0.964099; 0.420639; 1.90126; 0.029386; false; 3.3834
/home/experiments/nfa-bench/benchmarks/automata_inclusion/false-IBakery5PUnrEnc-FbOneOne-Nondet-Partiali-B-1-lhs.mata,/home/experiments/nfa-bench/benchmarks/automata_inclusion/false-IBakery5PUnrEnc-FbOneOne-Nondet-Partiali-B-1-rhs.mata;1.6; 1.18339; 0.440078; 0.04191; false; 1.73791;4.33; 1.39205; 0.667218; 2.30072; 0.042803; false; 4.52463
/home/experiments/nfa-bench/benchmarks/automata_inclusion/false-IBakery5PUnrEnc-FbOneOne-Nondet-Partiali-B-3-lhs.mata,/home/experiments/nfa-bench/benchmarks/automata_inclusion/false-IBakery5PUnrEnc-FbOneOne-Nondet-Partiali-B-3-rhs.mata;2.39; 1.87708; 0.598855; 0.040522; false; 2.58716;4.66; 1.7782; 0.682488; 2.27532; 0.035799; false; 4.88493
/home/experiments/nfa-bench/benchmarks/automata_inclusion/false-IBakery5PUnrEnc-Rev-FbOneOne-Nondet-Partiali-B-0-lhs.mata,/home/experiments/nfa-bench/benchmarks/automata_inclusion/false-IBakery5PUnrEnc-Rev-FbOneOne-Nondet-Partiali-B-0-rhs.mata;0.38; 0.268051; 0.122075; 0.002737; false; 0.41092;0.6; 0.26518; 0.113802; 0.241125; 0.002702; false; 0.642336
/home/experiments/nfa-bench/benchmarks/automata_inclusion/false-IBakery5PUnrEnc-Rev-FbOneOne-Nondet-Partiali-B-2-lhs.mata,/home/experiments/nfa-bench/benchmarks/automata_inclusion/false-IBakery5PUnrEnc-Rev-FbOneOne-Nondet-Partiali-B-2-rhs.mata;0.54; 0.46981; 0.117979; 0.00173; false; 0.608936;0.94; 0.307691; 0.188025; 0.463873; 0.001494; false; 0.987252
/home/experiments/nfa-bench/benchmarks/automata_inclusion/false-T10-lhs.mata,/home/experiments/nfa-bench/benchmarks/automata_inclusion/false-T10-rhs.mata;0.01; 0.012268; 0.007606; 1.8e-05; false; 0.021434;0.02; 0.012502; 0.008265; 0.008375; 2.3e-05; false; 0.030926
/home/experiments/nfa-bench/benchmarks/automata_inclusion/false-T11-lhs.mata,/home/experiments/nfa-bench/benchmarks/automata_inclusion/false-T11-rhs.mata;0.51; 0.374471; 0.15174; 0.00112; false; 0.564566;0.69; 0.21979; 0.097588; 0.386988; 0.000557; false; 0.726282
/home/experiments/nfa-bench/benchmarks/automata_inclusion/false-T113-lhs.mata,/home/experiments/nfa-bench/benchmarks/automata_inclusion/false-T113-rhs.mata;0.01; 0.011651; 0.007386; 1.8e-05; false; 0.020604;0.02; 0.012213; 0.0079; 0.006748; 2.2e-05; false; 0.028488
/home/experiments/nfa-bench/benchmarks/automata_inclusion/false-T114-lhs.mata,/home/experiments/nfa-bench/benchmarks/automata_inclusion/false-T114-rhs.mata;0.03; 0.029073; 0.012241; 4.8e-05; false; 0.043733;0.09; 0.046066; 0.019776; 0.03154; 0.000125; false; 0.101554
/home/experiments/nfa-bench/benchmarks/automata_inclusion/false-T116-lhs.mata,/home/experiments/nfa-bench/benchmarks/automata_inclusion/false-T116-rhs.mata;0.04; 0.03015; 0.015232; 6.5e-05; false; 0.048716;0.06; 0.029859; 0.015063; 0.023448; 0.000164; false; 0.071994
/home/experiments/nfa-bench/benchmarks/automata_inclusion/false-T118-lhs.mata,/home/experiments/nfa-bench/benchmarks/automata_inclusion/false-T118-rhs.mata;0.08; 0.060835; 0.028777; 0.000107; false; 0.094957;0.09; 0.03602; 0.017831; 0.045103; 0.000145; false; 0.104256
/home/experiments/nfa-bench/benchmarks/automata_inclusion/false-T12-lhs.mata,/home/experiments/nfa-bench/benchmarks/automata_inclusion/false-T12-rhs.mata;0.4; 0.257485; 0.143979; 0.001271; false; 0.44077;0.84; 0.228675; 0.141474; 0.468283; 0.000631; false; 0.877114
/home/experiments/nfa-bench/benchmarks/automata_inclusion/false-T120-lhs.mata,/home/experiments/nfa-bench/benchmarks/automata_inclusion/false-T120-rhs.mata;0.07; 0.06351; 0.023897; 9.6e-05; false; 0.092057;0.12; 0.064917; 0.02836; 0.039556; 8.7e-05; false; 0.137729
/home/experiments/nfa-bench/benchmarks/automata_inclusion/false-T121-lhs.mata,/home/experiments/nfa-bench/benchmarks/automata_inclusion/false-T121-rhs.mata;0.09; 0.065937; 0.028598; 0.00015; false; 0.100972;0.13; 0.060328; 0.026909; 0.05046; 0.000126; false; 0.144052
/home/experiments/nfa-bench/benchmarks/automata_inclusion/false-T122-lhs.mata,/home/experiments/nfa-bench/benchmarks/automata_inclusion/false-T122-rhs.mata;0.09; 0.068006; 0.030012; 0.000111; false; 0.104915;0.14; 0.06918; 0.031279; 0.046614; 0.000186; false; 0.15303
/home/experiments/nfa-bench/benchmarks/automata_inclusion/false-T123-lhs.mata,/home/experiments/nfa-bench/benchmarks/automata_inclusion/false-T123-rhs.mata;0.08; 0.062055; 0.028695; 0.000115; false; 0.096749;0.13; 0.064008; 0.026963; 0.047318; 0.000182; false; 0.144235
/home/experiments/nfa-bench/benchmarks/automata_inclusion/false-T124-lhs.mata,/home/experiments/nfa-bench/benchmarks/automata_inclusion/false-T124-rhs.mata;0.03; 0.02154; 0.013046; 2.5e-05; false; 0.037175;0.04; 0.021315; 0.012849; 0.01427; 2.6e-05; false; 0.051086
/home/experiments/nfa-bench/benchmarks/automata_inclusion/false-T125-lhs.mata,/home/experiments/nfa-bench/benchmarks/automata_inclusion/false-T125-rhs.mata;0.08; 0.057526; 0.034707; 0.00011; false; 0.099236;0.15; 0.074372; 0.030922; 0.047943; 0.000138; false; 0.15956
/home/experiments/nfa-bench/benchmarks/automata_inclusion/false-T126-lhs.mata,/home/experiments/nfa-bench/benchmarks/automata_inclusion/false-T126-rhs.mata;0.1; 0.07049; 0.033021; 0.000133; false; 0.110881;0.14; 0.06917; 0.030121; 0.048609; 0.00015; false; 0.154865
/home/experiments/nfa-bench/benchmarks/automata_inclusion/false-T127-lhs.mata,/home/experiments/nfa-bench/benchmarks/automata_inclusion/false-T127-rhs.mata;0.11; 0.079276; 0.037454; 0.000132; false; 0.124523;0.11; 0.072986; 0.01978; 0.029566; 9.6e-05; false; 0.126481
/home/experiments/nfa-bench/benchmarks/automata_inclusion/false-T128-lhs.mata,/home/experiments/nfa-bench/benchmarks/automata_inclusion/false-T128-rhs.mata;0.08; 0.069847; 0.022408; 9.4e-05; false; 0.096303;0.09; 0.044936; 0.020638; 0.033114; 9.2e-05; false; 0.102778
/home/experiments/nfa-bench/benchmarks/automata_inclusion/false-T129-lhs.mata,/home/experiments/nfa-bench/benchmarks/automata_inclusion/false-T129-rhs.mata;0.1; 0.079018; 0.03508; 0.000114; false; 0.121056;0.15; 0.070741; 0.035681; 0.053926; 0.000158; false; 0.168024
/home/experiments/nfa-bench/benchmarks/automata_inclusion/false-T13-lhs.mata,/home/experiments/nfa-bench/benchmarks/automata_inclusion/false-T13-rhs.mata;0.03; 0.027919; 0.013287; 5.1e-05; false; 0.043822;0.02; 0.015087; 0.008334; 0.007489; 5.6e-05; false; 0.032532
/home/experiments/nfa-bench/benchmarks/automata_inclusion/false-T130-lhs.mata,/home/experiments/nfa-bench/benchmarks/automata_inclusion/false-T130-rhs.mata;0.1; 0.078049; 0.032245; 9.5e-05; false; 0.11645;0.1; 0.046; 0.020587; 0.040137; 0.000145; false; 0.111036
/home/experiments/nfa-bench/benchmarks/automata_inclusion/false-T131-lhs.mata,/home/experiments/nfa-bench/benchmarks/automata_inclusion/false-T131-rhs.mata;0.01; 0.011864; 0.008047; 1.8e-05; false; 0.021388;0.04; 0.022692; 0.013496; 0.015069; 3e-05; false; 0.053744
/home/experiments/nfa-bench/benchmarks/automata_inclusion/false-T132-lhs.mata,/home/experiments/nfa-bench/benchmarks/automata_inclusion/false-T132-rhs.mata;0.01; 0.012944; 0.007971; 1.9e-05; false; 0.02245;0.02; 0.012188; 0.007664; 0.006888; 1.8e-05; false; 0.028376
/home/experiments/nfa-bench/benchmarks/automata_inclusion/false-T133-lhs.mata,/home/experiments/nfa-bench/benchmarks/automata_inclusion/false-T133-rhs.mata;0.25; 0.185436; 0.078626; 0.000589; false; 0.278911;0.33; 0.17884; 0.067515; 0.096432; 0.000337; false; 0.354692
/home/experiments/nfa-bench/benchmarks/automata_inclusion/false-T134-lhs.mata,/home/experiments/nfa-bench/benchmarks/automata_inclusion/false-T134-rhs.mata;0.15; 0.103406; 0.050489; 0.000587; false; 0.164688;0.21; 0.099443; 0.047072; 0.068726; 0.000228; false; 0.223709
/home/experiments/nfa-bench/benchmarks/automata_inclusion/false-T17-lhs.mata,/home/experiments/nfa-bench/benchmarks/automata_inclusion/false-T17-rhs.mata;0.05; 0.038768; 0.016389; 5.9e-05; false; 0.058366;0.07; 0.038222; 0.016108; 0.020037; 0.000115; false; 0.077335
/home/experiments/nfa-bench/benchmarks/automata_inclusion/false-T19-lhs.mata,/home/experiments/nfa-bench/benchmarks/automata_inclusion/false-T19-rhs.mata;0.05; 0.038393; 0.017439; 7.9e-05; false; 0.059293;0.04; 0.022969; 0.011005; 0.012591; 9.4e-05; false; 0.048912
/home/experiments/nfa-bench/benchmarks/automata_inclusion/false-T20-lhs.mata,/home/experiments/nfa-bench/benchmarks/automata_inclusion/false-T20-rhs.mata;0.5; 0.37031; 0.144936; 0.001015; false; 0.550478;0.92; 0.405548; 0.145982; 0.377497; 0.00043; false; 0.965034
/home/experiments/nfa-bench/benchmarks/automata_inclusion/false-T210-lhs.mata,/home/experiments/nfa-bench/benchmarks/automata_inclusion/false-T210-rhs.mata;0.54; 0.418567; 0.149794; 0.000963; false; 0.602351;0.74; 0.209444; 0.094639; 0.447388; 0.000527; false; 0.773224
/home/experiments/nfa-bench/benchmarks/automata_inclusion/false-T211-lhs.mata,/home/experiments/nfa-bench/benchmarks/automata_inclusion/false-T211-rhs.mata;0.49; 0.385378; 0.123157; 0.001141; false; 0.542438;0.68; 0.231852; 0.097951; 0.358985; 0.00043; false; 0.710887
/home/experiments/nfa-bench/benchmarks/automata_inclusion/false-T212-lhs.mata,/home/experiments/nfa-bench/benchmarks/automata_inclusion/false-T212-rhs.mata;0.47; 0.362378; 0.15482; 0.000804; false; 0.547284;1.03; 0.379236; 0.135448; 0.529798; 0.000515; false; 1.07657
/home/experiments/nfa-bench/benchmarks/automata_inclusion/false-T213-lhs.mata,/home/experiments/nfa-bench/benchmarks/automata_inclusion/false-T213-rhs.mata;0.5; 0.379844; 0.143892; 0.000831; false; 0.559313;0.78; 0.336569; 0.098716; 0.372299; 0.000368; false; 0.831609
/home/experiments/nfa-bench/benchmarks/automata_inclusion/false-T215-lhs.mata,/home/experiments/nfa-bench/benchmarks/automata_inclusion/false-T215-rhs.mata;0.31; 0.233578; 0.097652; 0.000887; false; 0.355156;1.01; 0.347262; 0.149489; 0.539044; 0.000761; false; 1.07438
/home/experiments/nfa-bench/benchmarks/automata_inclusion/false-T217-lhs.mata,/home/experiments/nfa-bench/benchmarks/automata_inclusion/false-T217-rhs.mata;0.53; 0.390399; 0.151571; 0.000847; false; 0.578758;0.83; 0.401744; 0.110477; 0.358361; 0.000481; false; 0.88923
/home/experiments/nfa-bench/benchmarks/automata_inclusion/false-T219-lhs.mata,/home/experiments/nfa-bench/benchmarks/automata_inclusion/false-T219-rhs.mata;0.31; 0.222278; 0.098555; 0.0006; false; 0.342083;0.74; 0.222503; 0.092212; 0.435594; 0.00066; false; 0.771787
/home/experiments/nfa-bench/benchmarks/automata_inclusion/false-T224-lhs.mata,/home/experiments/nfa-bench/benchmarks/automata_inclusion/false-T224-rhs.mata;0.5; 0.380738; 0.136146; 0.000888; false; 0.549958;1.04; 0.399029; 0.135926; 0.522095; 0.000776; false; 1.08692
/home/experiments/nfa-bench/benchmarks/automata_inclusion/false-T23-lhs.mata,/home/experiments/nfa-bench/benchmarks/automata_inclusion/false-T23-rhs.mata;0.49; 0.373374; 0.139354; 0.000811; false; 0.54356;0.67; 0.215806; 0.096217; 0.38865; 0.000576; false; 0.719614
/home/experiments/nfa-bench/benchmarks/automata_inclusion/false-T231-lhs.mata,/home/experiments/nfa-bench/benchmarks/automata_inclusion/false-T231-rhs.mata;0.39; 0.265991; 0.133812; 0.001192; false; 0.436632;1.04; 0.391928; 0.148131; 0.529515; 0.000535; false; 1.10288
/home/experiments/nfa-bench/benchmarks/automata_inclusion/false-T232-lhs.mata,/home/experiments/nfa-bench/benchmarks/automata_inclusion/false-T232-rhs.mata;0.35; 0.282987; 0.090964; 0.000582; false; 0.392815;0.91; 0.342845; 0.09119; 0.500714; 0.0005; false; 0.955619
/home/experiments/nfa-bench/benchmarks/automata_inclusion/false-T233-lhs.mata,/home/experiments/nfa-bench/benchmarks/automata_inclusion/false-T233-rhs.mata;0.58; 0.465331; 0.137422; 0.000594; false; 0.631131;0.97; 0.439375; 0.133189; 0.423763; 0.000543; false; 1.02418
/home/experiments/nfa-bench/benchmarks/automata_inclusion/false-T234-lhs.mata,/home/experiments/nfa-bench/benchmarks/automata_inclusion/false-T234-rhs.mata;0.72; 0.530631; 0.199313; 0.001389; false; 0.781115;1.29; 0.461999; 0.194953; 0.64249; 0.000736; false; 1.34617
/home/experiments/nfa-bench/benchmarks/automata_inclusion/false-T235-lhs.mata,/home/experiments/nfa-bench/benchmarks/automata_inclusion/false-T235-rhs.mata;0.29; 0.215022; 0.092459; 0.000938; false; 0.329482;1.03; 0.351686; 0.149401; 0.544727; 0.000545; false; 1.07916
/home/experiments/nfa-bench/benchmarks/automata_inclusion/false-T236-lhs.mata,/home/experiments/nfa-bench/benchmarks/automata_inclusion/false-T236-rhs.mata;0.55; 0.384123; 0.177143; 0.001673; false; 0.601918;0.67; 0.215545; 0.093994; 0.366683; 0.000355; false; 0.704223
/home/experiments/nfa-bench/benchmarks/automata_inclusion/false-T237-lhs.mata,/home/experiments/nfa-bench/benchmarks/automata_inclusion/false-T237-rhs.mata;0.5; 0.365014; 0.151648; 0.000877; false; 0.556089;0.72; 0.215615; 0.099378; 0.418623; 0.000543; false; 0.757875
/home/experiments/nfa-bench/benchmarks/automata_inclusion/false-T238-lhs.mata,/home/experiments/nfa-bench/benchmarks/automata_inclusion/false-T238-rhs.mata;0.36; 0.295702; 0.087869; 0.000851; false; 0.404079;1.07; 0.358993; 0.152259; 0.578096; 0.000864; false; 1.12342
/home/experiments/nfa-bench/benchmarks/automata_inclusion/false-T239-lhs.mata,/home/experiments/nfa-bench/benchmarks/automata_inclusion/false-T239-rhs.mata;0.48; 0.36096; 0.148706; 0.001673; false; 0.550817;0.65; 0.209641; 0.092356; 0.359859; 0.00043; false; 0.682514
/home/experiments/nfa-bench/benchmarks/automata_inclusion/false-T24-lhs.mata,/home/experiments/nfa-bench/benchmarks/automata_inclusion/false-T24-rhs.mata;0.49; 0.358712; 0.145506; 0.000932; false; 0.541023;0.68; 0.214524; 0.093157; 0.379873; 0.000637; false; 0.717579
/home/experiments/nfa-bench/benchmarks/automata_inclusion/false-T25-lhs.mata,/home/experiments/nfa-bench/benchmarks/automata_inclusion/false-T25-rhs.mata;0.49; 0.359584; 0.142736; 0.001135; false; 0.537206;0.99; 0.362442; 0.158338; 0.492731; 0.000419; false; 1.04778
/home/experiments/nfa-bench/benchmarks/automata_inclusion/false-T26-lhs.mata,/home/experiments/nfa-bench/benchmarks/automata_inclusion/false-T26-rhs.mata;0.28; 0.212972; 0.085726; 0.000909; false; 0.318166;1.02; 0.358677; 0.151149; 0.52999; 0.000563; false; 1.08051
/home/experiments/nfa-bench/benchmarks/automata_inclusion/false-T27-lhs.mata,/home/experiments/nfa-bench/benchmarks/automata_inclusion/false-T27-rhs.mata;0.52; 0.380975; 0.163864; 0.000898; false; 0.581429;0.78; 0.223947; 0.09386; 0.467379; 0.000522; false; 0.808389
/home/experiments/nfa-bench/benchmarks/automata_inclusion/false-T28-lhs.mata,/home/experiments/nfa-bench/benchmarks/automata_inclusion/false-T28-rhs.mata;0.51; 0.364541; 0.158837; 0.000948; false; 0.559875;0.65; 0.21985; 0.096928; 0.348952; 0.000375; false; 0.686069
/home/experiments/nfa-bench/benchmarks/automata_inclusion/false-T29-lhs.mata,/home/experiments/nfa-bench/benchmarks/automata_inclusion/false-T29-rhs.mata;0.43; 0.374409; 0.095223; 0.000611; false; 0.488814;0.94; 0.265566; 0.15297; 0.530092; 0.000497; false; 0.981782
/home/experiments/nfa-bench/benchmarks/automata_inclusion/true-Bakery4pBinEnc-FbOneOne-Nondet-Partial-A-2-lhs.mata,/home/experiments/nfa-bench/benchmarks/automata_inclusion/true-Bakery4pBinEnc-FbOneOne-Nondet-Partial-A-2-rhs.mata;0.89; 0.623535; 0.257164; 0.022702; true; 0.961133;1.74; 0.623373; 0.179602; 0.959129; 0.004721; true; 1.8018
/home/experiments/nfa-bench/benchmarks/automata_inclusion/true-Bakery4pBinEnc-FbOneOne-Nondet-Partial-A-3-lhs.mata,/home/experiments/nfa-bench/benchmarks/automata_inclusion/true-Bakery4pBinEnc-FbOneOne-Nondet-Partial-A-3-rhs.mata;0.54; 0.370013; 0.168495; 0.013518; true; 0.592834;1.55; 0.62914; 0.249539; 0.679054; 0.002263; true; 1.61867
/home/experiments/nfa-bench/benchmarks/automata_inclusion/true-Bakery4pBinEnc-FbOneOne-Nondet-Partiali-B-0-lhs.mata,/home/experiments/nfa-bench/benchmarks/automata_inclusion/true-Bakery4pBinEnc-FbOneOne-Nondet-Partiali-B-0-rhs.mata;0.67; 0.391884; 0.219657; 0.027765; true; 0.705158;1.64; 0.487932; 0.245608; 0.900566; 0.004116; true; 1.70001
/home/experiments/nfa-bench/benchmarks/automata_inclusion/true-Bakery4pBinEnc-FbOneOne-Nondet-Partiali-B-1-lhs.mata,/home/experiments/nfa-bench/benchmarks/automata_inclusion/true-Bakery4pBinEnc-FbOneOne-Nondet-Partiali-B-1-rhs.mata;0.79; 0.458592; 0.281428; 0.02993; true; 0.849901;1.74; 0.697401; 0.291244; 0.753372; 0.004536; true; 1.81138
/home/experiments/nfa-bench/benchmarks/automata_inclusion/true-IBakery-4P-BinEnc-BwBad-A-0-lhs.mata,/home/experiments/nfa-bench/benchmarks/automata_inclusion/true-IBakery-4P-BinEnc-BwBad-A-0-rhs.mata;0.36; 0.088383; 0.034653; 0.251971; true; 0.382052;0.25; 0.052433; 0.021981; 0.025756; 0.159106; true; 0.26306
/home/experiments/nfa-bench/benchmarks/automata_inclusion/true-IBakery-4P-BinEnc-BwBadi-B-3-lhs.mata,/home/experiments/nfa-bench/benchmarks/automata_inclusion/true-IBakery-4P-BinEnc-BwBadi-B-3-rhs.mata;0.42; 0.065832; 0.026062; 0.334775; true; 0.430837;0.52; 0.113496; 0.039727; 0.0472; 0.325868; true; 0.533264
/home/experiments/nfa-bench/benchmarks/automata_inclusion/true-IBakery-4P-BinEnc-BwBadi-B-4-lhs.mata,/home/experiments/nfa-bench/benchmarks/automata_inclusion/true-IBakery-4P-BinEnc-BwBadi-B-4-rhs.mata;0.55; 0.0648; 0.02855; 0.472198; true; 0.572513;0.66; 0.114822; 0.042745; 0.047243; 0.472902; true; 0.684484
/home/experiments/nfa-bench/benchmarks/automata_inclusion/true-IBakery4pBinEnc-FbOneOne-Nondet-Partial-A-2-lhs.mata,/home/experiments/nfa-bench/benchmarks/automata_inclusion/true-IBakery4pBinEnc-FbOneOne-Nondet-Partial-A-2-rhs.mata;2.19; 0.667249; 0.271555; 1.29837; true; 2.28778;2.27; 0.383368; 0.263624; 0.838647; 0.778732; true; 2.3251
/home/experiments/nfa-bench/benchmarks/automata_inclusion/true-IBakery4pBinEnc-FbOneOne-Nondet-Partial-A-3-lhs.mata,/home/experiments/nfa-bench/benchmarks/automata_inclusion/true-IBakery4pBinEnc-FbOneOne-Nondet-Partial-A-3-rhs.mata;1.54; 0.4995; 0.186295; 0.867619; true; 1.59469;2.73; 0.683823; 0.266481; 0.912288; 0.873969; true; 2.79229
/home/experiments/nfa-bench/benchmarks/automata_inclusion/true-IBakery4pBinEnc-FbOneOne-Nondet-Partiali-B-0-lhs.mata,/home/experiments/nfa-bench/benchmarks/automata_inclusion/true-IBakery4pBinEnc-FbOneOne-Nondet-Partiali-B-0-rhs.mata;1.51; 0.485099; 0.174953; 0.875872; true; 1.57476;2.64; 0.66709; 0.270951; 0.837045; 0.880948; true; 2.71699
/home/experiments/nfa-bench/benchmarks/automata_inclusion/true-IBakery4pBinEnc-FbOneOne-Nondet-Partiali-B-1-lhs.mata,/home/experiments/nfa-bench/benchmarks/automata_inclusion/true-IBakery4pBinEnc-FbOneOne-Nondet-Partiali-B-1-rhs.mata;1.57; 0.398217; 0.17213; 1.01759; true; 1.62325;2.02; 0.400023; 0.172546; 0.661273; 0.818973; true; 2.08772
/home/experiments/nfa-bench/benchmarks/automata_inclusion/true-IBakery4pBinEnc-FbOneOne-Nondet-Partiali-B-4-lhs.mata,/home/experiments/nfa-bench/benchmarks/automata_inclusion/true-IBakery4pBinEnc-FbOneOne-Nondet-Partiali-B-4-rhs.mata;1.66; 0.678498; 0.164612; 0.851645; true; 1.73089;2.55; 0.685649; 0.267995; 0.820698; 0.799674; true; 2.62608
/home/experiments/nfa-bench/benchmarks/automata_inclusion/true-IBakery4pBinEnc-FbtOneOne-Nondet-A-0-lhs.mata,/home/experiments/nfa-bench/benchmarks/automata_inclusion/true-IBakery4pBinEnc-FbtOneOne-Nondet-A-0-rhs.mata;0.49; 0.314354; 0.106101; 0.097011; true; 0.531888;0.79; 0.311574; 0.134779; 0.253677; 0.099805; true; 0.827506
/home/experiments/nfa-bench/benchmarks/automata_inclusion/true-IBakery4pBinEnc-FbtOneOne-Nondet-A-1-lhs.mata,/home/experiments/nfa-bench/benchmarks/automata_inclusion/true-IBakery4pBinEnc-FbtOneOne-Nondet-A-1-rhs.mata;0.6; 0.327321; 0.126236; 0.164864; true; 0.642538;0.47; 0.183156; 0.07713; 0.149466; 0.062331; true; 0.487904
/home/experiments/nfa-bench/benchmarks/automata_inclusion/true-IBakery4pBinEnc-FbtOneOne-Nondeti-B-3-lhs.mata,/home/experiments/nfa-bench/benchmarks/automata_inclusion/true-IBakery4pBinEnc-FbtOneOne-Nondeti-B-3-rhs.mata;0.53; 0.205001; 0.137848; 0.190767; true; 0.558143;0.65; 0.341901; 0.100401; 0.153804; 0.078477; true; 0.691692
/home/experiments/nfa-bench/benchmarks/automata_inclusion/true-IBakery4pBinEnc-FbtOneOne-Nondeti-B-4-lhs.mata,/home/experiments/nfa-bench/benchmarks/automata_inclusion/true-IBakery4pBinEnc-FbtOneOne-Nondeti-B-4-rhs.mata;0.64; 0.313362; 0.140852; 0.192514; true; 0.671274;0.52; 0.199787; 0.082314; 0.166394; 0.079922; true; 0.545533
/home/experiments/nfa-bench/benchmarks/automata_inclusion/true-IBakery4pBinEnc-FlOneOne-Nondet-A-0-lhs.mata,/home/experiments/nfa-bench/benchmarks/automata_inclusion/true-IBakery4pBinEnc-FlOneOne-Nondet-A-0-rhs.mata;0.53; 0.276439; 0.109383; 0.152437; true; 0.561174;0.62; 0.283161; 0.107225; 0.169401; 0.073545; true; 0.656039
/home/experiments/nfa-bench/benchmarks/automata_inclusion/true-IBakery4pBinEnc-FlOneOne-Nondet-A-1-lhs.mata,/home/experiments/nfa-bench/benchmarks/automata_inclusion/true-IBakery4pBinEnc-FlOneOne-Nondet-A-1-rhs.mata;0.45; 0.19095; 0.116916; 0.153418; true; 0.481455;0.4; 0.192663; 0.076; 0.102837; 0.04685; true; 0.432903
/home/experiments/nfa-bench/benchmarks/automata_inclusion/true-IBakery4pBinEnc-FlOneOne-Nondeti-B-1-lhs.mata,/home/experiments/nfa-bench/benchmarks/automata_inclusion/true-IBakery4pBinEnc-FlOneOne-Nondeti-B-1-rhs.mata;0.36; 0.188074; 0.081258; 0.10785; true; 0.391135;0.71; 0.314304; 0.119527; 0.202173; 0.091502; true; 0.750845
/home/experiments/nfa-bench/benchmarks/automata_inclusion/true-IBakery4pBinEnc-FlOneOne-Nondeti-B-2-lhs.mata,/home/experiments/nfa-bench/benchmarks/automata_inclusion/true-IBakery4pBinEnc-FlOneOne-Nondeti-B-2-rhs.mata;0.58; 0.33371; 0.110798; 0.151933; true; 0.616962;0.64; 0.332765; 0.117872; 0.16238; 0.044447; true; 0.678633
/home/experiments/nfa-bench/benchmarks/automata_inclusion/true-IBakery4pBinEnc-FlOneOne-Nondeti-B-3-lhs.mata,/home/experiments/nfa-bench/benchmarks/automata_inclusion/true-IBakery4pBinEnc-FlOneOne-Nondeti-B-3-rhs.mata;0.51; 0.306918; 0.107706; 0.115773; true; 0.544975;0.43; 0.180467; 0.077678; 0.126519; 0.060093; true; 0.459963
/home/experiments/nfa-bench/benchmarks/automata_inclusion/true-IBakery4pBinEnc-FlOneOne-Nondeti-B-4-lhs.mata,/home/experiments/nfa-bench/benchmarks/automata_inclusion/true-IBakery4pBinEnc-FlOneOne-Nondeti-B-4-rhs.mata;0.36; 0.179172; 0.076404; 0.12426; true; 0.396348;0.7; 0.316103; 0.114689; 0.182979; 0.099621; true; 0.73445
/home/experiments/nfa-bench/benchmarks/automata_inclusion/true-IBakery5PUnrEnc-FbOneOne-Nondet-Partial-A-0-lhs.mata,/home/experiments/nfa-bench/benchmarks/automata_inclusion/true-IBakery5PUnrEnc-FbOneOne-Nondet-Partial-A-0-rhs.mata;2.79; 1.71686; 0.610747; 0.546034; true; 2.96768;3.5; 0.955059; 0.38632; 1.62764; 0.578817; true; 3.62374
/home/experiments/nfa-bench/benchmarks/automata_inclusion/true-IBakery5PUnrEnc-FbOneOne-Nondet-Partial-A-1-lhs.mata,/home/experiments/nfa-bench/benchmarks/automata_inclusion/true-IBakery5PUnrEnc-FbOneOne-Nondet-Partial-A-1-rhs.mata;3.85; 1.87362; 0.61991; 1.45557; true; 4.05884;5.36; 1.90513; 0.621024; 1.64199; 1.27805; true; 5.54968
/home/experiments/nfa-bench/benchmarks/automata_inclusion/true-IBakery5PUnrEnc-Rev-FbOneOne-Nondet-Partial-A-0-lhs.mata,/home/experiments/nfa-bench/benchmarks/automata_inclusion/true-IBakery5PUnrEnc-Rev-FbOneOne-Nondet-Partial-A-0-rhs.mata;3.86; 0.252799; 0.100998; 3.52886; true; 3.89943;8.91; 0.469843; 0.169052; 0.382991; 7.93499; true; 8.98079
/home/experiments/nfa-bench/benchmarks/automata_inclusion/true-IBakery5PUnrEnc-Rev-FbOneOne-Nondet-Partial-A-2-lhs.mata,/home/experiments/nfa-bench/benchmarks/automata_inclusion/true-IBakery5PUnrEnc-Rev-FbOneOne-Nondet-Partial-A-2-rhs.mata;6.62; 0.428693; 0.16697; 6.05742; true; 6.67972;6.45; 0.4339; 0.107467; 0.22041; 5.72164; true; 6.49805
/home/experiments/nfa-bench/benchmarks/automata_inclusion/true-IBakery5PUnrEnc-Rev-FbOneOne-Nondet-Partiali-B-1-lhs.mata,/home/experiments/nfa-bench/benchmarks/automata_inclusion/true-IBakery5PUnrEnc-Rev-FbOneOne-Nondet-Partiali-B-1-rhs.mata;41.16; 0.71677; 0.291889; 40.2015; true; 41.2578;TO; 0.435704; 0.185314; 0.421163;MISSING;MISSING;MISSING
/home/experiments/nfa-bench/benchmarks/automata_inclusion/true-T110-lhs.mata,/home/experiments/nfa-bench/benchmarks/automata_inclusion/true-T110-rhs.mata;0.03; 0.024359; 0.012825; 0.000112; true; 0.03994;0.04; 0.023148; 0.012247; 0.010712; 0.000157; true; 0.048643
/home/experiments/nfa-bench/benchmarks/automata_inclusion/true-T111-lhs.mata,/home/experiments/nfa-bench/benchmarks/automata_inclusion/true-T111-rhs.mata;0.05; 0.037233; 0.016442; 0.000298; true; 0.057318;0.06; 0.037545; 0.016403; 0.018894; 0.000401; true; 0.076625
/home/experiments/nfa-bench/benchmarks/automata_inclusion/true-T112-lhs.mata,/home/experiments/nfa-bench/benchmarks/automata_inclusion/true-T112-rhs.mata;0.03; 0.024515; 0.012786; 0.000119; true; 0.039931;0.04; 0.024232; 0.012722; 0.011101; 0.00017; true; 0.050846
/home/experiments/nfa-bench/benchmarks/automata_inclusion/true-T115-lhs.mata,/home/experiments/nfa-bench/benchmarks/automata_inclusion/true-T115-rhs.mata;0.04; 0.037779; 0.01636; 0.000293; true; 0.057818;0.07; 0.037671; 0.016604; 0.018569; 0.000381; true; 0.076587
/home/experiments/nfa-bench/benchmarks/automata_inclusion/true-T117-lhs.mata,/home/experiments/nfa-bench/benchmarks/automata_inclusion/true-T117-rhs.mata;0.05; 0.037557; 0.016541; 0.000309; true; 0.057745;0.07; 0.037665; 0.016622; 0.019205; 0.000397; true; 0.077371
/home/experiments/nfa-bench/benchmarks/automata_inclusion/true-T119-lhs.mata,/home/experiments/nfa-bench/benchmarks/automata_inclusion/true-T119-rhs.mata;0.04; 0.037609; 0.016531; 0.000306; true; 0.057793;0.07; 0.037844; 0.016657; 0.019299; 0.000404; true; 0.077583
/home/experiments/nfa-bench/benchmarks/automata_inclusion/true-T135-lhs.mata,/home/experiments/nfa-bench/benchmarks/automata_inclusion/true-T135-rhs.mata;0.02; 0.020129; 0.011356; 1.9e-05; true; 0.033693;0.03; 0.01965; 0.011107; 0.009729; 2e-05; true; 0.042674
/home/experiments/nfa-bench/benchmarks/automata_inclusion/true-T136-lhs.mata,/home/experiments/nfa-bench/benchmarks/automata_inclusion/true-T136-rhs.mata;0.02; 0.019721; 0.010843; 2.4e-05; true; 0.032601;0.03; 0.020615; 0.011176; 0.009874; 6.7e-05; true; 0.043868
/home/experiments/nfa-bench/benchmarks/automata_inclusion/true-T137-lhs.mata,/home/experiments/nfa-bench/benchmarks/automata_inclusion/true-T137-rhs.mata;0.02; 0.020396; 0.011384; 1.9e-05; true; 0.03398;0.03; 0.019997; 0.0114; 0.010224; 2e-05; true; 0.043902
/home/experiments/nfa-bench/benchmarks/automata_inclusion/true-T138-lhs.mata,/home/experiments/nfa-bench/benchmarks/automata_inclusion/true-T138-rhs.mata;0.02; 0.021113; 0.011358; 4.9e-05; true; 0.034726;0.03; 0.021038; 0.011335; 0.009821; 9.3e-05; true; 0.044461
/home/experiments/nfa-bench/benchmarks/automata_inclusion/true-T139-lhs.mata,/home/experiments/nfa-bench/benchmarks/automata_inclusion/true-T139-rhs.mata;0.02; 0.020126; 0.011028; 2.6e-05; true; 0.033281;0.03; 0.019887; 0.011084; 0.009655; 6.5e-05; true; 0.042777
/home/experiments/nfa-bench/benchmarks/automata_inclusion/true-T14-lhs.mata,/home/experiments/nfa-bench/benchmarks/automata_inclusion/true-T14-rhs.mata;0.02; 0.02085; 0.011342; 4.7e-05; true; 0.034433;0.03; 0.020637; 0.011297; 0.009802; 9.4e-05; true; 0.044012
/home/experiments/nfa-bench/benchmarks/automata_inclusion/true-T15-lhs.mata,/home/experiments/nfa-bench/benchmarks/automata_inclusion/true-T15-rhs.mata;0.03; 0.024764; 0.013373; 0.000115; true; 0.040864;0.04; 0.024504; 0.012582; 0.011451; 0.00018; true; 0.051268
/home/experiments/nfa-bench/benchmarks/automata_inclusion/true-T16-lhs.mata,/home/experiments/nfa-bench/benchmarks/automata_inclusion/true-T16-rhs.mata;0.02; 0.020961; 0.011384; 4.8e-05; true; 0.034606;0.03; 0.020875; 0.011327; 0.009953; 9.4e-05; true; 0.044445
/home/experiments/nfa-bench/benchmarks/automata_inclusion/true-T18-lhs.mata,/home/experiments/nfa-bench/benchmarks/automata_inclusion/true-T18-rhs.mata;0.03; 0.02482; 0.012914; 0.000117; true; 0.040427;0.04; 0.024903; 0.01306; 0.011548; 0.000178; true; 0.052351
/home/experiments/nfa-bench/benchmarks/automata_inclusion/true-T21-lhs.mata,/home/experiments/nfa-bench/benchmarks/automata_inclusion/true-T21-rhs.mata;0.98; 0.690024; 0.263082; 0.027932; true; 1.04414;2.04; 0.686008; 0.25725; 1.11115; 0.002499; true; 2.12073
/home/experiments/nfa-bench/benchmarks/automata_inclusion/true-T214-lhs.mata,/home/experiments/nfa-bench/benchmarks/automata_inclusion/true-T214-rhs.mata;0.51; 0.375179; 0.143986; 0.00645; true; 0.558353;0.69; 0.221423; 0.098342; 0.375768; 0.001737; true; 0.722903
/home/experiments/nfa-bench/benchmarks/automata_inclusion/true-T216-lhs.mata,/home/experiments/nfa-bench/benchmarks/automata_inclusion/true-T216-rhs.mata;0.48; 0.348281; 0.150904; 0.007725; true; 0.544526;1.1; 0.395482; 0.145424; 0.568701; 0.003374; true; 1.14809
/home/experiments/nfa-bench/benchmarks/automata_inclusion/true-T218-lhs.mata,/home/experiments/nfa-bench/benchmarks/automata_inclusion/true-T218-rhs.mata;0.54; 0.391137; 0.156432; 0.007081; true; 0.5925;0.71; 0.230186; 0.10173; 0.390615; 0.002241; true; 0.748204
/home/experiments/nfa-bench/benchmarks/automata_inclusion/true-T22-lhs.mata,/home/experiments/nfa-bench/benchmarks/automata_inclusion/true-T22-rhs.mata;0.87; 0.68417; 0.173359; 0.018629; true; 0.922115;2.02; 0.680335; 0.267329; 1.07352; 0.003971; true; 2.08671
/home/experiments/nfa-bench/benchmarks/automata_inclusion/true-T220-lhs.mata,/home/experiments/nfa-bench/benchmarks/automata_inclusion/true-T220-rhs.mata;0.45; 0.314543; 0.14167; 0.006487; true; 0.496853;0.87; 0.396297; 0.083346; 0.414135; 0.003321; true; 0.913812
/home/experiments/nfa-bench/benchmarks/automata_inclusion/true-T221-lhs.mata,/home/experiments/nfa-bench/benchmarks/automata_inclusion/true-T221-rhs.mata;0.47; 0.308448; 0.15989; 0.00742; true; 0.510493;0.86; 0.398804; 0.09854; 0.38279; 0.001835; true; 0.905118
/home/experiments/nfa-bench/benchmarks/automata_inclusion/true-T222-lhs.mata,/home/experiments/nfa-bench/benchmarks/automata_inclusion/true-T222-rhs.mata;0.54; 0.411645; 0.14384; 0.007622; true; 0.595148;1.04; 0.407797; 0.135314; 0.522453; 0.003162; true; 1.09608
/home/experiments/nfa-bench/benchmarks/automata_inclusion/true-T223-lhs.mata,/home/experiments/nfa-bench/benchmarks/automata_inclusion/true-T223-rhs.mata;0.33; 0.234349; 0.102076; 0.003961; true; 0.363784;1.14; 0.427057; 0.160894; 0.568026; 0.00381; true; 1.20028
/home/experiments/nfa-bench/benchmarks/automata_inclusion/true-T225-lhs.mata,/home/experiments/nfa-bench/benchmarks/automata_inclusion/true-T225-rhs.mata;0.36; 0.241502; 0.105681; 0.00782; true; 0.393928;1.1; 0.39724; 0.156661; 0.554824; 0.002097; true; 1.14565
/home/experiments/nfa-bench/benchmarks/automata_inclusion/true-T226-lhs.mata,/home/experiments/nfa-bench/benchmarks/automata_inclusion/true-T226-rhs.mata;0.33; 0.255573; 0.085489; 0.003783; true; 0.362109;1.07; 0.404935; 0.136389; 0.5414; 0.003255; true; 1.11641
/home/experiments/nfa-bench/benchmarks/automata_inclusion/true-T227-lhs.mata,/home/experiments/nfa-bench/benchmarks/automata_inclusion/true-T227-rhs.mata;0.32; 0.239982; 0.106051; 0.003521; true; 0.3722;1.15; 0.434394; 0.166224; 0.567944; 0.00369; true; 1.20893
/home/experiments/nfa-bench/benchmarks/automata_inclusion/true-T228-lhs.mata,/home/experiments/nfa-bench/benchmarks/automata_inclusion/true-T228-rhs.mata;0.55; 0.393987; 0.160887; 0.006787; true; 0.599759;0.71; 0.240705; 0.106176; 0.372681; 0.001804; true; 0.743023
/home/experiments/nfa-bench/benchmarks/automata_inclusion/true-T229-lhs.mata,/home/experiments/nfa-bench/benchmarks/automata_inclusion/true-T229-rhs.mata;0.58; 0.435684; 0.161903; 0.003318; true; 0.633056;0.89; 0.388762; 0.143687; 0.373376; 0.002065; true; 0.931321
/home/experiments/nfa-bench/benchmarks/automata_inclusion/true-T230-lhs.mata,/home/experiments/nfa-bench/benchmarks/automata_inclusion/true-T230-rhs.mata;0.34; 0.242203; 0.104087; 0.003763; true; 0.374141;0.75; 0.321035; 0.101703; 0.340265; 0.00169; true; 0.785152
