name;mata-runtime;mata-mataparsing;mata-compl;mata-trim;mata-emptiness_check;mata-emptiness_check_result;mata-overall;mata-old-runtime;mata-old-mataparsing;mata-old-compl;mata-old-trim;mata-old-emptiness_check;mata-old-emptiness_check_result;mata-old-overall;mata-sim-runtime;mata-sim-mataparsing;mata-sim-reduce;mata-sim-compl;mata-sim-trim;mata-sim-emptiness_check;mata-sim-emptiness_check_result;mata-sim-overall;pymata-runtime;pymata-construction;pymata-conversion;pymata-complement;pymata-trimming;pymata-emptiness;pymata-result;pymata-interpretation;pymata-overall
/home/experiments/nfa-bench/benchmarks/presburger-explicit/complement/UltimateAutomizer/MADWiFi-encode_ie_ok_true-unreach-call.i_17.0.mata;0.07; 0.070396; 0.002706; 0.0002; 0.000125; false; 0.080697;0.07; 0.068427; 0.002609; 0.000176; 0.000124; false; 0.079703;0.07; 0.070817; 0.011505; 0.000623; 6.6e-05; 7.9e-05; false; 0.090084;1.19; 0.0871; 0.0000; 0.0050; 0.0002; 0.0000; False; 0.0053; 0.0930
/home/experiments/nfa-bench/benchmarks/presburger-explicit/complement/UltimateAutomizer/MADWiFi-encode_ie_ok_true-unreach-call.i_7.0.mata;0.02; 0.025567; 0.001668; 0.000152; 8.2e-05; false; 0.031528;0.02; 0.024954; 0.00144; 0.000131; 8.1e-05; false; 0.030341;0.03; 0.027508; 0.005088; 0.000272; 3.3e-05; 2.9e-05; false; 0.036284;0.8; 0.0368; 0.0000; 0.0026; 0.0001; 0.0000; False; 0.0027; 0.0399
/home/experiments/nfa-bench/benchmarks/presburger-explicit/complement/UltimateAutomizer/Primes_true-unreach-call.c_127.0.mata;0.01; 0.010963; 0.00087; 0.000125; 6.4e-05; false; 0.013588;0.02; 0.018986; 0.001571; 0.000108; 5.1e-05; false; 0.023165;0.02; 0.019675; 0.002757; 0.00049; 4.7e-05; 2e-05; false; 0.025364;1.11; 0.0326; 0.0000; 0.0032; 0.0001; 0.0000; False; 0.0034; 0.0364
/home/experiments/nfa-bench/benchmarks/presburger-explicit/complement/UltimateAutomizer/Primes_true-unreach-call.c_1657.0.mata;5.25; 2.5381; 2.65173; 0.008556; 0.00586; false; 5.56462;7.52; 4.09861; 3.41674; 0.007106; 0.004755; false; 7.93533;3.24; 3.07793; 0.271835; 0.002558; 0.000128; 0.00086; false; 3.55699;6.39; 3.4413; 0.0000; 2.5356; 0.0102; 0.0000; False; 2.5459; 6.0010
/home/experiments/nfa-bench/benchmarks/presburger-explicit/complement/UltimateAutomizer/Primes_true-unreach-call.c_187.0.mata;0.44; 0.367036; 0.062928; 0.001893; 0.000789; false; 0.469195;0.41; 0.347889; 0.059167; 0.001695; 0.000734; false; 0.449197;0.43; 0.398912; 0.033662; 0.002069; 0.000146; 0.000211; false; 0.467573;1.47; 0.4904; 0.0000; 0.0880; 0.0031; 0.0000; False; 0.0911; 0.5846
/home/experiments/nfa-bench/benchmarks/presburger-explicit/complement/UltimateAutomizer/Primes_true-unreach-call.c_2207.0.mata;0.08; 0.06659; 0.015146; 0.000399; 0.000177; false; 0.08938;0.08; 0.065811; 0.014368; 0.000417; 0.000184; false; 0.087965;0.07; 0.067482; 0.005023; 0.000391; 3.5e-05; 4.5e-05; false; 0.079267;1.13; 0.0545; 0.0000; 0.0126; 0.0004; 0.0000; False; 0.0130; 0.0683
/home/experiments/nfa-bench/benchmarks/presburger-explicit/complement/UltimateAutomizer/Primes_true-unreach-call.c_2317.0.mata;0.21; 0.168926; 0.041915; 0.001319; 0.00046; false; 0.23003;0.15; 0.141724; 0.01751; 0.000879; 0.000284; false; 0.170524;0.18; 0.161388; 0.013489; 0.000967; 8.5e-05; 0.000107; false; 0.192696;1.12; 0.1246; 0.0000; 0.0263; 0.0010; 0.0000; False; 0.0274; 0.1535
/home/experiments/nfa-bench/benchmarks/presburger-explicit/complement/UltimateAutomizer/Primes_true-unreach-call.c_237.0.mata;0.0; 0.002593; 0.000309; 4.5e-05; 1.4e-05; false; 0.003434;0.0; 0.004933; 0.000602; 6.8e-05; 2.2e-05; false; 0.006425;0.0; 0.004931; 0.000703; 0.000138; 1.7e-05; 1.1e-05; false; 0.006508;1.25; 0.0144; 0.0000; 0.0017; 0.0001; 0.0000; False; 0.0019; 0.0166
/home/experiments/nfa-bench/benchmarks/presburger-explicit/complement/UltimateAutomizer/Primes_true-unreach-call.c_276.0.mata;0.05; 0.038387; 0.017596; 0.000494; 0.000208; false; 0.061932;0.08; 0.066906; 0.016625; 0.000888; 0.000264; false; 0.092913;0.07; 0.066642; 0.006334; 0.000404; 3.8e-05; 6e-05; false; 0.080865;1.26; 0.1019; 0.0000; 0.0221; 0.0006; 0.0000; False; 0.0227; 0.1257
/home/experiments/nfa-bench/benchmarks/presburger-explicit/complement/UltimateAutomizer/Primes_true-unreach-call.c_297.0.mata;0.14; 0.127564; 0.016121; 0.00092; 0.00029; false; 0.155829;0.19; 0.163578; 0.030232; 0.000813; 0.000371; false; 0.213488;0.1; 0.092838; 0.009045; 0.000539; 5.1e-05; 6e-05; false; 0.112328;1.09; 0.1990; 0.0000; 0.0230; 0.0008; 0.0000; False; 0.0238; 0.2236
/home/experiments/nfa-bench/benchmarks/presburger-explicit/complement/UltimateAutomizer/Primes_true-unreach-call.c_597.0.mata;0.16; 0.125048; 0.032198; 0.001154; 0.000405; false; 0.174553;0.1; 0.085665; 0.014526; 0.000724; 0.000243; false; 0.10939;0.15; 0.136423; 0.013948; 0.000764; 5.8e-05; 8.8e-05; false; 0.166331;1.16; 0.1104; 0.0000; 0.0462; 0.0016; 0.0000; False; 0.0479; 0.1603
/home/experiments/nfa-bench/benchmarks/presburger-explicit/complement/UltimateAutomizer/Primes_true-unreach-call.c_657.0.mata;0.21; 0.171337; 0.033968; 0.001111; 0.000419; false; 0.226722;0.18; 0.144977; 0.033844; 0.001146; 0.000415; false; 0.197915;0.17; 0.163939; 0.013355; 0.000942; 7.9e-05; 0.000107; false; 0.194449;1.41; 0.2301; 0.0000; 0.0553; 0.0019; 0.0000; False; 0.0572; 0.2898
/home/experiments/nfa-bench/benchmarks/presburger-explicit/complement/UltimateAutomizer/Primes_true-unreach-call.c_670.0.mata;0.23; 0.193262; 0.038292; 0.001294; 0.000495; false; 0.257444;0.11; 0.106079; 0.017763; 0.000617; 0.000245; false; 0.136398;0.19; 0.174655; 0.01794; 0.001063; 8.8e-05; 0.000113; false; 0.212901;1.04; 0.1457; 0.0000; 0.0264; 0.0010; 0.0000; False; 0.0275; 0.1742
/home/experiments/nfa-bench/benchmarks/presburger-explicit/complement/UltimateAutomizer/Primes_true-unreach-call.c_671.0.mata;0.21; 0.174668; 0.032928; 0.000927; 0.000381; false; 0.229216;0.23; 0.196467; 0.036301; 0.001191; 0.000444; false; 0.258619;0.11; 0.104734; 0.01005; 0.000642; 8.7e-05; 6.8e-05; false; 0.126438;1.32; 0.2168; 0.0000; 0.0525; 0.0014; 0.0000; False; 0.0540; 0.2728
/home/experiments/nfa-bench/benchmarks/presburger-explicit/complement/UltimateAutomizer/Primes_true-unreach-call.c_673.0.mata;0.51; 0.412503; 0.082417; 0.002504; 0.000889; false; 0.548902;0.43; 0.359552; 0.069277; 0.001883; 0.000759; false; 0.47454;0.47; 0.430326; 0.04391; 0.002352; 0.000188; 0.000248; false; 0.518249;1.27; 0.2846; 0.0000; 0.0496; 0.0018; 0.0000; False; 0.0514; 0.3387
/home/experiments/nfa-bench/benchmarks/presburger-explicit/complement/UltimateAutomizer/Primes_true-unreach-call.c_678.0.mata;0.26; 0.234212; 0.034722; 0.001417; 0.000557; false; 0.295251;0.43; 0.392816; 0.034953; 0.001378; 0.000596; false; 0.473957;0.28; 0.264654; 0.033538; 0.002381; 0.000181; 0.000255; false; 0.323148;1.62; 0.5290; 0.0000; 0.0982; 0.0025; 0.0000; False; 0.1008; 0.6330
/home/experiments/nfa-bench/benchmarks/presburger-explicit/complement/UltimateAutomizer/Primes_true-unreach-call.c_798.0.mata;8.71; 5.54492; 3.26842; 0.016347; 0.002182; false; 9.26925;14.77; 7.81658; 6.90351; 0.016418; 0.002171; false; 15.4924;8.64; 7.96659; 0.797846; 0.00909; 0.000443; 0.001781; false; 9.45087;11.72; 7.2483; 0.0000; 4.6994; 0.0131; 0.0000; False; 4.7126; 11.9858
/home/experiments/nfa-bench/benchmarks/presburger-explicit/complement/UltimateAutomizer/nested6_true-unreach-call.i_7.0.mata;0.0; 0.003905; 0.000668; 7.3e-05; 2.2e-05; false; 0.005373;0.0; 0.003801; 0.000623; 5.5e-05; 2e-05; false; 0.005226;0.0; 0.001973; 0.000397; 0.000198; 2.5e-05; 1.1e-05; false; 0.002989;0.77; 0.0082; 0.0000; 0.0008; 0.0000; 0.0000; False; 0.0009; 0.0093
/home/experiments/nfa-bench/benchmarks/presburger-explicit/complement/UltimateAutomizer/nested9_true-unreach-call.i_1070.0.mata;0.01; 0.013578; 0.001978; 8.7e-05; 5.6e-05; false; 0.017565;0.01; 0.01327; 0.001835; 9.2e-05; 5.7e-05; false; 0.017131;0.01; 0.0119; 0.002284; 0.00039; 5.2e-05; 2.6e-05; false; 0.016375;0.83; 0.0153; 0.0000; 0.0019; 0.0001; 0.0000; False; 0.0021; 0.0176
/home/experiments/nfa-bench/benchmarks/presburger-explicit/complement/UltimateAutomizer/nested9_true-unreach-call.i_1072.0.mata;0.03; 0.027872; 0.003625; 0.000142; 0.000105; false; 0.035295;0.03; 0.027299; 0.003301; 0.000136; 0.000106; false; 0.034417;0.03; 0.027878; 0.004423; 0.000691; 6e-05; 4.8e-05; false; 0.036609;0.97; 0.0237; 0.0000; 0.0036; 0.0001; 0.0000; False; 0.0037; 0.0278
/home/experiments/nfa-bench/benchmarks/presburger-explicit/complement/UltimateAutomizer/nested9_true-unreach-call.i_1107.0.mata;0.1; 0.092329; 0.008752; 0.000539; 0.000266; false; 0.112958;0.09; 0.088969; 0.008081; 0.000548; 0.00028; false; 0.108686;0.1; 0.08345; 0.010979; 0.001148; 0.000116; 5.9e-05; false; 0.106286;1.19; 0.1318; 0.0000; 0.0149; 0.0007; 0.0000; False; 0.0158; 0.1490
/home/experiments/nfa-bench/benchmarks/presburger-explicit/complement/UltimateAutomizer/nested9_true-unreach-call.i_1117.0.mata;0.02; 0.025752; 0.002584; 0.000214; 0.0001; false; 0.032;0.02; 0.025771; 0.002462; 0.000202; 9e-05; false; 0.031892;0.05; 0.047507; 0.004467; 0.000968; 9.4e-05; 5.8e-05; false; 0.056235;0.83; 0.0414; 0.0000; 0.0053; 0.0002; 0.0000; False; 0.0056; 0.0475
/home/experiments/nfa-bench/benchmarks/presburger-explicit/complement/UltimateAutomizer/nested9_true-unreach-call.i_1170.0.mata;0.04; 0.03716; 0.003249; 0.000278; 0.000128; false; 0.045453;0.04; 0.033761; 0.003059; 0.000259; 0.000112; false; 0.041565;0.04; 0.034107; 0.005625; 0.001061; 5.4e-05; 6.7e-05; false; 0.044968;0.94; 0.0545; 0.0000; 0.0064; 0.0002; 0.0000; False; 0.0066; 0.0619
/home/experiments/nfa-bench/benchmarks/presburger-explicit/complement/UltimateAutomizer/nested9_true-unreach-call.i_1172.0.mata;0.07; 0.06831; 0.006058; 0.000406; 0.000198; false; 0.083227;0.07; 0.063671; 0.006023; 0.000528; 0.000203; false; 0.079358;0.08; 0.066938; 0.009529; 0.002154; 0.000111; 0.000132; false; 0.086183;1.28; 0.0985; 0.0000; 0.0122; 0.0005; 0.0000; False; 0.0128; 0.1124
/home/experiments/nfa-bench/benchmarks/presburger-explicit/complement/UltimateAutomizer/nested9_true-unreach-call.i_1307.0.mata;0.01; 0.007616; 0.001361; 0.000119; 4.2e-05; false; 0.010332;0.01; 0.007945; 0.001301; 9.7e-05; 4e-05; false; 0.010634;0.0; 0.007287; 0.001469; 0.000548; 5.6e-05; 2.5e-05; false; 0.010453;0.93; 0.0246; 0.0000; 0.0036; 0.0001; 0.0000; False; 0.0038; 0.0288
/home/experiments/nfa-bench/benchmarks/presburger-explicit/complement/UltimateAutomizer/nested9_true-unreach-call.i_1317.0.mata;0.01; 0.015021; 0.002809; 0.000191; 7.6e-05; false; 0.020174;0.01; 0.014319; 0.002446; 0.000175; 7.4e-05; false; 0.019142;0.02; 0.014177; 0.002447; 0.001013; 5.4e-05; 4.7e-05; false; 0.020131;1.23; 0.0278; 0.0000; 0.0054; 0.0002; 0.0000; False; 0.0058; 0.0342
/home/experiments/nfa-bench/benchmarks/presburger-explicit/complement/UltimateAutomizer/nested9_true-unreach-call.i_1337.0.mata;0.06; 0.052373; 0.005553; 0.000441; 0.000178; false; 0.06544;0.05; 0.050579; 0.005067; 0.00041; 0.000172; false; 0.063578;0.06; 0.051284; 0.009144; 0.002096; 0.000167; 0.000116; false; 0.069021;1.24; 0.0506; 0.0000; 0.0067; 0.0003; 0.0000; False; 0.0071; 0.0586
/home/experiments/nfa-bench/benchmarks/presburger-explicit/complement/UltimateAutomizer/nested9_true-unreach-call.i_1357.0.mata;0.05; 0.050537; 0.005482; 0.000394; 0.000151; false; 0.063362;0.06; 0.051353; 0.005457; 0.00044; 0.000171; false; 0.064107;0.06; 0.052018; 0.009324; 0.002162; 0.000175; 0.000103; false; 0.069864;1.29; 0.0846; 0.0000; 0.0102; 0.0005; 0.0000; False; 0.0107; 0.0964
/home/experiments/nfa-bench/benchmarks/presburger-explicit/complement/UltimateAutomizer/nested9_true-unreach-call.i_1370.0.mata;0.04; 0.038617; 0.003997; 0.000763; 0.000135; false; 0.049866;0.04; 0.037055; 0.003541; 0.000404; 0.000123; false; 0.046193;0.05; 0.041823; 0.008758; 0.001223; 0.00013; 7.3e-05; false; 0.05747;0.89; 0.0526; 0.0000; 0.0069; 0.0003; 0.0000; False; 0.0073; 0.0606
/home/experiments/nfa-bench/benchmarks/presburger-explicit/complement/UltimateAutomizer/nested9_true-unreach-call.i_1371.0.mata;0.03; 0.032703; 0.003281; 0.000277; 0.000124; false; 0.040552;0.07; 0.059137; 0.00611; 0.000445; 0.000195; false; 0.074594;0.04; 0.032976; 0.006548; 0.001153; 0.000109; 6.8e-05; false; 0.044899;0.97; 0.0558; 0.0000; 0.0067; 0.0003; 0.0000; False; 0.0071; 0.0636
/home/experiments/nfa-bench/benchmarks/presburger-explicit/complement/UltimateAutomizer/nested9_true-unreach-call.i_1375.0.mata;0.05; 0.052515; 0.00544; 0.000369; 0.00016; false; 0.065614;0.05; 0.050903; 0.005294; 0.000357; 0.00016; false; 0.06402;0.06; 0.053068; 0.008889; 0.002137; 0.000175; 0.000109; false; 0.070587;1.19; 0.0827; 0.0000; 0.0102; 0.0004; 0.0000; False; 0.0107; 0.0943
/home/experiments/nfa-bench/benchmarks/presburger-explicit/complement/UltimateAutomizer/nested9_true-unreach-call.i_1379.0.mata;0.07; 0.065862; 0.0066; 0.000555; 0.00021; false; 0.081776;0.06; 0.058948; 0.006243; 0.000537; 0.00022; false; 0.074417;0.07; 0.061114; 0.012398; 0.002304; 0.000194; 0.00013; false; 0.083689;1.2; 0.0558; 0.0000; 0.0074; 0.0003; 0.0000; False; 0.0078; 0.0643
/home/experiments/nfa-bench/benchmarks/presburger-explicit/complement/UltimateAutomizer/nested9_true-unreach-call.i_1427.0.mata;0.06; 0.053635; 0.005825; 0.000385; 0.000171; false; 0.067361;0.06; 0.058546; 0.00616; 0.000453; 0.000208; false; 0.073794;0.07; 0.056734; 0.013081; 0.002153; 0.000201; 0.000143; false; 0.080408;0.97; 0.0523; 0.0000; 0.0079; 0.0007; 0.0000; False; 0.0087; 0.0625
/home/experiments/nfa-bench/benchmarks/presburger-explicit/complement/UltimateAutomizer/nested9_true-unreach-call.i_1437.0.mata;0.04; 0.036388; 0.004487; 0.000255; 0.000109; false; 0.04599;0.03; 0.030864; 0.003466; 0.000245; 0.000107; false; 0.03923;0.03; 0.028063; 0.005966; 0.001781; 0.000168; 8e-05; false; 0.040048;1.17; 0.0515; 0.0000; 0.0069; 0.0002; 0.0000; False; 0.0072; 0.0595
/home/experiments/nfa-bench/benchmarks/presburger-explicit/complement/UltimateAutomizer/nested9_true-unreach-call.i_1471.0.mata;0.04; 0.035905; 0.004977; 0.000297; 0.000148; false; 0.047066;0.04; 0.03395; 0.004078; 0.000259; 0.000127; false; 0.043322;0.04; 0.035386; 0.00723; 0.000806; 4.2e-05; 6.6e-05; false; 0.048417;1.01; 0.0367; 0.0000; 0.0060; 0.0002; 0.0000; False; 0.0062; 0.0435
/home/experiments/nfa-bench/benchmarks/presburger-explicit/complement/UltimateAutomizer/nested9_true-unreach-call.i_1475.0.mata;0.09; 0.075379; 0.008584; 0.000492; 0.000297; false; 0.095163;0.04; 0.044929; 0.004414; 0.000205; 0.000167; false; 0.055461;0.09; 0.074867; 0.0137; 0.001376; 6.2e-05; 0.000115; false; 0.099353;0.96; 0.0825; 0.0000; 0.0170; 0.0012; 0.0000; False; 0.0183; 0.1025
/home/experiments/nfa-bench/benchmarks/presburger-explicit/complement/UltimateAutomizer/nested9_true-unreach-call.i_1477.0.mata;0.04; 0.035439; 0.004404; 0.00019; 0.000123; false; 0.045223;0.04; 0.040395; 0.004616; 0.000224; 0.000139; false; 0.051058;0.05; 0.040737; 0.007567; 0.000839; 4.2e-05; 6.3e-05; false; 0.054848;1.11; 0.0573; 0.0000; 0.0073; 0.0002; 0.0000; False; 0.0076; 0.0654
/home/experiments/nfa-bench/benchmarks/presburger-explicit/complement/UltimateAutomizer/nested9_true-unreach-call.i_1479.0.mata;0.09; 0.082245; 0.008971; 0.00041; 0.000276; false; 0.1031;0.09; 0.078201; 0.008111; 0.000357; 0.000258; false; 0.098101;0.1; 0.081298; 0.014716; 0.001572; 8.1e-05; 0.000118; false; 0.108276;1.29; 0.1249; 0.0000; 0.0156; 0.0010; 0.0000; False; 0.0167; 0.1431
/home/experiments/nfa-bench/benchmarks/presburger-explicit/complement/UltimateAutomizer/nested9_true-unreach-call.i_1575.0.mata;0.08; 0.073954; 0.00908; 0.000733; 0.000261; false; 0.094152;0.08; 0.072021; 0.008535; 0.00083; 0.00028; false; 0.092359;0.08; 0.072128; 0.012124; 0.002364; 0.000193; 6.8e-05; false; 0.096324;0.97; 0.0627; 0.0000; 0.0093; 0.0006; 0.0000; False; 0.0099; 0.0737
/home/experiments/nfa-bench/benchmarks/presburger-explicit/complement/UltimateAutomizer/nested9_true-unreach-call.i_1578.0.mata;0.08; 0.071333; 0.008839; 0.000719; 0.000255; false; 0.091054;0.08; 0.072418; 0.008374; 0.00072; 0.000267; false; 0.092108;0.09; 0.073502; 0.012682; 0.002375; 0.000189; 7.6e-05; false; 0.098491;1.24; 0.1097; 0.0000; 0.0154; 0.0009; 0.0000; False; 0.0163; 0.1274
/home/experiments/nfa-bench/benchmarks/presburger-explicit/complement/UltimateAutomizer/nested9_true-unreach-call.i_1597.0.mata;0.11; 0.09822; 0.009963; 0.000879; 0.000321; false; 0.122495;0.11; 0.098043; 0.009368; 0.000858; 0.000313; false; 0.12164;0.11; 0.09567; 0.017831; 0.002211; 0.000173; 9.5e-05; false; 0.128219;1.17; 0.1413; 0.0000; 0.0163; 0.0010; 0.0000; False; 0.0174; 0.1602
/home/experiments/nfa-bench/benchmarks/presburger-explicit/complement/UltimateAutomizer/nested9_true-unreach-call.i_1676.0.mata;0.08; 0.073797; 0.004666; 0.000375; 0.000162; false; 0.084631;0.05; 0.049388; 0.004671; 0.000354; 0.00016; false; 0.060259;0.1; 0.083055; 0.013672; 0.002085; 0.000176; 7.5e-05; false; 0.109803;1.12; 0.1258; 0.0000; 0.0195; 0.0014; 0.0000; False; 0.0209; 0.1487
/home/experiments/nfa-bench/benchmarks/presburger-explicit/complement/UltimateAutomizer/nested9_true-unreach-call.i_1677.0.mata;0.08; 0.085784; 0.005716; 0.000461; 0.000209; false; 0.099767;0.13; 0.114741; 0.010796; 0.001091; 0.000376; false; 0.143396;0.08; 0.075003; 0.010683; 0.001161; 0.000103; 7e-05; false; 0.094402;1.11; 0.1144; 0.0000; 0.0214; 0.0014; 0.0000; False; 0.0229; 0.1393
/home/experiments/nfa-bench/benchmarks/presburger-explicit/complement/UltimateAutomizer/nested9_true-unreach-call.i_1679.0.mata;0.13; 0.112055; 0.011523; 0.000879; 0.00037; false; 0.13991;0.07; 0.061295; 0.005546; 0.000556; 0.00024; false; 0.075449;0.07; 0.061756; 0.01134; 0.001193; 9.9e-05; 7e-05; false; 0.081603;1.08; 0.0999; 0.0000; 0.0129; 0.0013; 0.0000; False; 0.0143; 0.1161
/home/experiments/nfa-bench/benchmarks/presburger-explicit/complement/UltimateAutomizer/nested9_true-unreach-call.i_17.0.mata;0.02; 0.019739; 0.001452; 0.000126; 4.9e-05; false; 0.022919;0.02; 0.020307; 0.002727; 0.000204; 9.4e-05; false; 0.026389;0.02; 0.020241; 0.003845; 0.00118; 0.0001; 5.5e-05; false; 0.028212;1.11; 0.0367; 0.0000; 0.0057; 0.0002; 0.0000; False; 0.0060; 0.0434
/home/experiments/nfa-bench/benchmarks/presburger-explicit/complement/UltimateAutomizer/nested9_true-unreach-call.i_1703.0.mata;0.09; 0.091021; 0.009239; 0.000747; 0.000306; false; 0.113603;0.1; 0.098624; 0.008561; 0.00071; 0.000462; false; 0.121192;0.12; 0.106606; 0.017032; 0.002415; 0.000254; 0.000196; false; 0.139842;1.23; 0.1341; 0.0000; 0.0156; 0.0010; 0.0000; False; 0.0167; 0.1522
/home/experiments/nfa-bench/benchmarks/presburger-explicit/complement/UltimateAutomizer/nested9_true-unreach-call.i_1707.0.mata;0.13; 0.118078; 0.011801; 0.001079; 0.000377; false; 0.147651;0.07; 0.063973; 0.00558; 0.000495; 0.00021; false; 0.078597;0.12; 0.095862; 0.02544; 0.002881; 0.000242; 0.000175; false; 0.132567;1.35; 0.1784; 0.0000; 0.0206; 0.0014; 0.0000; False; 0.0220; 0.2024
/home/experiments/nfa-bench/benchmarks/presburger-explicit/complement/UltimateAutomizer/nested9_true-unreach-call.i_1720.0.mata;0.06; 0.055909; 0.004316; 0.000371; 0.000154; false; 0.06637;0.04; 0.044027; 0.004061; 0.000353; 0.000142; false; 0.05417;0.05; 0.044565; 0.008168; 0.001195; 0.000125; 0.000105; false; 0.059464;1.05; 0.1169; 0.0000; 0.0091; 0.0010; 0.0000; False; 0.0102; 0.1283
/home/experiments/nfa-bench/benchmarks/presburger-explicit/complement/UltimateAutomizer/nested9_true-unreach-call.i_1722.0.mata;0.08; 0.084217; 0.00434; 0.000456; 0.000177; false; 0.095334;0.04; 0.044818; 0.004168; 0.000462; 0.000206; false; 0.055477;0.09; 0.079114; 0.012828; 0.002183; 0.000176; 0.00012; false; 0.105354;1.01; 0.1138; 0.0000; 0.0084; 0.0004; 0.0000; False; 0.0088; 0.1235
/home/experiments/nfa-bench/benchmarks/presburger-explicit/complement/UltimateAutomizer/nested9_true-unreach-call.i_1723.0.mata;0.09; 0.082613; 0.008312; 0.000687; 0.000275; false; 0.10333;0.09; 0.081303; 0.008391; 0.0007; 0.000262; false; 0.10288;0.1; 0.082897; 0.01468; 0.002267; 0.000188; 0.000147; false; 0.110995;1.18; 0.0989; 0.0000; 0.0123; 0.0010; 0.0000; False; 0.0134; 0.1137
/home/experiments/nfa-bench/benchmarks/presburger-explicit/complement/UltimateAutomizer/nested9_true-unreach-call.i_1726.0.mata;0.09; 0.081781; 0.0087; 0.00078; 0.000324; false; 0.101521;0.09; 0.08187; 0.008022; 0.000604; 0.00026; false; 0.100785;0.09; 0.082343; 0.014044; 0.002346; 0.000185; 0.000127; false; 0.109467;1.14; 0.0662; 0.0000; 0.0091; 0.0004; 0.0000; False; 0.0096; 0.0767
/home/experiments/nfa-bench/benchmarks/presburger-explicit/complement/UltimateAutomizer/nested9_true-unreach-call.i_1728.0.mata;0.09; 0.084846; 0.009527; 0.001479; 0.000266; false; 0.10802;0.05; 0.045336; 0.004195; 0.000407; 0.000147; false; 0.056295;0.09; 0.082705; 0.012781; 0.002229; 0.000177; 0.000137; false; 0.107825;1.17; 0.1231; 0.0000; 0.0147; 0.0011; 0.0000; False; 0.0159; 0.1407
/home/experiments/nfa-bench/benchmarks/presburger-explicit/complement/UltimateAutomizer/nested9_true-unreach-call.i_1729.0.mata;0.07; 0.0696; 0.009001; 0.000719; 0.000301; false; 0.086513;0.09; 0.082027; 0.007909; 0.000549; 0.000243; false; 0.101146;0.09; 0.079688; 0.012994; 0.002209; 0.000174; 0.000143; false; 0.105359;1.33; 0.1158; 0.0000; 0.0154; 0.0010; 0.0000; False; 0.0165; 0.1339
/home/experiments/nfa-bench/benchmarks/presburger-explicit/complement/UltimateAutomizer/nested9_true-unreach-call.i_173.0.mata;0.02; 0.024533; 0.002913; 0.000202; 8.1e-05; false; 0.031094;0.02; 0.025504; 0.002933; 0.000256; 9.4e-05; false; 0.032471;0.03; 0.025346; 0.004457; 0.001396; 0.000145; 8.5e-05; false; 0.034861;1.22; 0.0421; 0.0000; 0.0055; 0.0002; 0.0000; False; 0.0058; 0.0486
/home/experiments/nfa-bench/benchmarks/presburger-explicit/complement/UltimateAutomizer/nested9_true-unreach-call.i_1732.0.mata;0.09; 0.082023; 0.009342; 0.000566; 0.000248; false; 0.103504;0.09; 0.082696; 0.008452; 0.00086; 0.000283; false; 0.103825;0.09; 0.074747; 0.014919; 0.002633; 0.000243; 0.000132; false; 0.102423;1.15; 0.0675; 0.0000; 0.0100; 0.0011; 0.0000; False; 0.0112; 0.0801
/home/experiments/nfa-bench/benchmarks/presburger-explicit/complement/UltimateAutomizer/nested9_true-unreach-call.i_1736.0.mata;0.06; 0.065979; 0.004161; 0.00038; 0.000146; false; 0.076315;0.04; 0.044017; 0.004242; 0.000382; 0.000147; false; 0.054546;0.04; 0.043416; 0.00775; 0.001178; 0.000123; 7.9e-05; false; 0.058319;1.11; 0.1563; 0.0000; 0.0189; 0.0008; 0.0000; False; 0.0198; 0.1775
/home/experiments/nfa-bench/benchmarks/presburger-explicit/complement/UltimateAutomizer/nested9_true-unreach-call.i_1737.0.mata;0.06; 0.047563; 0.009148; 0.000909; 0.000269; false; 0.068674;0.05; 0.04908; 0.004289; 0.000565; 0.000239; false; 0.060179;0.05; 0.043004; 0.008147; 0.001197; 0.000128; 9.7e-05; false; 0.057697;1.08; 0.0948; 0.0000; 0.0151; 0.0007; 0.0000; False; 0.0159; 0.1120
/home/experiments/nfa-bench/benchmarks/presburger-explicit/complement/UltimateAutomizer/nested9_true-unreach-call.i_1738.0.mata;0.09; 0.08141; 0.009408; 0.000947; 0.000338; false; 0.104092;0.09; 0.080461; 0.007876; 0.000672; 0.000267; false; 0.101247;0.09; 0.078496; 0.013607; 0.002195; 0.000185; 0.000137; false; 0.104958;1.26; 0.1159; 0.0000; 0.0137; 0.0009; 0.0000; False; 0.0146; 0.1318
/home/experiments/nfa-bench/benchmarks/presburger-explicit/complement/UltimateAutomizer/nested9_true-unreach-call.i_1739.0.mata;0.09; 0.083097; 0.009081; 0.00072; 0.000294; false; 0.104434;0.09; 0.07656; 0.007824; 0.000609; 0.000254; false; 0.096552;0.09; 0.085779; 0.012532; 0.002216; 0.000188; 0.00013; false; 0.110828;1.35; 0.1243; 0.0000; 0.0160; 0.0012; 0.0000; False; 0.0173; 0.1433
/home/experiments/nfa-bench/benchmarks/presburger-explicit/complement/UltimateAutomizer/nested9_true-unreach-call.i_1741.0.mata;0.06; 0.05934; 0.004258; 0.000409; 0.000146; false; 0.073818;0.08; 0.079486; 0.008505; 0.0008; 0.000314; false; 0.100697;0.05; 0.044832; 0.007649; 0.001146; 0.000108; 8.1e-05; false; 0.059218;0.97; 0.0669; 0.0000; 0.0084; 0.0005; 0.0000; False; 0.0090; 0.0769
/home/experiments/nfa-bench/benchmarks/presburger-explicit/complement/UltimateAutomizer/nested9_true-unreach-call.i_1748.0.mata;0.07; 0.060491; 0.007825; 0.000609; 0.00021; false; 0.078042;0.07; 0.059804; 0.00716; 0.000614; 0.000224; false; 0.076401;0.07; 0.058496; 0.011609; 0.002357; 0.000194; 6.3e-05; false; 0.080589;1.2; 0.0939; 0.0000; 0.0077; 0.0007; 0.0000; False; 0.0084; 0.1032
/home/experiments/nfa-bench/benchmarks/presburger-explicit/complement/UltimateAutomizer/nested9_true-unreach-call.i_1749.0.mata;0.09; 0.082949; 0.008469; 0.000782; 0.00028; false; 0.103993;0.09; 0.080424; 0.007777; 0.000616; 0.000246; false; 0.100314;0.06; 0.053183; 0.007762; 0.001149; 0.000108; 8.9e-05; false; 0.067497;1.0; 0.0939; 0.0000; 0.0160; 0.0007; 0.0000; False; 0.0167; 0.1118
/home/experiments/nfa-bench/benchmarks/presburger-explicit/complement/UltimateAutomizer/nested9_true-unreach-call.i_175.0.mata;0.03; 0.025082; 0.002975; 0.000209; 9e-05; false; 0.031844;0.03; 0.024775; 0.002878; 0.000305; 9.8e-05; false; 0.031801;0.02; 0.024995; 0.00422; 0.001363; 0.000115; 6.7e-05; false; 0.03396;1.24; 0.0433; 0.0000; 0.0060; 0.0002; 0.0000; False; 0.0063; 0.0502
/home/experiments/nfa-bench/benchmarks/presburger-explicit/complement/UltimateAutomizer/nested9_true-unreach-call.i_1752.0.mata;0.07; 0.060299; 0.00752; 0.000689; 0.000225; false; 0.077342;0.07; 0.059464; 0.007025; 0.00062; 0.000222; false; 0.075727;0.05; 0.033676; 0.00994; 0.0024; 0.000194; 6.3e-05; false; 0.053397;1.3; 0.0933; 0.0000; 0.0156; 0.0012; 0.0000; False; 0.0169; 0.1117
/home/experiments/nfa-bench/benchmarks/presburger-explicit/complement/UltimateAutomizer/nested9_true-unreach-call.i_1755.0.mata;0.06; 0.059017; 0.007543; 0.000503; 0.000227; false; 0.074685;0.06; 0.058536; 0.007706; 0.000494; 0.000236; false; 0.074405;0.07; 0.060112; 0.010515; 0.002185; 0.00021; 6.8e-05; false; 0.080348;1.06; 0.0726; 0.0000; 0.0141; 0.0007; 0.0000; False; 0.0149; 0.0887
/home/experiments/nfa-bench/benchmarks/presburger-explicit/complement/UltimateAutomizer/nested9_true-unreach-call.i_1758.0.mata;0.06; 0.055409; 0.007458; 0.000741; 0.000205; false; 0.071443;0.06; 0.054761; 0.006272; 0.000497; 0.000184; false; 0.069074;0.06; 0.061066; 0.010722; 0.002285; 0.000174; 5.9e-05; false; 0.082012;1.26; 0.0947; 0.0000; 0.0133; 0.0008; 0.0000; False; 0.0142; 0.1101
/home/experiments/nfa-bench/benchmarks/presburger-explicit/complement/UltimateAutomizer/nested9_true-unreach-call.i_1761.0.mata;0.03; 0.03284; 0.003804; 0.000364; 0.000129; false; 0.041304;0.05; 0.052462; 0.003658; 0.000332; 0.000145; false; 0.060854;0.07; 0.060401; 0.01134; 0.002402; 0.000259; 7.6e-05; false; 0.082538;0.97; 0.0676; 0.0000; 0.0091; 0.0008; 0.0000; False; 0.0100; 0.0789
/home/experiments/nfa-bench/benchmarks/presburger-explicit/complement/UltimateAutomizer/nested9_true-unreach-call.i_1764.0.mata;0.06; 0.059298; 0.007552; 0.000831; 0.000213; false; 0.076427;0.06; 0.059068; 0.006837; 0.000534; 0.00024; false; 0.07419;0.07; 0.057671; 0.010255; 0.002331; 0.000206; 6.3e-05; false; 0.078215;1.2; 0.0529; 0.0000; 0.0085; 0.0006; 0.0000; False; 0.0092; 0.0631
/home/experiments/nfa-bench/benchmarks/presburger-explicit/complement/UltimateAutomizer/nested9_true-unreach-call.i_1767.0.mata;0.06; 0.061136; 0.007831; 0.000911; 0.000246; false; 0.078755;0.05; 0.048487; 0.007041; 0.000701; 0.000237; false; 0.064827;0.07; 0.059414; 0.011337; 0.002439; 0.000233; 7.9e-05; false; 0.081661;1.26; 0.0922; 0.0000; 0.0136; 0.0010; 0.0000; False; 0.0146; 0.1083
/home/experiments/nfa-bench/benchmarks/presburger-explicit/complement/UltimateAutomizer/nested9_true-unreach-call.i_1770.0.mata;0.03; 0.032956; 0.003829; 0.000355; 0.000127; false; 0.041558;0.05; 0.050404; 0.00377; 0.000394; 0.000131; false; 0.059034;0.04; 0.032916; 0.00583; 0.001168; 0.000113; 3.7e-05; false; 0.043939;1.17; 0.0740; 0.0000; 0.0135; 0.0008; 0.0000; False; 0.0144; 0.0897
/home/experiments/nfa-bench/benchmarks/presburger-explicit/complement/UltimateAutomizer/nested9_true-unreach-call.i_1777.0.mata;0.05; 0.048166; 0.004765; 0.00043; 0.000178; false; 0.060001;0.08; 0.076191; 0.008844; 0.000645; 0.00028; false; 0.097026;0.07; 0.066915; 0.008913; 0.001243; 0.000147; 7.9e-05; false; 0.083074;1.07; 0.0736; 0.0000; 0.0190; 0.0009; 0.0000; False; 0.0200; 0.0951
/home/experiments/nfa-bench/benchmarks/presburger-explicit/complement/UltimateAutomizer/nested9_true-unreach-call.i_1778.0.mata;0.07; 0.072872; 0.004192; 0.00047; 0.000195; false; 0.083318;0.09; 0.082141; 0.008095; 0.000747; 0.000296; false; 0.103091;0.1; 0.082711; 0.015053; 0.002381; 0.000225; 0.000185; false; 0.111267;1.28; 0.1222; 0.0000; 0.0144; 0.0008; 0.0000; False; 0.0153; 0.1388
/home/experiments/nfa-bench/benchmarks/presburger-explicit/complement/UltimateAutomizer/nested9_true-unreach-call.i_1781.0.mata;0.1; 0.090167; 0.009251; 0.000788; 0.000305; false; 0.112913;0.09; 0.089944; 0.004615; 0.00041; 0.000172; false; 0.106143;0.05; 0.04762; 0.008774; 0.001241; 0.000136; 7.3e-05; false; 0.063748;1.31; 0.1328; 0.0000; 0.0180; 0.0014; 0.0000; False; 0.0195; 0.1543
/home/experiments/nfa-bench/benchmarks/presburger-explicit/complement/UltimateAutomizer/nested9_true-unreach-call.i_1784.0.mata;0.03; 0.034299; 0.003827; 0.000434; 0.000155; false; 0.04302;0.05; 0.052481; 0.003715; 0.000331; 0.000125; false; 0.06099;0.07; 0.055532; 0.011069; 0.00241; 0.000225; 7.9e-05; false; 0.076412;1.24; 0.0861; 0.0000; 0.0111; 0.0006; 0.0000; False; 0.0118; 0.0989
/home/experiments/nfa-bench/benchmarks/presburger-explicit/complement/UltimateAutomizer/nested9_true-unreach-call.i_1785.0.mata;0.1; 0.090449; 0.010149; 0.00119; 0.00048; false; 0.114998;0.05; 0.050857; 0.004807; 0.000555; 0.000223; false; 0.063627;0.1; 0.086801; 0.013681; 0.002254; 0.000195; 0.0001; false; 0.113824;1.02; 0.0948; 0.0000; 0.0096; 0.0006; 0.0000; False; 0.0102; 0.1061
/home/experiments/nfa-bench/benchmarks/presburger-explicit/complement/UltimateAutomizer/nested9_true-unreach-call.i_1786.0.mata;0.07; 0.062358; 0.004714; 0.000416; 0.000167; false; 0.073732;0.1; 0.087972; 0.009071; 0.000739; 0.000294; false; 0.109178;0.05; 0.048133; 0.008449; 0.00125; 0.000114; 5.4e-05; false; 0.063647;1.23; 0.1174; 0.0000; 0.0089; 0.0005; 0.0000; False; 0.0095; 0.1281
/home/experiments/nfa-bench/benchmarks/presburger-explicit/complement/UltimateAutomizer/nested9_true-unreach-call.i_1789.0.mata;0.07; 0.048752; 0.010345; 0.001091; 0.000353; false; 0.072827;0.06; 0.058503; 0.004612; 0.000402; 0.000172; false; 0.069836;0.05; 0.047671; 0.008234; 0.001188; 0.000122; 5.4e-05; false; 0.063343;1.16; 0.1301; 0.0000; 0.0159; 0.0008; 0.0000; False; 0.0169; 0.1483
/home/experiments/nfa-bench/benchmarks/presburger-explicit/complement/UltimateAutomizer/nested9_true-unreach-call.i_179.0.mata;0.03; 0.025858; 0.003093; 0.000262; 0.000103; false; 0.032974;0.02; 0.024711; 0.001501; 0.000117; 5.2e-05; false; 0.029486;0.03; 0.025437; 0.004529; 0.001373; 0.000113; 6e-05; false; 0.035249;1.1; 0.0237; 0.0000; 0.0034; 0.0001; 0.0000; False; 0.0036; 0.0277
/home/experiments/nfa-bench/benchmarks/presburger-explicit/complement/UltimateAutomizer/nested9_true-unreach-call.i_1792.0.mata;0.09; 0.084027; 0.008532; 0.000747; 0.000288; false; 0.105661;0.09; 0.083209; 0.007878; 0.000635; 0.000286; false; 0.103952;0.1; 0.091053; 0.013649; 0.002266; 0.000178; 9.2e-05; false; 0.118862;1.06; 0.0873; 0.0000; 0.0175; 0.0011; 0.0000; False; 0.0186; 0.1076
/home/experiments/nfa-bench/benchmarks/presburger-explicit/complement/UltimateAutomizer/nested9_true-unreach-call.i_1795.0.mata;0.1; 0.09155; 0.010138; 0.001028; 0.000374; false; 0.114478;0.1; 0.086651; 0.009278; 0.000844; 0.000294; false; 0.109644;0.1; 0.089796; 0.014233; 0.002299; 0.000193; 8.9e-05; false; 0.118233;1.31; 0.1308; 0.0000; 0.0155; 0.0008; 0.0000; False; 0.0164; 0.1486
/home/experiments/nfa-bench/benchmarks/presburger-explicit/complement/UltimateAutomizer/nested9_true-unreach-call.i_1798.0.mata;0.1; 0.08783; 0.009555; 0.000754; 0.000306; false; 0.111266;0.07; 0.052134; 0.009346; 0.000858; 0.000338; false; 0.073947;0.1; 0.090103; 0.018215; 0.002483; 0.000269; 0.000127; false; 0.122876;1.3; 0.1329; 0.0000; 0.0172; 0.0009; 0.0000; False; 0.0181; 0.1524
/home/experiments/nfa-bench/benchmarks/presburger-explicit/complement/UltimateAutomizer/nested9_true-unreach-call.i_1817.0.mata;0.11; 0.097785; 0.009703; 0.001295; 0.000373; false; 0.121187;0.09; 0.087674; 0.008962; 0.000811; 0.000297; false; 0.111011;0.11; 0.090003; 0.017088; 0.002287; 0.000201; 8.9e-05; false; 0.121552;1.21; 0.0747; 0.0000; 0.0117; 0.0012; 0.0000; False; 0.0130; 0.0895
/home/experiments/nfa-bench/benchmarks/presburger-explicit/complement/UltimateAutomizer/nested9_true-unreach-call.i_1847.0.mata;0.03; 0.032341; 0.003748; 0.000311; 0.000123; false; 0.040717;0.05; 0.051834; 0.003576; 0.00029; 0.000124; false; 0.060003;0.06; 0.059091; 0.009936; 0.002231; 0.000192; 6.2e-05; false; 0.079077;1.29; 0.0972; 0.0000; 0.0146; 0.0009; 0.0000; False; 0.0156; 0.1141
/home/experiments/nfa-bench/benchmarks/presburger-explicit/complement/UltimateAutomizer/nested9_true-unreach-call.i_187.0.mata;0.01; 0.012957; 0.001529; 0.00012; 5.1e-05; false; 0.016448;0.01; 0.01301; 0.001486; 0.00012; 5e-05; false; 0.016485;0.01; 0.012701; 0.002587; 0.000724; 7.1e-05; 3.6e-05; false; 0.017884;0.99; 0.0231; 0.0000; 0.0033; 0.0001; 0.0000; False; 0.0034; 0.0270
/home/experiments/nfa-bench/benchmarks/presburger-explicit/complement/UltimateAutomizer/nested9_true-unreach-call.i_1874.0.mata;0.05; 0.055397; 0.003242; 0.000267; 0.000109; false; 0.063105;0.03; 0.031878; 0.003049; 0.000236; 0.00011; false; 0.039328;0.03; 0.030643; 0.006544; 0.001167; 0.000108; 6.6e-05; false; 0.042257;0.99; 0.0552; 0.0000; 0.0083; 0.0006; 0.0000; False; 0.0090; 0.0653
/home/experiments/nfa-bench/benchmarks/presburger-explicit/complement/UltimateAutomizer/nested9_true-unreach-call.i_1875.0.mata;0.06; 0.058658; 0.005695; 0.000471; 0.000217; false; 0.072665;0.07; 0.059738; 0.006244; 0.000607; 0.000226; false; 0.075311;0.08; 0.061922; 0.013766; 0.002596; 0.000304; 0.000173; false; 0.087322;1.26; 0.0926; 0.0000; 0.0128; 0.0008; 0.0000; False; 0.0137; 0.1077
/home/experiments/nfa-bench/benchmarks/presburger-explicit/complement/UltimateAutomizer/nested9_true-unreach-call.i_1877.0.mata;0.06; 0.058801; 0.006619; 0.000475; 0.000207; false; 0.071897;0.03; 0.037922; 0.003206; 0.000437; 0.000153; false; 0.045975;0.07; 0.055507; 0.014686; 0.002368; 0.000381; 0.000221; false; 0.081296;1.27; 0.0824; 0.0000; 0.0103; 0.0004; 0.0000; False; 0.0108; 0.0942
/home/experiments/nfa-bench/benchmarks/presburger-explicit/complement/UltimateAutomizer/nested9_true-unreach-call.i_1878.0.mata;0.03; 0.032894; 0.003459; 0.000565; 0.000149; false; 0.041538;0.06; 0.054463; 0.005746; 0.000895; 0.000296; false; 0.069715;0.07; 0.056084; 0.012279; 0.001916; 0.000166; 0.000108; false; 0.078142;1.13; 0.0893; 0.0000; 0.0117; 0.0005; 0.0000; False; 0.0123; 0.1027
/home/experiments/nfa-bench/benchmarks/presburger-explicit/complement/UltimateAutomizer/nested9_true-unreach-call.i_1879.0.mata;0.06; 0.05741; 0.007293; 0.000415; 0.000191; false; 0.072884;0.07; 0.059164; 0.006061; 0.000543; 0.000201; false; 0.073307;0.07; 0.061869; 0.010402; 0.00228; 0.000183; 0.000113; false; 0.08168;1.03; 0.0565; 0.0000; 0.0082; 0.0005; 0.0000; False; 0.0088; 0.0664
/home/experiments/nfa-bench/benchmarks/presburger-explicit/complement/UltimateAutomizer/nested9_true-unreach-call.i_1887.0.mata;0.06; 0.060167; 0.003416; 0.00038; 0.000148; false; 0.068372;0.05; 0.056334; 0.003128; 0.000373; 0.000131; false; 0.064067;0.07; 0.059209; 0.011267; 0.00219; 0.000176; 0.000112; false; 0.080472;0.97; 0.0508; 0.0000; 0.0068; 0.0003; 0.0000; False; 0.0071; 0.0588
/home/experiments/nfa-bench/benchmarks/presburger-explicit/complement/UltimateAutomizer/nested9_true-unreach-call.i_1897.0.mata;0.06; 0.060382; 0.006583; 0.000607; 0.000212; false; 0.076076;0.06; 0.057129; 0.005767; 0.000413; 0.000186; false; 0.071353;0.07; 0.059613; 0.011703; 0.002296; 0.000227; 0.000132; false; 0.081583;1.14; 0.0485; 0.0000; 0.0065; 0.0003; 0.0000; False; 0.0069; 0.0560
/home/experiments/nfa-bench/benchmarks/presburger-explicit/complement/UltimateAutomizer/nested9_true-unreach-call.i_277.0.mata;0.04; 0.038707; 0.00535; 0.000398; 0.000171; false; 0.050596;0.05; 0.042789; 0.005171; 0.00071; 0.000215; false; 0.055378;0.05; 0.042487; 0.007906; 0.001517; 0.000132; 8.1e-05; false; 0.057652;1.04; 0.0385; 0.0000; 0.0064; 0.0003; 0.0000; False; 0.0068; 0.0460
/home/experiments/nfa-bench/benchmarks/presburger-explicit/complement/UltimateAutomizer/nested9_true-unreach-call.i_357.0.mata;0.03; 0.027252; 0.003489; 0.000267; 0.000104; false; 0.03512;0.02; 0.022125; 0.003876; 0.000451; 0.000121; false; 0.030523;0.03; 0.024556; 0.005493; 0.001595; 0.000127; 6.6e-05; false; 0.035594;1.18; 0.0276; 0.0000; 0.0076; 0.0003; 0.0000; False; 0.0079; 0.0362
/home/experiments/nfa-bench/benchmarks/presburger-explicit/complement/UltimateAutomizer/nested9_true-unreach-call.i_378.0.mata;0.02; 0.026822; 0.001875; 0.000155; 6.1e-05; false; 0.030902;0.03; 0.027444; 0.003625; 0.000247; 0.000107; false; 0.035704;0.03; 0.027714; 0.00557; 0.001631; 0.000138; 2.9e-05; false; 0.038991;1.21; 0.0454; 0.0000; 0.0076; 0.0004; 0.0000; False; 0.0081; 0.0543
/home/experiments/nfa-bench/benchmarks/presburger-explicit/complement/UltimateAutomizer/nested9_true-unreach-call.i_379.0.mata;0.02; 0.027191; 0.003801; 0.000434; 0.000114; false; 0.03528;0.03; 0.027349; 0.003481; 0.00025; 0.000114; false; 0.035127;0.03; 0.028735; 0.005384; 0.001676; 0.00014; 7.1e-05; false; 0.039928;1.14; 0.0258; 0.0000; 0.0042; 0.0002; 0.0000; False; 0.0044; 0.0307
/home/experiments/nfa-bench/benchmarks/presburger-explicit/complement/UltimateAutomizer/nested9_true-unreach-call.i_447.0.mata;0.01; 0.015375; 0.00185; 8.7e-05; 5.5e-05; false; 0.019551;0.01; 0.014403; 0.00181; 8.7e-05; 5.3e-05; false; 0.018482;0.02; 0.015938; 0.00298; 0.000667; 6.5e-05; 3.6e-05; false; 0.021927;1.19; 0.0271; 0.0000; 0.0031; 0.0001; 0.0000; False; 0.0032; 0.0308
/home/experiments/nfa-bench/benchmarks/presburger-explicit/complement/UltimateAutomizer/nested9_true-unreach-call.i_470.0.mata;0.02; 0.020641; 0.002303; 0.000131; 8.7e-05; false; 0.026117;0.02; 0.021193; 0.002186; 9.8e-05; 0.000102; false; 0.026461;0.02; 0.020656; 0.003965; 0.0007; 6.7e-05; 5.6e-05; false; 0.028139;1.05; 0.0375; 0.0000; 0.0053; 0.0002; 0.0000; False; 0.0055; 0.0437
/home/experiments/nfa-bench/benchmarks/presburger-explicit/complement/UltimateAutomizer/nested9_true-unreach-call.i_473.0.mata;0.04; 0.039608; 0.004513; 0.000169; 0.000132; false; 0.049928;0.04; 0.038649; 0.004271; 0.000178; 0.000133; false; 0.048843;0.04; 0.03567; 0.007798; 0.001479; 0.000147; 0.000106; false; 0.050117;1.28; 0.0593; 0.0000; 0.0089; 0.0004; 0.0000; False; 0.0094; 0.0697
/home/experiments/nfa-bench/benchmarks/presburger-explicit/complement/UltimateAutomizer/nested9_true-unreach-call.i_497.0.mata;0.04; 0.038088; 0.004382; 0.000301; 0.000133; false; 0.048158;0.02; 0.020116; 0.002177; 0.000189; 7.7e-05; false; 0.025232;0.02; 0.020983; 0.004034; 0.000867; 8.4e-05; 4.6e-05; false; 0.028595;1.23; 0.0626; 0.0000; 0.0097; 0.0004; 0.0000; False; 0.0102; 0.0738
/home/experiments/nfa-bench/benchmarks/presburger-explicit/complement/UltimateAutomizer/nested9_true-unreach-call.i_507.0.mata;0.05; 0.050528; 0.004767; 0.000394; 0.000169; false; 0.062681;0.03; 0.029729; 0.002871; 0.000247; 0.000101; false; 0.036732;0.05; 0.042681; 0.010007; 0.001976; 0.000222; 0.000122; false; 0.061882;1.06; 0.0451; 0.0000; 0.0056; 0.0002; 0.0000; False; 0.0059; 0.0517
/home/experiments/nfa-bench/benchmarks/presburger-explicit/complement/UltimateAutomizer/nested9_true-unreach-call.i_527.0.mata;0.01; 0.01307; 0.002059; 0.000146; 6.1e-05; false; 0.017158;0.01; 0.011174; 0.001798; 0.000148; 6.9e-05; false; 0.014872;0.01; 0.01374; 0.002252; 0.001071; 9e-05; 3.9e-05; false; 0.019031;1.09; 0.0241; 0.0000; 0.0043; 0.0002; 0.0000; False; 0.0046; 0.0292
/home/experiments/nfa-bench/benchmarks/presburger-explicit/complement/UltimateAutomizer/nested9_true-unreach-call.i_537.0.mata;0.01; 0.010221; 0.001416; 0.00013; 4.4e-05; false; 0.01311;0.01; 0.015862; 0.00247; 0.000174; 7.8e-05; false; 0.020912;0.02; 0.0166; 0.002529; 0.00095; 9.4e-05; 4.3e-05; false; 0.022343;1.09; 0.0310; 0.0000; 0.0056; 0.0002; 0.0000; False; 0.0059; 0.0375
/home/experiments/nfa-bench/benchmarks/presburger-explicit/complement/UltimateAutomizer/nested9_true-unreach-call.i_573.0.mata;0.01; 0.008173; 0.001282; 0.000128; 4.2e-05; false; 0.010826;0.01; 0.008044; 0.001272; 0.000115; 4.2e-05; false; 0.010699;0.01; 0.007693; 0.001466; 0.000513; 5.4e-05; 2.5e-05; false; 0.010857;1.08; 0.0259; 0.0000; 0.0027; 0.0001; 0.0000; False; 0.0029; 0.0292
/home/experiments/nfa-bench/benchmarks/presburger-explicit/complement/UltimateAutomizer/nested9_true-unreach-call.i_574.0.mata;0.02; 0.0177; 0.002984; 0.000243; 7.9e-05; false; 0.023844;0.02; 0.019471; 0.00317; 0.000227; 9.3e-05; false; 0.025663;0.02; 0.019234; 0.002982; 0.000857; 8.4e-05; 4.1e-05; false; 0.025946;1.2; 0.0361; 0.0000; 0.0071; 0.0004; 0.0000; False; 0.0075; 0.0444
/home/experiments/nfa-bench/benchmarks/presburger-explicit/complement/UltimateAutomizer/nested9_true-unreach-call.i_575.0.mata;0.01; 0.009262; 0.001465; 0.000121; 4.5e-05; false; 0.012229;0.01; 0.009152; 0.003133; 0.000214; 0.000101; false; 0.014818;0.02; 0.017858; 0.002586; 0.001071; 0.000106; 4.4e-05; false; 0.024161;1.14; 0.0309; 0.0000; 0.0054; 0.0003; 0.0000; False; 0.0058; 0.0373
/home/experiments/nfa-bench/benchmarks/presburger-explicit/complement/UltimateAutomizer/nested9_true-unreach-call.i_627.0.mata;0.03; 0.026759; 0.00345; 0.000347; 0.000113; false; 0.034712;0.02; 0.023566; 0.003702; 0.000378; 0.000153; false; 0.032149;0.03; 0.027291; 0.00563; 0.0016; 0.000189; 7.7e-05; false; 0.038563;1.2; 0.0275; 0.0000; 0.0045; 0.0002; 0.0000; False; 0.0048; 0.0329
/home/experiments/nfa-bench/benchmarks/presburger-explicit/complement/UltimateAutomizer/nested9_true-unreach-call.i_637.0.mata;0.05; 0.042108; 0.004867; 0.000418; 0.000149; false; 0.053742;0.04; 0.040715; 0.004482; 0.000383; 0.000148; false; 0.051635;0.04; 0.031211; 0.006822; 0.001518; 0.000113; 8e-05; false; 0.044518;0.95; 0.0371; 0.0000; 0.0058; 0.0002; 0.0000; False; 0.0061; 0.0439
/home/experiments/nfa-bench/benchmarks/presburger-explicit/complement/UltimateAutomizer/nested9_true-unreach-call.i_670.0.mata;0.02; 0.022259; 0.003368; 0.000197; 0.000108; false; 0.029306;0.02; 0.021905; 0.003053; 0.000138; 9.8e-05; false; 0.028517;0.02; 0.021521; 0.004497; 0.000871; 5.1e-05; 5e-05; false; 0.030144;1.14; 0.0244; 0.0000; 0.0030; 0.0001; 0.0000; False; 0.0031; 0.0280
/home/experiments/nfa-bench/benchmarks/presburger-explicit/complement/UltimateAutomizer/nested9_true-unreach-call.i_7.0.mata;0.0; 0.005193; 0.000816; 8.2e-05; 2.8e-05; false; 0.006947;0.0; 0.005301; 0.00084; 8.6e-05; 4.5e-05; false; 0.007157;0.01; 0.010762; 0.002096; 0.000708; 8e-05; 3e-05; false; 0.015246;1.02; 0.0236; 0.0000; 0.0032; 0.0001; 0.0000; False; 0.0033; 0.0273
/home/experiments/nfa-bench/benchmarks/presburger-explicit/complement/UltimateAutomizer/nested9_true-unreach-call.i_703.0.mata;0.09; 0.089122; 0.008984; 0.000794; 0.000278; false; 0.111868;0.1; 0.087946; 0.008648; 0.000803; 0.000285; false; 0.110256;0.07; 0.072149; 0.007963; 0.001185; 0.000107; 8.2e-05; false; 0.087146;1.31; 0.1279; 0.0000; 0.0142; 0.0008; 0.0000; False; 0.0151; 0.1443
/home/experiments/nfa-bench/benchmarks/presburger-explicit/complement/UltimateAutomizer/nested9_true-unreach-call.i_707.0.mata;0.09; 0.083497; 0.008596; 0.000745; 0.000303; false; 0.103923;0.09; 0.081575; 0.008262; 0.000553; 0.000265; false; 0.101402;0.1; 0.088516; 0.013593; 0.002242; 0.000212; 0.000166; false; 0.115095;1.26; 0.1200; 0.0000; 0.0097; 0.0007; 0.0000; False; 0.0105; 0.1316
/home/experiments/nfa-bench/benchmarks/presburger-explicit/complement/UltimateAutomizer/nested9_true-unreach-call.i_71.0.mata;0.03; 0.027404; 0.003775; 0.000256; 0.000108; false; 0.035023;0.02; 0.024775; 0.003591; 0.000243; 0.000106; false; 0.032283;0.03; 0.026501; 0.004876; 0.00145; 0.000179; 6.9e-05; false; 0.03679;1.1; 0.0445; 0.0000; 0.0077; 0.0003; 0.0000; False; 0.0081; 0.0535
/home/experiments/nfa-bench/benchmarks/presburger-explicit/complement/UltimateAutomizer/nested9_true-unreach-call.i_713.0.mata;0.1; 0.091564; 0.008612; 0.000569; 0.000259; false; 0.113048;0.07; 0.068019; 0.004254; 0.000679; 0.000223; false; 0.083281;0.07; 0.067963; 0.008599; 0.00116; 0.000134; 0.000187; false; 0.083778;1.06; 0.0702; 0.0000; 0.0093; 0.0006; 0.0000; False; 0.0100; 0.0813
/home/experiments/nfa-bench/benchmarks/presburger-explicit/complement/UltimateAutomizer/nested9_true-unreach-call.i_720.0.mata;0.07; 0.059835; 0.009393; 0.00091; 0.000179; false; 0.080563;0.09; 0.085033; 0.004181; 0.000353; 0.000157; false; 0.095612;0.05; 0.044181; 0.008764; 0.001098; 0.000133; 0.000103; false; 0.05971;1.13; 0.1262; 0.0000; 0.0162; 0.0010; 0.0000; False; 0.0173; 0.1450
/home/experiments/nfa-bench/benchmarks/presburger-explicit/complement/UltimateAutomizer/nested9_true-unreach-call.i_725.0.mata;0.09; 0.086714; 0.008813; 0.000743; 0.000286; false; 0.10782;0.1; 0.083167; 0.008133; 0.000657; 0.000277; false; 0.104279;0.1; 0.08062; 0.014037; 0.002073; 0.000172; 0.000133; false; 0.107531;1.15; 0.0971; 0.0000; 0.0092; 0.0006; 0.0000; False; 0.0099; 0.1081
/home/experiments/nfa-bench/benchmarks/presburger-explicit/complement/UltimateAutomizer/nested9_true-unreach-call.i_728.0.mata;0.09; 0.084873; 0.008908; 0.000866; 0.000312; false; 0.107142;0.1; 0.084904; 0.008663; 0.000861; 0.000354; false; 0.106906;0.1; 0.089242; 0.013015; 0.002067; 0.000195; 0.000142; false; 0.114778;1.03; 0.0707; 0.0000; 0.0091; 0.0006; 0.0000; False; 0.0097; 0.0814
/home/experiments/nfa-bench/benchmarks/presburger-explicit/complement/UltimateAutomizer/nested9_true-unreach-call.i_73.0.mata;0.03; 0.028468; 0.003746; 0.000335; 8.8e-05; false; 0.036202;0.03; 0.027541; 0.003578; 0.000223; 0.000103; false; 0.034976;0.02; 0.016439; 0.00528; 0.001615; 0.000125; 3.3e-05; false; 0.027279;1.29; 0.0449; 0.0000; 0.0068; 0.0003; 0.0000; False; 0.0071; 0.0528
/home/experiments/nfa-bench/benchmarks/presburger-explicit/complement/UltimateAutomizer/nested9_true-unreach-call.i_744.0.mata;0.08; 0.065616; 0.007502; 0.000708; 0.000279; false; 0.083483;0.06; 0.05425; 0.007348; 0.000502; 0.000239; false; 0.071504;0.08; 0.06735; 0.011237; 0.001865; 0.000172; 0.000115; false; 0.08972;1.17; 0.0974; 0.0000; 0.0120; 0.0007; 0.0000; False; 0.0128; 0.1113
/home/experiments/nfa-bench/benchmarks/presburger-explicit/complement/UltimateAutomizer/nested9_true-unreach-call.i_746.0.mata;0.08; 0.071358; 0.007225; 0.000512; 0.000224; false; 0.088021;0.07; 0.073152; 0.00676; 0.000577; 0.000242; false; 0.089559;0.08; 0.070391; 0.011928; 0.002174; 0.000182; 0.000123; false; 0.093731;1.23; 0.1048; 0.0000; 0.0101; 0.0007; 0.0000; False; 0.0109; 0.1170
/home/experiments/nfa-bench/benchmarks/presburger-explicit/complement/UltimateAutomizer/nested9_true-unreach-call.i_751.0.mata;0.08; 0.071667; 0.007291; 0.00072; 0.000263; false; 0.08992;0.08; 0.070568; 0.006709; 0.000587; 0.000228; false; 0.088059;0.08; 0.069533; 0.012166; 0.002158; 0.000162; 0.000123; false; 0.092557;1.19; 0.0846; 0.0000; 0.0138; 0.0006; 0.0000; False; 0.0144; 0.1000
/home/experiments/nfa-bench/benchmarks/presburger-explicit/complement/UltimateAutomizer/nested9_true-unreach-call.i_753.0.mata;0.04; 0.039622; 0.003584; 0.000314; 0.000126; false; 0.048624;0.06; 0.048986; 0.007285; 0.000798; 0.000259; false; 0.066884;0.04; 0.039748; 0.006991; 0.001105; 0.000105; 7.3e-05; false; 0.053257;1.17; 0.1071; 0.0000; 0.0134; 0.0008; 0.0000; False; 0.0143; 0.1226
/home/experiments/nfa-bench/benchmarks/presburger-explicit/complement/UltimateAutomizer/nested9_true-unreach-call.i_755.0.mata;0.05; 0.037808; 0.00765; 0.000546; 0.000243; false; 0.055936;0.07; 0.068422; 0.003598; 0.000313; 0.00013; false; 0.077563;0.04; 0.037784; 0.007029; 0.001106; 0.000107; 7.2e-05; false; 0.050773;1.11; 0.1092; 0.0000; 0.0123; 0.0006; 0.0000; False; 0.0130; 0.1232
/home/experiments/nfa-bench/benchmarks/presburger-explicit/complement/UltimateAutomizer/nested9_true-unreach-call.i_762.0.mata;0.07; 0.063053; 0.006435; 0.000505; 0.0002; false; 0.078952;0.07; 0.066416; 0.006945; 0.000666; 0.000226; false; 0.083691;0.04; 0.035926; 0.005874; 0.001111; 0.000122; 9.2e-05; false; 0.04729;1.27; 0.1000; 0.0000; 0.0128; 0.0005; 0.0000; False; 0.0134; 0.1145
/home/experiments/nfa-bench/benchmarks/presburger-explicit/complement/UltimateAutomizer/nested9_true-unreach-call.i_763.0.mata;0.04; 0.038945; 0.003734; 0.000464; 0.000155; false; 0.048396;0.07; 0.069898; 0.006675; 0.000509; 0.000224; false; 0.08734;0.08; 0.071794; 0.011132; 0.002049; 0.000171; 0.000117; false; 0.094156;1.14; 0.1047; 0.0000; 0.0131; 0.0010; 0.0000; False; 0.0143; 0.1202
/home/experiments/nfa-bench/benchmarks/presburger-explicit/complement/UltimateAutomizer/nested9_true-unreach-call.i_766.0.mata;0.07; 0.066249; 0.006927; 0.000648; 0.000334; false; 0.083105;0.07; 0.058575; 0.006513; 0.00074; 0.000276; false; 0.074937;0.07; 0.061438; 0.010347; 0.002072; 0.000179; 0.000112; false; 0.082539;1.05; 0.0704; 0.0000; 0.0080; 0.0006; 0.0000; False; 0.0086; 0.0803
/home/experiments/nfa-bench/benchmarks/presburger-explicit/complement/UltimateAutomizer/nested9_true-unreach-call.i_775.0.mata;0.08; 0.066329; 0.007365; 0.000572; 0.000202; false; 0.082806;0.07; 0.060907; 0.005864; 0.000461; 0.000206; false; 0.076103;0.08; 0.065994; 0.010447; 0.002082; 0.000194; 0.000142; false; 0.087509;1.28; 0.0987; 0.0000; 0.0147; 0.0010; 0.0000; False; 0.0158; 0.1160
/home/experiments/nfa-bench/benchmarks/presburger-explicit/complement/UltimateAutomizer/nested9_true-unreach-call.i_780.0.mata;0.07; 0.064384; 0.007293; 0.000542; 0.000223; false; 0.081262;0.06; 0.053779; 0.003489; 0.000302; 0.000121; false; 0.062225;0.04; 0.035674; 0.005721; 0.00107; 0.00011; 6.8e-05; false; 0.046846;1.06; 0.0580; 0.0000; 0.0149; 0.0010; 0.0000; False; 0.0159; 0.0752
/home/experiments/nfa-bench/benchmarks/presburger-explicit/complement/UltimateAutomizer/nested9_true-unreach-call.i_785.0.mata;0.04; 0.037836; 0.003609; 0.000598; 0.000262; false; 0.047892;0.06; 0.057246; 0.003612; 0.000415; 0.000171; false; 0.066427;0.05; 0.03799; 0.006999; 0.001126; 0.000112; 7.2e-05; false; 0.051042;1.06; 0.1039; 0.0000; 0.0147; 0.0009; 0.0000; False; 0.0158; 0.1213
/home/experiments/nfa-bench/benchmarks/presburger-explicit/complement/UltimateAutomizer/nested9_true-unreach-call.i_788.0.mata;0.08; 0.075889; 0.008321; 0.000626; 0.000257; false; 0.095624;0.08; 0.068749; 0.007247; 0.00064; 0.000357; false; 0.086906;0.09; 0.075762; 0.011663; 0.002214; 0.000187; 0.00012; false; 0.099868;1.09; 0.0765; 0.0000; 0.0084; 0.0004; 0.0000; False; 0.0089; 0.0862
/home/experiments/nfa-bench/benchmarks/presburger-explicit/complement/UltimateAutomizer/nested9_true-unreach-call.i_807.0.mata;0.07; 0.071438; 0.006612; 0.000486; 0.000213; false; 0.088224;0.08; 0.072698; 0.006945; 0.000725; 0.000254; false; 0.089722;0.08; 0.069786; 0.01121; 0.002046; 0.000167; 0.000122; false; 0.092519;1.19; 0.1001; 0.0000; 0.0082; 0.0005; 0.0000; False; 0.0088; 0.1099
/home/experiments/nfa-bench/benchmarks/presburger-explicit/complement/UltimateAutomizer/nested9_true-unreach-call.i_817.0.mata;0.08; 0.076221; 0.008077; 0.000665; 0.000247; false; 0.095389;0.08; 0.072377; 0.007443; 0.000775; 0.000426; false; 0.091638;0.09; 0.075457; 0.011734; 0.002137; 0.000218; 9.3e-05; false; 0.098463;1.27; 0.1136; 0.0000; 0.0156; 0.0009; 0.0000; False; 0.0166; 0.1315
/home/experiments/nfa-bench/benchmarks/presburger-explicit/complement/UltimateAutomizer/nested9_true-unreach-call.i_870.0.mata;0.07; 0.063722; 0.00691; 0.000724; 0.000209; false; 0.080736;0.07; 0.063379; 0.006503; 0.000885; 0.000317; false; 0.079438;0.07; 0.062608; 0.010951; 0.001444; 0.000127; 9.6e-05; false; 0.082909;1.3; 0.0941; 0.0000; 0.0121; 0.0007; 0.0000; False; 0.0129; 0.1081
/home/experiments/nfa-bench/benchmarks/presburger-explicit/complement/UltimateAutomizer/nested9_true-unreach-call.i_887.0.mata;0.04; 0.036185; 0.00567; 0.000241; 0.000159; false; 0.047832;0.04; 0.037811; 0.005036; 0.0003; 0.000209; false; 0.04904;0.04; 0.036925; 0.008083; 0.001663; 0.000148; 4e-05; false; 0.051697;1.31; 0.0567; 0.0000; 0.0083; 0.0003; 0.0000; False; 0.0087; 0.0662
/home/experiments/nfa-bench/benchmarks/presburger-explicit/complement/UltimateAutomizer/nested9_true-unreach-call.i_927.0.mata;0.03; 0.027532; 0.003423; 0.000204; 0.000101; false; 0.035188;0.03; 0.028067; 0.003312; 0.000223; 0.000103; false; 0.03583;0.03; 0.028286; 0.004859; 0.000742; 7e-05; 4.9e-05; false; 0.037952;1.17; 0.0468; 0.0000; 0.0059; 0.0002; 0.0000; False; 0.0062; 0.0536
/home/experiments/nfa-bench/benchmarks/presburger-explicit/complement/UltimateAutomizer/nested9_true-unreach-call.i_947.0.mata;0.04; 0.03779; 0.00368; 0.000219; 0.000148; false; 0.046676;0.07; 0.065811; 0.006044; 0.000233; 0.000213; false; 0.080407;0.04; 0.037487; 0.007504; 0.000806; 3.9e-05; 6.2e-05; false; 0.050234;0.92; 0.0571; 0.0000; 0.0068; 0.0003; 0.0000; False; 0.0072; 0.0650
/home/experiments/nfa-bench/benchmarks/presburger-explicit/complement/UltimateAutomizer/recHanoi03_true-unreach-call_true-termination.c_1478.0.mata;0.15; 0.156533; 0.002897; 0.000128; 0.000143; false; 0.175166;0.15; 0.155911; 0.002812; 0.000102; 0.000113; false; 0.174563;0.31; 0.281188; 0.033206; 0.0006; 5.4e-05; 0.000106; false; 0.346132;1.42; 0.3955; 0.0000; 0.0129; 0.0005; 0.0000; False; 0.0135; 0.4102
/home/experiments/nfa-bench/benchmarks/presburger-explicit/complement/UltimateAutomizer/recHanoi03_true-unreach-call_true-termination.c_1735.0.mata;0.0; 0.004764; 0.000183; 1.9e-05; 1.2e-05; false; 0.005701;0.0; 0.005396; 0.000216; 1.9e-05; 1.3e-05; false; 0.006457;0.0; 0.00617; 0.00092; 0.000104; 1.6e-05; 1.1e-05; false; 0.008118;1.18; 0.0141; 0.0000; 0.0005; 0.0000; 0.0000; False; 0.0006; 0.0149
/home/experiments/nfa-bench/benchmarks/presburger-explicit/complement/UltimateAutomizer/recHanoi03_true-unreach-call_true-termination.c_1757.0.mata;0.17; 0.16667; 0.003386; 0.000106; 0.000113; false; 0.187932;0.15; 0.161019; 0.003232; 9.9e-05; 0.000113; false; 0.180972;0.13; 0.106827; 0.021493; 0.000774; 6.3e-05; 0.00011; false; 0.145793;1.02; 0.1338; 0.0000; 0.0044; 0.0002; 0.0000; False; 0.0046; 0.1390
/home/experiments/nfa-bench/benchmarks/presburger-explicit/complement/UltimateAutomizer/recHanoi03_true-unreach-call_true-termination.c_2147.0.mata;0.01; 0.011452; 0.0002; 2.2e-05; 1.3e-05; false; 0.012534;0.01; 0.011195; 0.000377; 3.3e-05; 2.2e-05; false; 0.013292;0.01; 0.011146; 0.0018; 0.000177; 2.5e-05; 2.2e-05; false; 0.014754;0.85; 0.0141; 0.0000; 0.0006; 0.0000; 0.0000; False; 0.0006; 0.0149
/home/experiments/nfa-bench/benchmarks/presburger-explicit/complement/UltimateAutomizer/recHanoi03_true-unreach-call_true-termination.c_2175.0.mata;0.12; 0.122032; 0.002742; 9.1e-05; 8.8e-05; false; 0.137918;0.12; 0.12055; 0.002619; 8.4e-05; 8.4e-05; false; 0.136364;0.13; 0.119266; 0.01205; 0.000502; 4.3e-05; 7.8e-05; false; 0.144808;1.31; 0.1738; 0.0000; 0.0043; 0.0001; 0.0000; False; 0.0045; 0.1788
/home/experiments/nfa-bench/benchmarks/presburger-explicit/complement/UltimateAutomizer/recHanoi03_true-unreach-call_true-termination.c_2715.0.mata;0.16; 0.167288; 0.00348; 0.000115; 0.00014; false; 0.186637;0.15; 0.164723; 0.003179; 9.9e-05; 0.000114; false; 0.183579;0.17; 0.152283; 0.018934; 0.000639; 5.8e-05; 9.2e-05; false; 0.18949;1.11; 0.1182; 0.0000; 0.0031; 0.0001; 0.0000; False; 0.0032; 0.1218
/home/experiments/nfa-bench/benchmarks/presburger-explicit/complement/UltimateAutomizer/recHanoi03_true-unreach-call_true-termination.c_2746.0.mata;3.58; 3.46674; 0.091677; 0.000337; 0.001207; false; 3.89892;3.39; 3.28218; 0.136936; 0.000669; 0.002936; false; 3.76039;3.79; 3.40251; 0.482473; 0.003877; 0.000121; 0.001089; false; 4.07821;3.57; 3.1733; 0.0000; 0.0591; 0.0005; 0.0000; False; 0.0597; 3.2358
/home/experiments/nfa-bench/benchmarks/presburger-explicit/complement/UltimateAutomizer/recHanoi03_true-unreach-call_true-termination.c_278.0.mata;0.29; 0.291913; 0.006018; 0.000192; 0.000229; false; 0.325153;0.33; 0.332291; 0.005552; 0.00017; 0.000195; false; 0.364774;0.16; 0.150353; 0.017245; 0.000571; 5.2e-05; 8.8e-05; false; 0.183095;0.93; 0.2101; 0.0000; 0.0064; 0.0002; 0.0000; False; 0.0067; 0.2175
/home/experiments/nfa-bench/benchmarks/presburger-explicit/complement/UltimateAutomizer/recHanoi03_true-unreach-call_true-termination.c_287.0.mata;3.75; 3.76263; 0.091312; 0.000364; 0.001388; false; 4.17272;3.56; 3.48617; 0.129047; 0.00039; 0.001543; false; 3.9278;2.71; 2.44887; 0.324961; 0.002248; 7.1e-05; 0.0007; false; 3.00109;4.8; 4.0913; 0.0000; 0.0993; 0.0008; 0.0000; False; 0.1002; 4.1955
/home/experiments/nfa-bench/benchmarks/presburger-explicit/complement/UltimateAutomizer/recHanoi03_true-unreach-call_true-termination.c_3227.0.mata;0.15; 0.143258; 0.003152; 0.00011; 0.000106; false; 0.159044;0.06; 0.063972; 0.001379; 5.9e-05; 5e-05; false; 0.071948;0.07; 0.068994; 0.007091; 0.00028; 2.7e-05; 4.2e-05; false; 0.083611;1.33; 0.1758; 0.0000; 0.0057; 0.0001; 0.0000; False; 0.0060; 0.1825
/home/experiments/nfa-bench/benchmarks/presburger-explicit/complement/UltimateAutomizer/recHanoi03_true-unreach-call_true-termination.c_367.0.mata;2.41; 2.23482; 0.078965; 0.000319; 0.001083; false; 2.69936;2.8; 2.8248; 0.06474; 0.000165; 0.000905; false; 3.09402;3.12; 2.91891; 0.318295; 0.002052; 9e-05; 0.000663; false; 3.4292;5.63; 5.0304; 0.0000; 0.1013; 0.0009; 0.0000; False; 0.1023; 5.1367
/home/experiments/nfa-bench/benchmarks/presburger-explicit/complement/UltimateAutomizer/recHanoi03_true-unreach-call_true-termination.c_3872.0.mata;0.0; 0.002923; 0.000105; 1.3e-05; 8e-06; false; 0.003573;0.0; 0.005753; 0.000205; 2e-05; 1.3e-05; false; 0.006818;0.0; 0.002887; 0.000518; 6.5e-05; 1.2e-05; 7e-06; false; 0.003965;1.07; 0.0101; 0.0000; 0.0003; 0.0000; 0.0000; False; 0.0004; 0.0106
/home/experiments/nfa-bench/benchmarks/presburger-explicit/complement/UltimateAutomizer/recHanoi03_true-unreach-call_true-termination.c_557.0.mata;4.02; 3.97625; 0.095548; 0.000588; 0.002074; false; 4.4168;3.73; 3.6985; 0.119446; 0.000329; 0.001269; false; 4.13204;2.41; 2.13231; 0.363366; 0.00255; 7.1e-05; 0.001244; false; 2.68561;4.62; 4.2157; 0.0000; 0.0603; 0.0005; 0.0000; False; 0.0609; 4.2797
/home/experiments/nfa-bench/benchmarks/presburger-explicit/complement/UltimateAutomizer/recHanoi03_true-unreach-call_true-termination.c_597.0.mata;4.88; 4.8882; 0.099131; 0.000361; 0.001408; false; 5.50629;4.91; 5.0059; 0.151165; 0.000397; 0.001639; false; 5.61207;7.45; 6.99017; 0.841808; 0.004383; 0.000129; 0.001974; false; 8.21022;8.41; 8.5433; 0.0000; 0.1030; 0.0007; 0.0000; False; 0.1038; 8.6526
/home/experiments/nfa-bench/benchmarks/presburger-explicit/complement/UltimateAutomizer/recHanoi03_true-unreach-call_true-termination.c_73.0.mata;0.0; 0.005963; 0.00024; 2.3e-05; 1.4e-05; false; 0.007072;0.0; 0.005867; 0.000256; 2.4e-05; 1.4e-05; false; 0.007057;0.0; 0.006093; 0.000896; 0.00015; 1.9e-05; 1.2e-05; false; 0.0081;1.15; 0.0141; 0.0000; 0.0005; 0.0000; 0.0000; False; 0.0006; 0.0150
/home/experiments/nfa-bench/benchmarks/presburger-explicit/complement/UltimateAutomizer/recHanoi03_true-unreach-call_true-termination.c_847.0.mata;0.0; 0.006298; 0.000256; 2.6e-05; 1.3e-05; false; 0.007564;0.0; 0.00493; 0.000244; 2.4e-05; 1.4e-05; false; 0.006135;0.0; 0.006026; 0.000898; 0.000143; 1.9e-05; 1.3e-05; false; 0.008019;1.03; 0.0158; 0.0000; 0.0006; 0.0000; 0.0000; False; 0.0006; 0.0166
/home/experiments/nfa-bench/benchmarks/presburger-explicit/complement/UltimateAutomizer/recHanoi03_true-unreach-call_true-termination.c_874.0.mata;0.0; 0.005674; 0.000227; 2e-05; 1.2e-05; false; 0.006721;0.0; 0.005666; 0.000193; 1.9e-05; 1.2e-05; false; 0.006716;0.0; 0.005666; 0.000968; 0.000134; 1.7e-05; 1.3e-05; false; 0.007616;0.98; 0.0089; 0.0000; 0.0003; 0.0000; 0.0000; False; 0.0004; 0.0094
/home/experiments/nfa-bench/benchmarks/presburger-explicit/complement/UltimateAutomizer/recHanoi03_true-unreach-call_true-termination.c_876.0.mata;0.0; 0.005757; 0.000193; 2.2e-05; 1.3e-05; false; 0.006838;0.0; 0.005932; 0.000193; 2e-05; 1.4e-05; false; 0.00699;0.01; 0.013487; 0.001785; 0.000222; 3.3e-05; 1.9e-05; false; 0.017053;1.16; 0.0223; 0.0000; 0.0009; 0.0001; 0.0000; False; 0.0010; 0.0236
/home/experiments/nfa-bench/benchmarks/presburger-explicit/complement/tptp/ARI056_1.mata;0.0; 0.00019; 2.9e-05; 8e-06; 2e-06; false; 0.000398;0.0; 0.000115; 3.1e-05; 8e-06; 2e-06; false; 0.000301;0.0; 0.000114; 7.2e-05; 2.4e-05; 1.2e-05; 2e-06; false; 0.00041;1.18; 0.0061; 0.0000; 0.0001; 0.0000; 0.0000; False; 0.0001; 0.0064
/home/experiments/nfa-bench/benchmarks/presburger-explicit/complement/tptp/ARI083_1.mata;0.0; 0.000331; 0.000102; 1.8e-05; 8e-06; false; 0.000657;0.0; 0.000288; 9.2e-05; 1.1e-05; 7e-06; false; 0.000566;0.0; 0.000306; 0.000101; 8.9e-05; 1.1e-05; 7e-06; false; 0.000681;0.93; 0.0100; 0.0000; 0.0005; 0.0000; 0.0000; False; 0.0006; 0.0109
/home/experiments/nfa-bench/benchmarks/presburger-explicit/complement/tptp/ARI590_1.mata;0.0; 0.000407; 2.9e-05; 7e-06; 2e-06; false; 0.000583;0.0; 0.000371; 3.5e-05; 6e-06; 2e-06; false; 0.000561;0.0; 0.000359; 6.8e-05; 1.5e-05; 5e-06; 2e-06; false; 0.000602;1.2; 0.0073; 0.0000; 0.0002; 0.0000; 0.0000; False; 0.0003; 0.0077
/home/experiments/nfa-bench/benchmarks/presburger-explicit/complement/tptp/ARI591_1.mata;0.0; 0.000395; 3.9e-05; 1.1e-05; 2e-06; false; 0.000627;0.0; 0.00026; 3.8e-05; 8e-06; 2e-06; false; 0.000483;0.0; 0.000278; 9.3e-05; 1.9e-05; 6e-06; 2e-06; false; 0.0006;1.24; 0.0067; 0.0000; 0.0002; 0.0000; 0.0000; False; 0.0002; 0.0072
/home/experiments/nfa-bench/benchmarks/presburger-explicit/complement/tptp/NUM868_1.mata;0.0; 0.000209; 3.3e-05; 8e-06; 3e-06; false; 0.000416;0.0; 0.000111; 3.4e-05; 7e-06; 2e-06; false; 0.000306;0.0; 0.000114; 5.5e-05; 3.1e-05; 7e-06; 2e-06; false; 0.000373;1.17; 0.0068; 0.0000; 0.0001; 0.0000; 0.0000; False; 0.0001; 0.0071
/home/experiments/nfa-bench/benchmarks/presburger-explicit/complement/tptp/NUM869_1.mata;0.0; 0.000147; 1.8e-05; 6e-06; 1e-06; false; 0.0003;0.0; 5.8e-05; 1.2e-05; 3e-06; 1e-06; false; 0.000156;0.0; 9e-05; 4.3e-05; 1.9e-05; 5e-06; 2e-06; false; 0.00029;0.94; 0.0043; 0.0000; 0.0000; 0.0000; 0.0000; False; 0.0001; 0.0045
/home/experiments/nfa-bench/benchmarks/presburger-explicit/complement/tptp/NUM870_1.mata;0.0; 0.000257; 2.5e-05; 7e-06; 2e-06; false; 0.000465;0.0; 0.000163; 2.4e-05; 6e-06; 2e-06; false; 0.000341;0.0; 0.000164; 5.8e-05; 2.1e-05; 6e-06; 1e-06; false; 0.00041;1.29; 0.0065; 0.0000; 0.0001; 0.0000; 0.0000; False; 0.0001; 0.0068
/home/experiments/nfa-bench/benchmarks/presburger-explicit/complement/tptp/NUM871_1.mata;0.0; 0.001017; 6.6e-05; 1.1e-05; 2e-06; false; 0.001336;0.0; 0.000851; 6.5e-05; 1e-05; 3e-06; false; 0.001193;0.0; 0.000813; 0.000176; 5.8e-05; 1e-05; 2e-06; false; 0.00131;1.2; 0.0086; 0.0000; 0.0004; 0.0000; 0.0000; False; 0.0005; 0.0093
/home/experiments/nfa-bench/benchmarks/presburger-explicit/complement/tptp/NUM874_1.mata;0.0; 0.000177; 1.7e-05; 5e-06; 2e-06; false; 0.000349;0.0; 0.000102; 1.9e-05; 0; 2e-06; false; 0.000262;0.0; 8.9e-05; 4.8e-05; 1.8e-05; 5e-06; 2e-06; false; 0.000303;1.23; 0.0055; 0.0000; 0.0000; 0.0000; 0.0000; False; 0.0001; 0.0058
/home/experiments/nfa-bench/benchmarks/presburger-explicit/complement/tptp/NUM896_1.mata;0.0; 0.000353; 5.1e-05; 1.2e-05; 5e-06; false; 0.000583;0.0; 0.000323; 5.3e-05; 1.3e-05; 5e-06; false; 0.000563;0.0; 0.000523; 0.000188; 8.7e-05; 1.7e-05; 7e-06; false; 0.001068;0.94; 0.0050; 0.0000; 0.0002; 0.0000; 0.0000; False; 0.0002; 0.0053
/home/experiments/nfa-bench/benchmarks/presburger-explicit/complement/tptp/NUM897_1.mata;0.0; 0.000361; 6.9e-05; 1.1e-05; 6e-06; false; 0.000645;0.0; 0.000254; 6.5e-05; 1e-05; 6e-06; false; 0.000513;0.0; 0.000282; 9.2e-05; 5.6e-05; 9e-06; 4e-06; false; 0.000636;0.95; 0.0048; 0.0000; 0.0001; 0.0000; 0.0000; False; 0.0002; 0.0052
/home/experiments/nfa-bench/benchmarks/presburger-explicit/complement/tptp/NUM898_1.mata;0.0; 0.000346; 6.5e-05; 1.1e-05; 6e-06; false; 0.000604;0.0; 0.000303; 7.2e-05; 1.1e-05; 4e-06; false; 0.00058;0.0; 0.000289; 0.000101; 6.1e-05; 1e-05; 5e-06; false; 0.000673;1.33; 0.0071; 0.0000; 0.0003; 0.0000; 0.0000; False; 0.0004; 0.0078
/home/experiments/nfa-bench/benchmarks/presburger-explicit/complement/tptp/NUM899_1.mata;0.0; 0.000713; 9.2e-05; 1.7e-05; 8e-06; false; 0.001032;0.0; 0.000658; 7.9e-05; 1.6e-05; 8e-06; false; 0.000993;0.0; 0.000644; 0.000206; 9.3e-05; 1.7e-05; 8e-06; false; 0.001194;1.32; 0.0075; 0.0000; 0.0004; 0.0000; 0.0000; False; 0.0004; 0.0082
/home/experiments/nfa-bench/benchmarks/presburger-explicit/complement/tptp/NUM915_1.mata;0.0; 0.000381; 3.4e-05; 8e-06; 3e-06; false; 0.000606;0.0; 0.000262; 3.4e-05; 8e-06; 2e-06; false; 0.000498;0.0; 0.000267; 6.8e-05; 2.3e-05; 7e-06; 2e-06; false; 0.000586;1.2; 0.0062; 0.0000; 0.0001; 0.0000; 0.0000; False; 0.0002; 0.0066
/home/experiments/nfa-bench/benchmarks/presburger-explicit/complement/tptp/NUM916_1.mata;0.0; 0.000232; 3.4e-05; 8e-06; 2e-06; false; 0.000414;0.0; 0.000151; 2.2e-05; 6e-06; 2e-06; false; 0.000302;0.0; 0.000169; 4.4e-05; 1.4e-05; 4e-06; 1e-06; false; 0.000349;0.89; 0.0070; 0.0000; 0.0001; 0.0000; 0.0000; False; 0.0001; 0.0073
/home/experiments/nfa-bench/benchmarks/presburger-explicit/complement/tptp/NUM917_1.mata;0.0; 0.000206; 2.1e-05; 6e-06; 1e-06; false; 0.000344;0.0; 0.000153; 2.3e-05; 5e-06; 1e-06; false; 0.000305;0.0; 0.000158; 5.8e-05; 1.4e-05; 3e-06; 2e-06; false; 0.000348;0.85; 0.0046; 0.0000; 0.0001; 0.0000; 0.0000; False; 0.0001; 0.0049
/home/experiments/nfa-bench/benchmarks/presburger-explicit/complement/tptp/NUM918_1.mata;0.0; 0.000382; 3.3e-05; 8e-06; 2e-06; false; 0.000598;0.0; 0.000236; 3.3e-05; 8e-06; 2e-06; false; 0.000435;0.0; 0.000269; 7.2e-05; 2.5e-05; 7e-06; 2e-06; false; 0.000629;0.85; 0.0043; 0.0000; 0.0001; 0.0000; 0.0000; False; 0.0001; 0.0045
