name;explicit-stats-runtime;explicit-stats-min-alph;explicit-stats-avg-alph;explicit-stats-max-alph;explicit-stats-min-states;explicit-stats-avg-states;explicit-stats-max-states;explicit-stats-min-transitions;explicit-stats-avg-transitions;explicit-stats-max-transitions;minterm-stats-runtime;minterm-stats-min-alph;minterm-stats-avg-alph;minterm-stats-max-alph;minterm-stats-min-states;minterm-stats-avg-states;minterm-stats-max-states;minterm-stats-min-transitions;minterm-stats-avg-transitions;minterm-stats-max-transitions
/home/experiments/nfa-bench/benchmarks/z3-noodler/automatark/complement/instance00279-1.mata;0.53; 1; 1; 1; 2; 2; 2; 1; 1; 1;0.73; 1; 1; 1; 2; 2; 2; 1; 1; 1
/home/experiments/nfa-bench/benchmarks/z3-noodler/automatark/complement/instance00296-1.mata;0.52; 1; 1; 1; 2; 2; 2; 1; 1; 1;0.53; 1; 1; 1; 2; 2; 2; 1; 1; 1
/home/experiments/nfa-bench/benchmarks/z3-noodler/automatark/complement/instance00296-2.mata;0.53; 1; 1; 1; 2; 2; 2; 1; 1; 1;0.56; 1; 1; 1; 2; 2; 2; 1; 1; 1
/home/experiments/nfa-bench/benchmarks/z3-noodler/automatark/complement/instance01829-1.mata;0.47; 1; 1; 1; 2; 2; 2; 1; 1; 1;0.6; 1; 1; 1; 2; 2; 2; 1; 1; 1
/home/experiments/nfa-bench/benchmarks/z3-noodler/automatark/complement/instance02090-1.mata;0.48; 1; 1; 1; 2; 2; 2; 1; 1; 1;0.72; 1; 1; 1; 2; 2; 2; 1; 1; 1
/home/experiments/nfa-bench/benchmarks/z3-noodler/automatark/complement/instance02993-1.mata;0.55; 1; 1; 1; 2; 2; 2; 1; 1; 1;0.73; 1; 1; 1; 2; 2; 2; 1; 1; 1
/home/experiments/nfa-bench/benchmarks/z3-noodler/automatark/complement/instance02993-10.mata;0.44; 1; 1; 1; 2; 2; 2; 1; 1; 1;0.77; 1; 1; 1; 2; 2; 2; 1; 1; 1
/home/experiments/nfa-bench/benchmarks/z3-noodler/automatark/complement/instance02993-2.mata;0.42; 1; 1; 1; 2; 2; 2; 1; 1; 1;0.65; 1; 1; 1; 2; 2; 2; 1; 1; 1
/home/experiments/nfa-bench/benchmarks/z3-noodler/automatark/complement/instance02993-3.mata;0.48; 1; 1; 1; 2; 2; 2; 1; 1; 1;0.76; 1; 1; 1; 2; 2; 2; 1; 1; 1
/home/experiments/nfa-bench/benchmarks/z3-noodler/automatark/complement/instance02993-4.mata;0.51; 1; 1; 1; 2; 2; 2; 1; 1; 1;0.7; 1; 1; 1; 2; 2; 2; 1; 1; 1
/home/experiments/nfa-bench/benchmarks/z3-noodler/automatark/complement/instance02993-5.mata;0.46; 1; 1; 1; 2; 2; 2; 1; 1; 1;0.64; 1; 1; 1; 2; 2; 2; 1; 1; 1
/home/experiments/nfa-bench/benchmarks/z3-noodler/automatark/complement/instance02993-6.mata;0.4; 1; 1; 1; 2; 2; 2; 1; 1; 1;0.82; 1; 1; 1; 2; 2; 2; 1; 1; 1
/home/experiments/nfa-bench/benchmarks/z3-noodler/automatark/complement/instance02993-7.mata;0.41; 1; 1; 1; 2; 2; 2; 1; 1; 1;0.61; 1; 1; 1; 2; 2; 2; 1; 1; 1
/home/experiments/nfa-bench/benchmarks/z3-noodler/automatark/complement/instance02993-8.mata;0.51; 1; 1; 1; 2; 2; 2; 1; 1; 1;0.67; 1; 1; 1; 2; 2; 2; 1; 1; 1
/home/experiments/nfa-bench/benchmarks/z3-noodler/automatark/complement/instance02993-9.mata;0.51; 1; 1; 1; 2; 2; 2; 1; 1; 1;0.73; 1; 1; 1; 2; 2; 2; 1; 1; 1
/home/experiments/nfa-bench/benchmarks/z3-noodler/automatark/complement/instance03005-1.mata;0.4; 1; 1; 1; 2; 2; 2; 1; 1; 1;0.76; 1; 1; 1; 2; 2; 2; 1; 1; 1
/home/experiments/nfa-bench/benchmarks/z3-noodler/automatark/complement/instance03140-1.mata;0.5; 1; 1; 1; 2; 2; 2; 1; 1; 1;0.65; 1; 1; 1; 2; 2; 2; 1; 1; 1
/home/experiments/nfa-bench/benchmarks/z3-noodler/automatark/complement/instance03455-1.mata;0.51; 1; 1; 1; 2; 2; 2; 1; 1; 1;0.71; 1; 1; 1; 2; 2; 2; 1; 1; 1
/home/experiments/nfa-bench/benchmarks/z3-noodler/automatark/complement/instance03455-2.mata;0.53; 1; 1; 1; 2; 2; 2; 1; 1; 1;0.74; 1; 1; 1; 2; 2; 2; 1; 1; 1
/home/experiments/nfa-bench/benchmarks/z3-noodler/automatark/complement/instance03455-3.mata;0.52; 1; 1; 1; 2; 2; 2; 1; 1; 1;0.62; 1; 1; 1; 2; 2; 2; 1; 1; 1
/home/experiments/nfa-bench/benchmarks/z3-noodler/automatark/complement/instance03455-4.mata;0.38; 1; 1; 1; 2; 2; 2; 1; 1; 1;0.78; 1; 1; 1; 2; 2; 2; 1; 1; 1
/home/experiments/nfa-bench/benchmarks/z3-noodler/automatark/complement/instance03455-5.mata;0.49; 1; 1; 1; 2; 2; 2; 1; 1; 1;0.67; 1; 1; 1; 2; 2; 2; 1; 1; 1
/home/experiments/nfa-bench/benchmarks/z3-noodler/automatark/complement/instance04001-1.mata;0.47; 10; 10; 10; 2; 2; 2; 10; 10; 10;0.63; 10; 10; 10; 2; 2; 2; 10; 10; 10
/home/experiments/nfa-bench/benchmarks/z3-noodler/automatark/complement/instance04390-1.mata;0.5; 1; 1; 1; 2; 2; 2; 1; 1; 1;0.78; 1; 1; 1; 2; 2; 2; 1; 1; 1
/home/experiments/nfa-bench/benchmarks/z3-noodler/automatark/complement/instance04451-1.mata;0.41; 1; 1; 1; 2; 2; 2; 1; 1; 1;0.62; 1; 1; 1; 2; 2; 2; 1; 1; 1
/home/experiments/nfa-bench/benchmarks/z3-noodler/automatark/complement/instance05755-1.mata;0.52; 1; 1; 1; 2; 2; 2; 1; 1; 1;0.79; 1; 1; 1; 2; 2; 2; 1; 1; 1
/home/experiments/nfa-bench/benchmarks/z3-noodler/automatark/complement/instance05997-1.mata;0.49; 19; 19; 19; 26; 26; 26; 44; 44; 44;0.67; 19; 19; 19; 26; 26; 26; 44; 44; 44
/home/experiments/nfa-bench/benchmarks/z3-noodler/automatark/complement/instance06179-1.mata;0.54; 15; 15; 15; 37; 37; 37; 296; 296; 296;0.73; 15; 15; 15; 37; 37; 37; 296; 296; 296
/home/experiments/nfa-bench/benchmarks/z3-noodler/automatark/complement/instance06179-2.mata;0.4; 21; 21; 21; 28; 28; 28; 36; 36; 36;0.75; 21; 21; 21; 28; 28; 28; 36; 36; 36
/home/experiments/nfa-bench/benchmarks/z3-noodler/automatark/complement/instance06179-3.mata;0.37; 13; 13; 13; 22; 22; 22; 21; 21; 21;0.7; 13; 13; 13; 22; 22; 22; 21; 21; 21
/home/experiments/nfa-bench/benchmarks/z3-noodler/automatark/complement/instance06179-4.mata;0.51; 22; 22; 22; 36; 36; 36; 53; 53; 53;0.73; 22; 22; 22; 36; 36; 36; 53; 53; 53
/home/experiments/nfa-bench/benchmarks/z3-noodler/automatark/complement/instance06196-1.mata;0.45; 64; 64; 64; 9; 9; 9; 182; 182; 182;0.74; 64; 64; 64; 9; 9; 9; 182; 182; 182
/home/experiments/nfa-bench/benchmarks/z3-noodler/automatark/complement/instance06196-2.mata;0.49; 26; 26; 26; 48; 48; 48; 47; 47; 47;0.78; 26; 26; 26; 48; 48; 48; 47; 47; 47
/home/experiments/nfa-bench/benchmarks/z3-noodler/automatark/complement/instance06196-3.mata;0.51; 1; 1; 1; 2; 2; 2; 1; 1; 1;0.74; 1; 1; 1; 2; 2; 2; 1; 1; 1
/home/experiments/nfa-bench/benchmarks/z3-noodler/automatark/complement/instance06196-4.mata;0.47; 30; 30; 30; 29; 29; 29; 47; 47; 47;0.64; 30; 30; 30; 29; 29; 29; 47; 47; 47
/home/experiments/nfa-bench/benchmarks/z3-noodler/automatark/complement/instance06250-1.mata;0.4; 11; 11; 11; 8; 8; 8; 58; 58; 58;0.66; 11; 11; 11; 8; 8; 8; 58; 58; 58
/home/experiments/nfa-bench/benchmarks/z3-noodler/automatark/complement/instance06315-1.mata;0.45; 30; 30; 30; 62; 62; 62; 61; 61; 61;0.69; 30; 30; 30; 62; 62; 62; 61; 61; 61
/home/experiments/nfa-bench/benchmarks/z3-noodler/automatark/complement/instance06342-1.mata;0.49; 12; 12; 12; 10; 10; 10; 56; 56; 56;0.66; 12; 12; 12; 10; 10; 10; 56; 56; 56
/home/experiments/nfa-bench/benchmarks/z3-noodler/automatark/complement/instance06529-1.mata;0.48; 66; 66; 66; 51; 51; 51; 1601; 1601; 1601;0.73; 66; 66; 66; 51; 51; 51; 1601; 1601; 1601
/home/experiments/nfa-bench/benchmarks/z3-noodler/automatark/complement/instance06529-10.mata;0.5; 10; 10; 10; 2; 2; 2; 10; 10; 10;0.68; 10; 10; 10; 2; 2; 2; 10; 10; 10
/home/experiments/nfa-bench/benchmarks/z3-noodler/automatark/complement/instance06529-11.mata;0.44; 26; 26; 26; 2; 2; 2; 26; 26; 26;0.66; 26; 26; 26; 2; 2; 2; 26; 26; 26
/home/experiments/nfa-bench/benchmarks/z3-noodler/automatark/complement/instance06529-12.mata;0.44; 26; 26; 26; 2; 2; 2; 26; 26; 26;0.71; 26; 26; 26; 2; 2; 2; 26; 26; 26
/home/experiments/nfa-bench/benchmarks/z3-noodler/automatark/complement/instance06529-13.mata;0.51; 1; 1; 1; 2; 2; 2; 1; 1; 1;0.68; 1; 1; 1; 2; 2; 2; 1; 1; 1
/home/experiments/nfa-bench/benchmarks/z3-noodler/automatark/complement/instance06529-14.mata;0.4; 10; 10; 10; 2; 2; 2; 10; 10; 10;0.67; 10; 10; 10; 2; 2; 2; 10; 10; 10
/home/experiments/nfa-bench/benchmarks/z3-noodler/automatark/complement/instance06529-15.mata;0.51; 26; 26; 26; 2; 2; 2; 26; 26; 26;0.73; 26; 26; 26; 2; 2; 2; 26; 26; 26
/home/experiments/nfa-bench/benchmarks/z3-noodler/automatark/complement/instance06529-16.mata;0.45; 26; 26; 26; 2; 2; 2; 26; 26; 26;0.73; 26; 26; 26; 2; 2; 2; 26; 26; 26
/home/experiments/nfa-bench/benchmarks/z3-noodler/automatark/complement/instance06529-17.mata;0.49; 1; 1; 1; 2; 2; 2; 1; 1; 1;0.71; 1; 1; 1; 2; 2; 2; 1; 1; 1
/home/experiments/nfa-bench/benchmarks/z3-noodler/automatark/complement/instance06529-18.mata;0.53; 10; 10; 10; 2; 2; 2; 10; 10; 10;0.62; 10; 10; 10; 2; 2; 2; 10; 10; 10
/home/experiments/nfa-bench/benchmarks/z3-noodler/automatark/complement/instance06529-19.mata;0.4; 26; 26; 26; 2; 2; 2; 26; 26; 26;0.77; 26; 26; 26; 2; 2; 2; 26; 26; 26
/home/experiments/nfa-bench/benchmarks/z3-noodler/automatark/complement/instance06529-2.mata;0.41; 10; 10; 10; 2; 2; 2; 10; 10; 10;0.76; 10; 10; 10; 2; 2; 2; 10; 10; 10
/home/experiments/nfa-bench/benchmarks/z3-noodler/automatark/complement/instance06529-20.mata;0.41; 26; 26; 26; 2; 2; 2; 26; 26; 26;0.72; 26; 26; 26; 2; 2; 2; 26; 26; 26
/home/experiments/nfa-bench/benchmarks/z3-noodler/automatark/complement/instance06529-21.mata;0.5; 1; 1; 1; 2; 2; 2; 1; 1; 1;0.67; 1; 1; 1; 2; 2; 2; 1; 1; 1
/home/experiments/nfa-bench/benchmarks/z3-noodler/automatark/complement/instance06529-22.mata;0.54; 10; 10; 10; 2; 2; 2; 10; 10; 10;0.77; 10; 10; 10; 2; 2; 2; 10; 10; 10
/home/experiments/nfa-bench/benchmarks/z3-noodler/automatark/complement/instance06529-23.mata;0.39; 26; 26; 26; 2; 2; 2; 26; 26; 26;0.65; 26; 26; 26; 2; 2; 2; 26; 26; 26
/home/experiments/nfa-bench/benchmarks/z3-noodler/automatark/complement/instance06529-24.mata;0.49; 26; 26; 26; 2; 2; 2; 26; 26; 26;0.72; 26; 26; 26; 2; 2; 2; 26; 26; 26
/home/experiments/nfa-bench/benchmarks/z3-noodler/automatark/complement/instance06529-25.mata;0.54; 1; 1; 1; 2; 2; 2; 1; 1; 1;0.67; 1; 1; 1; 2; 2; 2; 1; 1; 1
/home/experiments/nfa-bench/benchmarks/z3-noodler/automatark/complement/instance06529-26.mata;0.48; 10; 10; 10; 2; 2; 2; 10; 10; 10;0.75; 10; 10; 10; 2; 2; 2; 10; 10; 10
/home/experiments/nfa-bench/benchmarks/z3-noodler/automatark/complement/instance06529-27.mata;0.36; 26; 26; 26; 2; 2; 2; 26; 26; 26;0.8; 26; 26; 26; 2; 2; 2; 26; 26; 26
/home/experiments/nfa-bench/benchmarks/z3-noodler/automatark/complement/instance06529-28.mata;0.46; 26; 26; 26; 2; 2; 2; 26; 26; 26;0.75; 26; 26; 26; 2; 2; 2; 26; 26; 26
/home/experiments/nfa-bench/benchmarks/z3-noodler/automatark/complement/instance06529-29.mata;0.39; 1; 1; 1; 2; 2; 2; 1; 1; 1;0.56; 1; 1; 1; 2; 2; 2; 1; 1; 1
/home/experiments/nfa-bench/benchmarks/z3-noodler/automatark/complement/instance06529-3.mata;0.45; 26; 26; 26; 2; 2; 2; 26; 26; 26;0.74; 26; 26; 26; 2; 2; 2; 26; 26; 26
/home/experiments/nfa-bench/benchmarks/z3-noodler/automatark/complement/instance06529-30.mata;0.51; 10; 10; 10; 2; 2; 2; 10; 10; 10;0.74; 10; 10; 10; 2; 2; 2; 10; 10; 10
/home/experiments/nfa-bench/benchmarks/z3-noodler/automatark/complement/instance06529-31.mata;0.51; 26; 26; 26; 2; 2; 2; 26; 26; 26;0.57; 26; 26; 26; 2; 2; 2; 26; 26; 26
/home/experiments/nfa-bench/benchmarks/z3-noodler/automatark/complement/instance06529-32.mata;0.5; 26; 26; 26; 2; 2; 2; 26; 26; 26;0.71; 26; 26; 26; 2; 2; 2; 26; 26; 26
/home/experiments/nfa-bench/benchmarks/z3-noodler/automatark/complement/instance06529-33.mata;0.41; 1; 1; 1; 2; 2; 2; 1; 1; 1;0.73; 1; 1; 1; 2; 2; 2; 1; 1; 1
/home/experiments/nfa-bench/benchmarks/z3-noodler/automatark/complement/instance06529-34.mata;0.5; 10; 10; 10; 2; 2; 2; 10; 10; 10;0.57; 10; 10; 10; 2; 2; 2; 10; 10; 10
/home/experiments/nfa-bench/benchmarks/z3-noodler/automatark/complement/instance06529-35.mata;0.51; 26; 26; 26; 2; 2; 2; 26; 26; 26;0.73; 26; 26; 26; 2; 2; 2; 26; 26; 26
/home/experiments/nfa-bench/benchmarks/z3-noodler/automatark/complement/instance06529-36.mata;0.4; 26; 26; 26; 2; 2; 2; 26; 26; 26;0.81; 26; 26; 26; 2; 2; 2; 26; 26; 26
/home/experiments/nfa-bench/benchmarks/z3-noodler/automatark/complement/instance06529-37.mata;0.54; 1; 1; 1; 2; 2; 2; 1; 1; 1;0.57; 1; 1; 1; 2; 2; 2; 1; 1; 1
/home/experiments/nfa-bench/benchmarks/z3-noodler/automatark/complement/instance06529-38.mata;0.51; 10; 10; 10; 2; 2; 2; 10; 10; 10;0.65; 10; 10; 10; 2; 2; 2; 10; 10; 10
/home/experiments/nfa-bench/benchmarks/z3-noodler/automatark/complement/instance06529-39.mata;0.43; 26; 26; 26; 2; 2; 2; 26; 26; 26;0.75; 26; 26; 26; 2; 2; 2; 26; 26; 26
/home/experiments/nfa-bench/benchmarks/z3-noodler/automatark/complement/instance06529-4.mata;0.47; 26; 26; 26; 2; 2; 2; 26; 26; 26;0.62; 26; 26; 26; 2; 2; 2; 26; 26; 26
/home/experiments/nfa-bench/benchmarks/z3-noodler/automatark/complement/instance06529-40.mata;0.53; 26; 26; 26; 2; 2; 2; 26; 26; 26;0.76; 26; 26; 26; 2; 2; 2; 26; 26; 26
/home/experiments/nfa-bench/benchmarks/z3-noodler/automatark/complement/instance06529-41.mata;0.49; 1; 1; 1; 2; 2; 2; 1; 1; 1;0.74; 1; 1; 1; 2; 2; 2; 1; 1; 1
/home/experiments/nfa-bench/benchmarks/z3-noodler/automatark/complement/instance06529-42.mata;0.43; 10; 10; 10; 2; 2; 2; 10; 10; 10;0.7; 10; 10; 10; 2; 2; 2; 10; 10; 10
/home/experiments/nfa-bench/benchmarks/z3-noodler/automatark/complement/instance06529-43.mata;0.37; 26; 26; 26; 2; 2; 2; 26; 26; 26;0.73; 26; 26; 26; 2; 2; 2; 26; 26; 26
/home/experiments/nfa-bench/benchmarks/z3-noodler/automatark/complement/instance06529-44.mata;0.49; 26; 26; 26; 2; 2; 2; 26; 26; 26;0.57; 26; 26; 26; 2; 2; 2; 26; 26; 26
/home/experiments/nfa-bench/benchmarks/z3-noodler/automatark/complement/instance06529-45.mata;0.52; 1; 1; 1; 2; 2; 2; 1; 1; 1;0.72; 1; 1; 1; 2; 2; 2; 1; 1; 1
/home/experiments/nfa-bench/benchmarks/z3-noodler/automatark/complement/instance06529-46.mata;0.4; 10; 10; 10; 2; 2; 2; 10; 10; 10;0.74; 10; 10; 10; 2; 2; 2; 10; 10; 10
/home/experiments/nfa-bench/benchmarks/z3-noodler/automatark/complement/instance06529-47.mata;0.54; 26; 26; 26; 2; 2; 2; 26; 26; 26;0.66; 26; 26; 26; 2; 2; 2; 26; 26; 26
/home/experiments/nfa-bench/benchmarks/z3-noodler/automatark/complement/instance06529-48.mata;0.51; 26; 26; 26; 2; 2; 2; 26; 26; 26;0.72; 26; 26; 26; 2; 2; 2; 26; 26; 26
/home/experiments/nfa-bench/benchmarks/z3-noodler/automatark/complement/instance06529-49.mata;0.41; 1; 1; 1; 2; 2; 2; 1; 1; 1;0.76; 1; 1; 1; 2; 2; 2; 1; 1; 1
/home/experiments/nfa-bench/benchmarks/z3-noodler/automatark/complement/instance06529-5.mata;0.47; 1; 1; 1; 2; 2; 2; 1; 1; 1;0.69; 1; 1; 1; 2; 2; 2; 1; 1; 1
/home/experiments/nfa-bench/benchmarks/z3-noodler/automatark/complement/instance06529-50.mata;0.44; 10; 10; 10; 2; 2; 2; 10; 10; 10;0.72; 10; 10; 10; 2; 2; 2; 10; 10; 10
/home/experiments/nfa-bench/benchmarks/z3-noodler/automatark/complement/instance06529-51.mata;0.47; 26; 26; 26; 2; 2; 2; 26; 26; 26;0.73; 26; 26; 26; 2; 2; 2; 26; 26; 26
/home/experiments/nfa-bench/benchmarks/z3-noodler/automatark/complement/instance06529-52.mata;0.44; 26; 26; 26; 2; 2; 2; 26; 26; 26;0.67; 26; 26; 26; 2; 2; 2; 26; 26; 26
/home/experiments/nfa-bench/benchmarks/z3-noodler/automatark/complement/instance06529-53.mata;0.48; 1; 1; 1; 2; 2; 2; 1; 1; 1;0.77; 1; 1; 1; 2; 2; 2; 1; 1; 1
/home/experiments/nfa-bench/benchmarks/z3-noodler/automatark/complement/instance06529-54.mata;0.5; 10; 10; 10; 2; 2; 2; 10; 10; 10;0.72; 10; 10; 10; 2; 2; 2; 10; 10; 10
/home/experiments/nfa-bench/benchmarks/z3-noodler/automatark/complement/instance06529-55.mata;0.53; 26; 26; 26; 2; 2; 2; 26; 26; 26;0.76; 26; 26; 26; 2; 2; 2; 26; 26; 26
/home/experiments/nfa-bench/benchmarks/z3-noodler/automatark/complement/instance06529-56.mata;0.4; 26; 26; 26; 2; 2; 2; 26; 26; 26;0.56; 26; 26; 26; 2; 2; 2; 26; 26; 26
/home/experiments/nfa-bench/benchmarks/z3-noodler/automatark/complement/instance06529-57.mata;0.51; 1; 1; 1; 2; 2; 2; 1; 1; 1;0.74; 1; 1; 1; 2; 2; 2; 1; 1; 1
/home/experiments/nfa-bench/benchmarks/z3-noodler/automatark/complement/instance06529-58.mata;0.43; 79; 79; 79; 13; 13; 13; 1010; 1010; 1010;0.63; 79; 79; 79; 13; 13; 13; 1010; 1010; 1010
/home/experiments/nfa-bench/benchmarks/z3-noodler/automatark/complement/instance06529-59.mata;0.52; 79; 79; 79; 13; 13; 13; 600; 600; 600;0.69; 79; 79; 79; 13; 13; 13; 600; 600; 600
/home/experiments/nfa-bench/benchmarks/z3-noodler/automatark/complement/instance06529-6.mata;0.51; 10; 10; 10; 2; 2; 2; 10; 10; 10;0.69; 10; 10; 10; 2; 2; 2; 10; 10; 10
/home/experiments/nfa-bench/benchmarks/z3-noodler/automatark/complement/instance06529-60.mata;0.45; 79; 79; 79; 54; 54; 54; 2862; 2862; 2862;0.72; 79; 79; 79; 54; 54; 54; 2862; 2862; 2862
/home/experiments/nfa-bench/benchmarks/z3-noodler/automatark/complement/instance06529-7.mata;0.51; 26; 26; 26; 2; 2; 2; 26; 26; 26;0.69; 26; 26; 26; 2; 2; 2; 26; 26; 26
/home/experiments/nfa-bench/benchmarks/z3-noodler/automatark/complement/instance06529-8.mata;0.49; 26; 26; 26; 2; 2; 2; 26; 26; 26;0.77; 26; 26; 26; 2; 2; 2; 26; 26; 26
/home/experiments/nfa-bench/benchmarks/z3-noodler/automatark/complement/instance06529-9.mata;0.44; 1; 1; 1; 2; 2; 2; 1; 1; 1;0.77; 1; 1; 1; 2; 2; 2; 1; 1; 1
/home/experiments/nfa-bench/benchmarks/z3-noodler/automatark/complement/instance06591-1.mata;0.52; 15; 15; 15; 6; 6; 6; 53; 53; 53;0.73; 15; 15; 15; 6; 6; 6; 53; 53; 53
/home/experiments/nfa-bench/benchmarks/z3-noodler/automatark/complement/instance06591-2.mata;0.44; 1; 1; 1; 2; 2; 2; 1; 1; 1;0.75; 1; 1; 1; 2; 2; 2; 1; 1; 1
/home/experiments/nfa-bench/benchmarks/z3-noodler/automatark/complement/instance06591-3.mata;0.46; 1; 1; 1; 2; 2; 2; 1; 1; 1;0.73; 1; 1; 1; 2; 2; 2; 1; 1; 1
/home/experiments/nfa-bench/benchmarks/z3-noodler/automatark/complement/instance06591-4.mata;0.38; 1; 1; 1; 2; 2; 2; 1; 1; 1;0.74; 1; 1; 1; 2; 2; 2; 1; 1; 1
/home/experiments/nfa-bench/benchmarks/z3-noodler/automatark/complement/instance06591-5.mata;0.51; 79; 79; 79; 20; 20; 20; 800; 800; 800;0.76; 79; 79; 79; 20; 20; 20; 800; 800; 800
/home/experiments/nfa-bench/benchmarks/z3-noodler/automatark/complement/instance06600-1.mata;0.54; 17; 17; 17; 12; 12; 12; 68; 68; 68;0.68; 17; 17; 17; 12; 12; 12; 68; 68; 68
/home/experiments/nfa-bench/benchmarks/z3-noodler/automatark/complement/instance06600-2.mata;0.43; 1; 1; 1; 2; 2; 2; 1; 1; 1;0.65; 1; 1; 1; 2; 2; 2; 1; 1; 1
/home/experiments/nfa-bench/benchmarks/z3-noodler/automatark/complement/instance06600-3.mata;0.49; 14; 14; 14; 12; 12; 12; 90; 90; 90;0.75; 14; 14; 14; 12; 12; 12; 90; 90; 90
/home/experiments/nfa-bench/benchmarks/z3-noodler/automatark/complement/instance06657-1.mata;0.47; 11; 11; 11; 7; 7; 7; 12; 12; 12;0.74; 11; 11; 11; 7; 7; 7; 12; 12; 12
/home/experiments/nfa-bench/benchmarks/z3-noodler/automatark/complement/instance06657-2.mata;0.46; 1; 1; 1; 2; 2; 2; 1; 1; 1;0.72; 1; 1; 1; 2; 2; 2; 1; 1; 1
/home/experiments/nfa-bench/benchmarks/z3-noodler/automatark/complement/instance06657-3.mata;0.45; 52; 52; 52; 19; 19; 19; 478; 478; 478;0.71; 52; 52; 52; 19; 19; 19; 478; 478; 478
/home/experiments/nfa-bench/benchmarks/z3-noodler/automatark/complement/instance06657-4.mata;0.49; 1; 1; 1; 2; 2; 2; 1; 1; 1;0.74; 1; 1; 1; 2; 2; 2; 1; 1; 1
/home/experiments/nfa-bench/benchmarks/z3-noodler/automatark/complement/instance06657-5.mata;0.51; 1; 1; 1; 2; 2; 2; 1; 1; 1;0.67; 1; 1; 1; 2; 2; 2; 1; 1; 1
/home/experiments/nfa-bench/benchmarks/z3-noodler/automatark/complement/instance06657-6.mata;0.42; 52; 52; 52; 22; 22; 22; 384; 384; 384;0.73; 52; 52; 52; 22; 22; 22; 384; 384; 384
/home/experiments/nfa-bench/benchmarks/z3-noodler/automatark/complement/instance06712-1.mata;0.43; 6; 6; 6; 24; 24; 24; 23; 23; 23;0.73; 6; 6; 6; 24; 24; 24; 23; 23; 23
/home/experiments/nfa-bench/benchmarks/z3-noodler/automatark/complement/instance06895-1.mata;0.45; 11; 11; 11; 9; 9; 9; 22; 22; 22;0.72; 11; 11; 11; 9; 9; 9; 22; 22; 22
/home/experiments/nfa-bench/benchmarks/z3-noodler/automatark/complement/instance06895-2.mata;0.47; 18; 18; 18; 28; 28; 28; 28; 28; 28;0.65; 18; 18; 18; 28; 28; 28; 28; 28; 28
/home/experiments/nfa-bench/benchmarks/z3-noodler/automatark/complement/instance06895-3.mata;0.51; 15; 15; 15; 29; 29; 29; 28; 28; 28;0.79; 15; 15; 15; 29; 29; 29; 28; 28; 28
/home/experiments/nfa-bench/benchmarks/z3-noodler/automatark/complement/instance06968-1.mata;0.44; 1; 1; 1; 2; 2; 2; 1; 1; 1;0.72; 1; 1; 1; 2; 2; 2; 1; 1; 1
/home/experiments/nfa-bench/benchmarks/z3-noodler/automatark/complement/instance06968-2.mata;0.4; 57; 57; 57; 20; 20; 20; 580; 580; 580;0.7; 57; 57; 57; 20; 20; 20; 580; 580; 580
/home/experiments/nfa-bench/benchmarks/z3-noodler/automatark/complement/instance06968-3.mata;0.45; 44; 44; 44; 71; 71; 71; 803; 803; 803;0.7; 44; 44; 44; 71; 71; 71; 803; 803; 803
/home/experiments/nfa-bench/benchmarks/z3-noodler/automatark/complement/instance06968-4.mata;0.45; 1; 1; 1; 2; 2; 2; 1; 1; 1;0.73; 1; 1; 1; 2; 2; 2; 1; 1; 1
/home/experiments/nfa-bench/benchmarks/z3-noodler/automatark/complement/instance06968-5.mata;0.44; 57; 57; 57; 20; 20; 20; 580; 580; 580;0.71; 57; 57; 57; 20; 20; 20; 580; 580; 580
/home/experiments/nfa-bench/benchmarks/z3-noodler/automatark/complement/instance06968-6.mata;0.42; 1; 1; 1; 2; 2; 2; 1; 1; 1;0.72; 1; 1; 1; 2; 2; 2; 1; 1; 1
/home/experiments/nfa-bench/benchmarks/z3-noodler/automatark/complement/instance06968-7.mata;0.46; 57; 57; 57; 20; 20; 20; 580; 580; 580;0.73; 57; 57; 57; 20; 20; 20; 580; 580; 580
/home/experiments/nfa-bench/benchmarks/z3-noodler/automatark/complement/instance07046-1.mata;0.52; 64; 64; 64; 23; 23; 23; 414; 414; 414;0.6; 64; 64; 64; 23; 23; 23; 414; 414; 414
/home/experiments/nfa-bench/benchmarks/z3-noodler/automatark/complement/instance07046-2.mata;0.48; 72; 72; 72; 47; 47; 47; 597; 597; 597;0.76; 72; 72; 72; 47; 47; 47; 597; 597; 597
/home/experiments/nfa-bench/benchmarks/z3-noodler/automatark/complement/instance07103-1.mata;0.49; 6; 6; 6; 5; 5; 5; 21; 21; 21;0.7; 6; 6; 6; 5; 5; 5; 21; 21; 21
/home/experiments/nfa-bench/benchmarks/z3-noodler/automatark/complement/instance07154-1.mata;0.52; 12; 12; 12; 12; 12; 12; 85; 85; 85;0.7; 12; 12; 12; 12; 12; 12; 85; 85; 85
/home/experiments/nfa-bench/benchmarks/z3-noodler/automatark/complement/instance07154-2.mata;0.48; 1; 1; 1; 2; 2; 2; 1; 1; 1;0.68; 1; 1; 1; 2; 2; 2; 1; 1; 1
/home/experiments/nfa-bench/benchmarks/z3-noodler/automatark/complement/instance07292-1.mata;0.46; 25; 25; 25; 45; 45; 45; 53; 53; 53;0.62; 25; 25; 25; 45; 45; 45; 53; 53; 53
/home/experiments/nfa-bench/benchmarks/z3-noodler/automatark/complement/instance07338-1.mata;0.47; 1; 1; 1; 2; 2; 2; 1; 1; 1;0.73; 1; 1; 1; 2; 2; 2; 1; 1; 1
/home/experiments/nfa-bench/benchmarks/z3-noodler/automatark/complement/instance07380-1.mata;0.54; 55; 55; 55; 54; 54; 54; 2007; 2007; 2007;0.77; 55; 55; 55; 54; 54; 54; 2007; 2007; 2007
/home/experiments/nfa-bench/benchmarks/z3-noodler/automatark/complement/instance07380-2.mata;0.41; 1; 1; 1; 2; 2; 2; 1; 1; 1;0.76; 1; 1; 1; 2; 2; 2; 1; 1; 1
/home/experiments/nfa-bench/benchmarks/z3-noodler/automatark/complement/instance07380-3.mata;0.43; 41; 41; 41; 47; 47; 47; 1166; 1166; 1166;0.69; 41; 41; 41; 47; 47; 47; 1166; 1166; 1166
/home/experiments/nfa-bench/benchmarks/z3-noodler/automatark/complement/instance07416-1.mata;0.49; 11; 11; 11; 7; 7; 7; 46; 46; 46;0.72; 11; 11; 11; 7; 7; 7; 46; 46; 46
/home/experiments/nfa-bench/benchmarks/z3-noodler/automatark/complement/instance07504-1.mata;0.43; 78; 78; 78; 36; 36; 36; 1732; 1732; 1732;0.73; 78; 78; 78; 36; 36; 36; 1732; 1732; 1732
/home/experiments/nfa-bench/benchmarks/z3-noodler/automatark/complement/instance07504-2.mata;0.48; 1; 1; 1; 2; 2; 2; 1; 1; 1;0.7; 1; 1; 1; 2; 2; 2; 1; 1; 1
/home/experiments/nfa-bench/benchmarks/z3-noodler/automatark/complement/instance07504-3.mata;0.44; 78; 78; 78; 4; 4; 4; 312; 312; 312;0.68; 78; 78; 78; 4; 4; 4; 312; 312; 312
/home/experiments/nfa-bench/benchmarks/z3-noodler/automatark/complement/instance07553-1.mata;0.43; 1; 1; 1; 2; 2; 2; 1; 1; 1;0.61; 1; 1; 1; 2; 2; 2; 1; 1; 1
/home/experiments/nfa-bench/benchmarks/z3-noodler/automatark/complement/instance07553-2.mata;0.5; 29; 29; 29; 20; 20; 20; 300; 300; 300;0.69; 29; 29; 29; 20; 20; 20; 300; 300; 300
/home/experiments/nfa-bench/benchmarks/z3-noodler/automatark/complement/instance07553-3.mata;0.46; 15; 15; 15; 26; 26; 26; 191; 191; 191;0.71; 15; 15; 15; 26; 26; 26; 191; 191; 191
/home/experiments/nfa-bench/benchmarks/z3-noodler/automatark/complement/instance07787-1.mata;0.49; 49; 49; 49; 21; 21; 21; 161; 161; 161;0.69; 49; 49; 49; 21; 21; 21; 161; 161; 161
/home/experiments/nfa-bench/benchmarks/z3-noodler/automatark/complement/instance07787-2.mata;0.48; 36; 36; 36; 47; 47; 47; 64; 64; 64;0.74; 36; 36; 36; 47; 47; 47; 64; 64; 64
/home/experiments/nfa-bench/benchmarks/z3-noodler/automatark/complement/instance07800-1.mata;0.51; 23; 23; 23; 36; 36; 36; 44; 44; 44;0.66; 23; 23; 23; 36; 36; 36; 44; 44; 44
/home/experiments/nfa-bench/benchmarks/z3-noodler/automatark/complement/instance07800-2.mata;0.49; 12; 12; 12; 9; 9; 9; 61; 61; 61;0.7; 12; 12; 12; 9; 9; 9; 61; 61; 61
/home/experiments/nfa-bench/benchmarks/z3-noodler/automatark/complement/instance07800-3.mata;0.41; 24; 24; 24; 39; 39; 39; 38; 38; 38;0.7; 24; 24; 24; 39; 39; 39; 38; 38; 38
/home/experiments/nfa-bench/benchmarks/z3-noodler/automatark/complement/instance07800-4.mata;0.54; 58; 58; 58; 63; 63; 63; 3027; 3027; 3027;0.7; 58; 58; 58; 63; 63; 63; 3027; 3027; 3027
/home/experiments/nfa-bench/benchmarks/z3-noodler/automatark/complement/instance07857-1.mata;0.5; 26; 26; 26; 35; 35; 35; 179; 179; 179;0.64; 26; 26; 26; 35; 35; 35; 179; 179; 179
/home/experiments/nfa-bench/benchmarks/z3-noodler/automatark/complement/instance07912-1.mata;0.48; 1; 1; 1; 2; 2; 2; 1; 1; 1;0.68; 1; 1; 1; 2; 2; 2; 1; 1; 1
/home/experiments/nfa-bench/benchmarks/z3-noodler/automatark/complement/instance07912-2.mata;0.47; 21; 21; 21; 29; 29; 29; 37; 37; 37;0.73; 21; 21; 21; 29; 29; 29; 37; 37; 37
/home/experiments/nfa-bench/benchmarks/z3-noodler/automatark/complement/instance07945-1.mata;0.51; 11; 11; 11; 4; 4; 4; 11; 11; 11;0.66; 11; 11; 11; 4; 4; 4; 11; 11; 11
/home/experiments/nfa-bench/benchmarks/z3-noodler/automatark/complement/instance08022-1.mata;0.44; 10; 10; 10; 2; 2; 2; 10; 10; 10;0.74; 10; 10; 10; 2; 2; 2; 10; 10; 10
/home/experiments/nfa-bench/benchmarks/z3-noodler/automatark/complement/instance08022-10.mata;0.43; 26; 26; 26; 2; 2; 2; 26; 26; 26;0.65; 26; 26; 26; 2; 2; 2; 26; 26; 26
/home/experiments/nfa-bench/benchmarks/z3-noodler/automatark/complement/instance08022-11.mata;0.51; 26; 26; 26; 2; 2; 2; 26; 26; 26;0.69; 26; 26; 26; 2; 2; 2; 26; 26; 26
/home/experiments/nfa-bench/benchmarks/z3-noodler/automatark/complement/instance08022-12.mata;0.38; 1; 1; 1; 2; 2; 2; 1; 1; 1;0.71; 1; 1; 1; 2; 2; 2; 1; 1; 1
/home/experiments/nfa-bench/benchmarks/z3-noodler/automatark/complement/instance08022-13.mata;0.47; 10; 10; 10; 2; 2; 2; 10; 10; 10;0.68; 10; 10; 10; 2; 2; 2; 10; 10; 10
/home/experiments/nfa-bench/benchmarks/z3-noodler/automatark/complement/instance08022-14.mata;0.48; 26; 26; 26; 2; 2; 2; 26; 26; 26;0.76; 26; 26; 26; 2; 2; 2; 26; 26; 26
/home/experiments/nfa-bench/benchmarks/z3-noodler/automatark/complement/instance08022-15.mata;0.48; 26; 26; 26; 2; 2; 2; 26; 26; 26;0.77; 26; 26; 26; 2; 2; 2; 26; 26; 26
/home/experiments/nfa-bench/benchmarks/z3-noodler/automatark/complement/instance08022-16.mata;0.45; 1; 1; 1; 2; 2; 2; 1; 1; 1;0.63; 1; 1; 1; 2; 2; 2; 1; 1; 1
/home/experiments/nfa-bench/benchmarks/z3-noodler/automatark/complement/instance08022-17.mata;0.46; 1; 1; 1; 2; 2; 2; 1; 1; 1;0.79; 1; 1; 1; 2; 2; 2; 1; 1; 1
/home/experiments/nfa-bench/benchmarks/z3-noodler/automatark/complement/instance08022-18.mata;0.44; 97; 97; 97; 40; 40; 40; 2296; 2296; 2296;0.7; 97; 97; 97; 40; 40; 40; 2296; 2296; 2296
/home/experiments/nfa-bench/benchmarks/z3-noodler/automatark/complement/instance08022-2.mata;0.53; 26; 26; 26; 2; 2; 2; 26; 26; 26;0.74; 26; 26; 26; 2; 2; 2; 26; 26; 26
/home/experiments/nfa-bench/benchmarks/z3-noodler/automatark/complement/instance08022-3.mata;0.4; 26; 26; 26; 2; 2; 2; 26; 26; 26;0.75; 26; 26; 26; 2; 2; 2; 26; 26; 26
/home/experiments/nfa-bench/benchmarks/z3-noodler/automatark/complement/instance08022-4.mata;0.49; 1; 1; 1; 2; 2; 2; 1; 1; 1;0.67; 1; 1; 1; 2; 2; 2; 1; 1; 1
/home/experiments/nfa-bench/benchmarks/z3-noodler/automatark/complement/instance08022-5.mata;0.53; 10; 10; 10; 2; 2; 2; 10; 10; 10;0.75; 10; 10; 10; 2; 2; 2; 10; 10; 10
/home/experiments/nfa-bench/benchmarks/z3-noodler/automatark/complement/instance08022-6.mata;0.43; 26; 26; 26; 2; 2; 2; 26; 26; 26;0.63; 26; 26; 26; 2; 2; 2; 26; 26; 26
/home/experiments/nfa-bench/benchmarks/z3-noodler/automatark/complement/instance08022-7.mata;0.39; 26; 26; 26; 2; 2; 2; 26; 26; 26;0.78; 26; 26; 26; 2; 2; 2; 26; 26; 26
/home/experiments/nfa-bench/benchmarks/z3-noodler/automatark/complement/instance08022-8.mata;0.49; 1; 1; 1; 2; 2; 2; 1; 1; 1;0.62; 1; 1; 1; 2; 2; 2; 1; 1; 1
/home/experiments/nfa-bench/benchmarks/z3-noodler/automatark/complement/instance08022-9.mata;0.51; 10; 10; 10; 2; 2; 2; 10; 10; 10;0.73; 10; 10; 10; 2; 2; 2; 10; 10; 10
/home/experiments/nfa-bench/benchmarks/z3-noodler/automatark/complement/instance08075-1.mata;0.49; 1; 1; 1; 2; 2; 2; 1; 1; 1;0.64; 1; 1; 1; 2; 2; 2; 1; 1; 1
/home/experiments/nfa-bench/benchmarks/z3-noodler/automatark/complement/instance08075-2.mata;0.43; 1; 1; 1; 2; 2; 2; 1; 1; 1;0.76; 1; 1; 1; 2; 2; 2; 1; 1; 1
/home/experiments/nfa-bench/benchmarks/z3-noodler/automatark/complement/instance08075-3.mata;0.46; 1; 1; 1; 2; 2; 2; 1; 1; 1;0.75; 1; 1; 1; 2; 2; 2; 1; 1; 1
/home/experiments/nfa-bench/benchmarks/z3-noodler/automatark/complement/instance08075-4.mata;0.45; 1; 1; 1; 2; 2; 2; 1; 1; 1;0.64; 1; 1; 1; 2; 2; 2; 1; 1; 1
/home/experiments/nfa-bench/benchmarks/z3-noodler/automatark/complement/instance08167-1.mata;0.5; 1; 1; 1; 2; 2; 2; 1; 1; 1;0.68; 1; 1; 1; 2; 2; 2; 1; 1; 1
/home/experiments/nfa-bench/benchmarks/z3-noodler/automatark/complement/instance08167-2.mata;0.46; 28; 28; 28; 20; 20; 20; 290; 290; 290;0.69; 28; 28; 28; 20; 20; 20; 290; 290; 290
/home/experiments/nfa-bench/benchmarks/z3-noodler/automatark/complement/instance08188-1.mata;0.43; 11; 11; 11; 3; 3; 3; 21; 21; 21;0.71; 11; 11; 11; 3; 3; 3; 21; 21; 21
/home/experiments/nfa-bench/benchmarks/z3-noodler/automatark/complement/instance08188-2.mata;0.49; 28; 28; 28; 18; 18; 18; 65; 65; 65;0.69; 28; 28; 28; 18; 18; 18; 65; 65; 65
/home/experiments/nfa-bench/benchmarks/z3-noodler/automatark/complement/instance08188-3.mata;0.52; 57; 57; 57; 3; 3; 3; 109; 109; 109;0.68; 57; 57; 57; 3; 3; 3; 109; 109; 109
/home/experiments/nfa-bench/benchmarks/z3-noodler/automatark/complement/instance08219-1.mata;0.53; 1; 1; 1; 2; 2; 2; 1; 1; 1;0.74; 1; 1; 1; 2; 2; 2; 1; 1; 1
/home/experiments/nfa-bench/benchmarks/z3-noodler/automatark/complement/instance08219-10.mata;0.49; 1; 1; 1; 2; 2; 2; 1; 1; 1;0.62; 1; 1; 1; 2; 2; 2; 1; 1; 1
/home/experiments/nfa-bench/benchmarks/z3-noodler/automatark/complement/instance08219-2.mata;0.5; 1; 1; 1; 2; 2; 2; 1; 1; 1;0.7; 1; 1; 1; 2; 2; 2; 1; 1; 1
/home/experiments/nfa-bench/benchmarks/z3-noodler/automatark/complement/instance08219-3.mata;0.48; 1; 1; 1; 2; 2; 2; 1; 1; 1;0.74; 1; 1; 1; 2; 2; 2; 1; 1; 1
/home/experiments/nfa-bench/benchmarks/z3-noodler/automatark/complement/instance08219-4.mata;0.42; 1; 1; 1; 2; 2; 2; 1; 1; 1;0.68; 1; 1; 1; 2; 2; 2; 1; 1; 1
/home/experiments/nfa-bench/benchmarks/z3-noodler/automatark/complement/instance08219-5.mata;0.43; 1; 1; 1; 2; 2; 2; 1; 1; 1;0.69; 1; 1; 1; 2; 2; 2; 1; 1; 1
/home/experiments/nfa-bench/benchmarks/z3-noodler/automatark/complement/instance08219-6.mata;0.52; 1; 1; 1; 2; 2; 2; 1; 1; 1;0.73; 1; 1; 1; 2; 2; 2; 1; 1; 1
/home/experiments/nfa-bench/benchmarks/z3-noodler/automatark/complement/instance08219-7.mata;0.38; 1; 1; 1; 2; 2; 2; 1; 1; 1;0.7; 1; 1; 1; 2; 2; 2; 1; 1; 1
/home/experiments/nfa-bench/benchmarks/z3-noodler/automatark/complement/instance08219-8.mata;0.48; 1; 1; 1; 2; 2; 2; 1; 1; 1;0.75; 1; 1; 1; 2; 2; 2; 1; 1; 1
/home/experiments/nfa-bench/benchmarks/z3-noodler/automatark/complement/instance08219-9.mata;0.43; 1; 1; 1; 2; 2; 2; 1; 1; 1;0.84; 1; 1; 1; 2; 2; 2; 1; 1; 1
/home/experiments/nfa-bench/benchmarks/z3-noodler/automatark/complement/instance08425-1.mata;0.53; 39; 39; 39; 10; 10; 10; 201; 201; 201;0.69; 39; 39; 39; 10; 10; 10; 201; 201; 201
/home/experiments/nfa-bench/benchmarks/z3-noodler/automatark/complement/instance08425-2.mata;0.45; 11; 11; 11; 6; 6; 6; 13; 13; 13;0.68; 11; 11; 11; 6; 6; 6; 13; 13; 13
/home/experiments/nfa-bench/benchmarks/z3-noodler/automatark/complement/instance08425-3.mata;0.43; 27; 27; 27; 29; 29; 29; 47; 47; 47;0.6; 27; 27; 27; 29; 29; 29; 47; 47; 47
/home/experiments/nfa-bench/benchmarks/z3-noodler/automatark/complement/instance08425-4.mata;0.51; 12; 12; 12; 5; 5; 5; 43; 43; 43;0.73; 12; 12; 12; 5; 5; 5; 43; 43; 43
/home/experiments/nfa-bench/benchmarks/z3-noodler/automatark/complement/instance08472-1.mata;0.51; 23; 23; 23; 40; 40; 40; 39; 39; 39;0.64; 23; 23; 23; 40; 40; 40; 39; 39; 39
/home/experiments/nfa-bench/benchmarks/z3-noodler/automatark/complement/instance08537-1.mata;0.46; 36; 36; 36; 28; 28; 28; 91; 91; 91;0.68; 36; 36; 36; 28; 28; 28; 91; 91; 91
/home/experiments/nfa-bench/benchmarks/z3-noodler/automatark/complement/instance08537-2.mata;0.5; 24; 24; 24; 44; 44; 44; 43; 43; 43;0.72; 24; 24; 24; 44; 44; 44; 43; 43; 43
/home/experiments/nfa-bench/benchmarks/z3-noodler/automatark/complement/instance08649-1.mata;0.53; 22; 22; 22; 44; 44; 44; 43; 43; 43;0.72; 22; 22; 22; 44; 44; 44; 43; 43; 43
/home/experiments/nfa-bench/benchmarks/z3-noodler/automatark/complement/instance08649-2.mata;0.4; 1; 1; 1; 2; 2; 2; 1; 1; 1;0.73; 1; 1; 1; 2; 2; 2; 1; 1; 1
/home/experiments/nfa-bench/benchmarks/z3-noodler/automatark/complement/instance08649-3.mata;0.4; 10; 10; 10; 2; 2; 2; 10; 10; 10;0.7; 10; 10; 10; 2; 2; 2; 10; 10; 10
/home/experiments/nfa-bench/benchmarks/z3-noodler/automatark/complement/instance08649-4.mata;0.48; 26; 26; 26; 2; 2; 2; 26; 26; 26;0.78; 26; 26; 26; 2; 2; 2; 26; 26; 26
/home/experiments/nfa-bench/benchmarks/z3-noodler/automatark/complement/instance08649-5.mata;0.51; 26; 26; 26; 2; 2; 2; 26; 26; 26;0.61; 26; 26; 26; 2; 2; 2; 26; 26; 26
/home/experiments/nfa-bench/benchmarks/z3-noodler/automatark/complement/instance08649-6.mata;0.42; 1; 1; 1; 2; 2; 2; 1; 1; 1;0.66; 1; 1; 1; 2; 2; 2; 1; 1; 1
/home/experiments/nfa-bench/benchmarks/z3-noodler/automatark/complement/instance08649-7.mata;0.5; 85; 85; 85; 19; 19; 19; 1027; 1027; 1027;0.74; 85; 85; 85; 19; 19; 19; 1027; 1027; 1027
/home/experiments/nfa-bench/benchmarks/z3-noodler/automatark/complement/instance08649-8.mata;0.53; 76; 76; 76; 59; 59; 59; 3192; 3192; 3192;0.7; 76; 76; 76; 59; 59; 59; 3192; 3192; 3192
/home/experiments/nfa-bench/benchmarks/z3-noodler/automatark/complement/instance08921-1.mata;0.49; 1; 1; 1; 2; 2; 2; 1; 1; 1;0.63; 1; 1; 1; 2; 2; 2; 1; 1; 1
/home/experiments/nfa-bench/benchmarks/z3-noodler/automatark/complement/instance08921-10.mata;0.54; 26; 26; 26; 2; 2; 2; 26; 26; 26;0.68; 26; 26; 26; 2; 2; 2; 26; 26; 26
/home/experiments/nfa-bench/benchmarks/z3-noodler/automatark/complement/instance08921-11.mata;0.49; 26; 26; 26; 2; 2; 2; 26; 26; 26;0.73; 26; 26; 26; 2; 2; 2; 26; 26; 26
/home/experiments/nfa-bench/benchmarks/z3-noodler/automatark/complement/instance08921-12.mata;0.49; 1; 1; 1; 2; 2; 2; 1; 1; 1;0.7; 1; 1; 1; 2; 2; 2; 1; 1; 1
/home/experiments/nfa-bench/benchmarks/z3-noodler/automatark/complement/instance08921-13.mata;0.48; 10; 10; 10; 2; 2; 2; 10; 10; 10;0.77; 10; 10; 10; 2; 2; 2; 10; 10; 10
/home/experiments/nfa-bench/benchmarks/z3-noodler/automatark/complement/instance08921-14.mata;0.42; 26; 26; 26; 2; 2; 2; 26; 26; 26;0.76; 26; 26; 26; 2; 2; 2; 26; 26; 26
/home/experiments/nfa-bench/benchmarks/z3-noodler/automatark/complement/instance08921-15.mata;0.51; 26; 26; 26; 2; 2; 2; 26; 26; 26;0.64; 26; 26; 26; 2; 2; 2; 26; 26; 26
/home/experiments/nfa-bench/benchmarks/z3-noodler/automatark/complement/instance08921-16.mata;0.44; 1; 1; 1; 2; 2; 2; 1; 1; 1;0.71; 1; 1; 1; 2; 2; 2; 1; 1; 1
/home/experiments/nfa-bench/benchmarks/z3-noodler/automatark/complement/instance08921-17.mata;0.48; 10; 10; 10; 2; 2; 2; 10; 10; 10;0.7; 10; 10; 10; 2; 2; 2; 10; 10; 10
/home/experiments/nfa-bench/benchmarks/z3-noodler/automatark/complement/instance08921-18.mata;0.48; 26; 26; 26; 2; 2; 2; 26; 26; 26;0.66; 26; 26; 26; 2; 2; 2; 26; 26; 26
/home/experiments/nfa-bench/benchmarks/z3-noodler/automatark/complement/instance08921-19.mata;0.5; 26; 26; 26; 2; 2; 2; 26; 26; 26;0.73; 26; 26; 26; 2; 2; 2; 26; 26; 26
/home/experiments/nfa-bench/benchmarks/z3-noodler/automatark/complement/instance08921-2.mata;0.39; 76; 76; 76; 20; 20; 20; 770; 770; 770;0.69; 76; 76; 76; 20; 20; 20; 770; 770; 770
/home/experiments/nfa-bench/benchmarks/z3-noodler/automatark/complement/instance08921-20.mata;0.5; 1; 1; 1; 2; 2; 2; 1; 1; 1;0.65; 1; 1; 1; 2; 2; 2; 1; 1; 1
/home/experiments/nfa-bench/benchmarks/z3-noodler/automatark/complement/instance08921-21.mata;0.53; 10; 10; 10; 2; 2; 2; 10; 10; 10;0.74; 10; 10; 10; 2; 2; 2; 10; 10; 10
/home/experiments/nfa-bench/benchmarks/z3-noodler/automatark/complement/instance08921-22.mata;0.51; 26; 26; 26; 2; 2; 2; 26; 26; 26;0.77; 26; 26; 26; 2; 2; 2; 26; 26; 26
/home/experiments/nfa-bench/benchmarks/z3-noodler/automatark/complement/instance08921-23.mata;0.52; 26; 26; 26; 2; 2; 2; 26; 26; 26;0.57; 26; 26; 26; 2; 2; 2; 26; 26; 26
/home/experiments/nfa-bench/benchmarks/z3-noodler/automatark/complement/instance08921-24.mata;0.5; 1; 1; 1; 2; 2; 2; 1; 1; 1;0.6; 1; 1; 1; 2; 2; 2; 1; 1; 1
/home/experiments/nfa-bench/benchmarks/z3-noodler/automatark/complement/instance08921-3.mata;0.48; 1; 1; 1; 2; 2; 2; 1; 1; 1;0.74; 1; 1; 1; 2; 2; 2; 1; 1; 1
/home/experiments/nfa-bench/benchmarks/z3-noodler/automatark/complement/instance08921-4.mata;0.45; 76; 76; 76; 20; 20; 20; 770; 770; 770;0.78; 76; 76; 76; 20; 20; 20; 770; 770; 770
/home/experiments/nfa-bench/benchmarks/z3-noodler/automatark/complement/instance08921-5.mata;0.48; 10; 10; 10; 2; 2; 2; 10; 10; 10;0.77; 10; 10; 10; 2; 2; 2; 10; 10; 10
/home/experiments/nfa-bench/benchmarks/z3-noodler/automatark/complement/instance08921-6.mata;0.49; 26; 26; 26; 2; 2; 2; 26; 26; 26;0.74; 26; 26; 26; 2; 2; 2; 26; 26; 26
/home/experiments/nfa-bench/benchmarks/z3-noodler/automatark/complement/instance08921-7.mata;0.52; 26; 26; 26; 2; 2; 2; 26; 26; 26;0.73; 26; 26; 26; 2; 2; 2; 26; 26; 26
/home/experiments/nfa-bench/benchmarks/z3-noodler/automatark/complement/instance08921-8.mata;0.4; 1; 1; 1; 2; 2; 2; 1; 1; 1;0.64; 1; 1; 1; 2; 2; 2; 1; 1; 1
/home/experiments/nfa-bench/benchmarks/z3-noodler/automatark/complement/instance08921-9.mata;0.5; 10; 10; 10; 2; 2; 2; 10; 10; 10;0.73; 10; 10; 10; 2; 2; 2; 10; 10; 10
/home/experiments/nfa-bench/benchmarks/z3-noodler/automatark/complement/instance08976-1.mata;0.45; 14; 14; 14; 16; 16; 16; 16; 16; 16;0.64; 14; 14; 14; 16; 16; 16; 16; 16; 16
/home/experiments/nfa-bench/benchmarks/z3-noodler/automatark/complement/instance08976-2.mata;0.53; 19; 19; 19; 26; 26; 26; 44; 44; 44;0.69; 19; 19; 19; 26; 26; 26; 44; 44; 44
/home/experiments/nfa-bench/benchmarks/z3-noodler/automatark/complement/instance09058-1.mata;0.5; 1; 1; 1; 2; 2; 2; 1; 1; 1;0.68; 1; 1; 1; 2; 2; 2; 1; 1; 1
/home/experiments/nfa-bench/benchmarks/z3-noodler/automatark/complement/instance09058-2.mata;0.47; 26; 26; 26; 53; 53; 53; 54; 54; 54;0.74; 26; 26; 26; 53; 53; 53; 54; 54; 54
/home/experiments/nfa-bench/benchmarks/z3-noodler/automatark/complement/instance09058-3.mata;0.5; 29; 29; 29; 38; 38; 38; 46; 46; 46;0.72; 29; 29; 29; 38; 38; 38; 46; 46; 46
/home/experiments/nfa-bench/benchmarks/z3-noodler/automatark/complement/instance09234-1.mata;0.44; 68; 68; 68; 26; 26; 26; 970; 970; 970;0.75; 68; 68; 68; 26; 26; 26; 970; 970; 970
/home/experiments/nfa-bench/benchmarks/z3-noodler/automatark/complement/instance09234-2.mata;0.46; 1; 1; 1; 2; 2; 2; 1; 1; 1;0.74; 1; 1; 1; 2; 2; 2; 1; 1; 1
/home/experiments/nfa-bench/benchmarks/z3-noodler/automatark/complement/instance09263-1.mata;0.44; 20; 20; 20; 41; 41; 41; 40; 40; 40;0.73; 20; 20; 20; 41; 41; 41; 40; 40; 40
/home/experiments/nfa-bench/benchmarks/z3-noodler/automatark/complement/instance09326-1.mata;0.44; 24; 24; 24; 22; 22; 22; 40; 40; 40;0.73; 24; 24; 24; 22; 22; 22; 40; 40; 40
/home/experiments/nfa-bench/benchmarks/z3-noodler/automatark/complement/instance09326-2.mata;0.46; 1; 1; 1; 2; 2; 2; 1; 1; 1;0.73; 1; 1; 1; 2; 2; 2; 1; 1; 1
/home/experiments/nfa-bench/benchmarks/z3-noodler/automatark/complement/instance09326-3.mata;0.52; 52; 52; 52; 20; 20; 20; 530; 530; 530;0.58; 52; 52; 52; 20; 20; 20; 530; 530; 530
/home/experiments/nfa-bench/benchmarks/z3-noodler/automatark/complement/instance09326-4.mata;0.52; 52; 52; 52; 43; 43; 43; 1777; 1777; 1777;0.71; 52; 52; 52; 43; 43; 43; 1777; 1777; 1777
/home/experiments/nfa-bench/benchmarks/z3-noodler/automatark/complement/instance09633-1.mata;0.46; 34; 34; 34; 83; 83; 83; 82; 82; 82;0.7; 34; 34; 34; 83; 83; 83; 82; 82; 82
/home/experiments/nfa-bench/benchmarks/z3-noodler/automatark/complement/instance09664-1.mata;0.5; 15; 15; 15; 15; 15; 15; 115; 115; 115;0.76; 15; 15; 15; 15; 15; 15; 115; 115; 115
/home/experiments/nfa-bench/benchmarks/z3-noodler/automatark/complement/instance09776-1.mata;0.48; 12; 12; 12; 21; 21; 21; 20; 20; 20;0.75; 12; 12; 12; 21; 21; 21; 20; 20; 20
/home/experiments/nfa-bench/benchmarks/z3-noodler/automatark/complement/instance09799-1.mata;0.47; 66; 66; 66; 11; 11; 11; 138; 138; 138;0.66; 66; 66; 66; 11; 11; 11; 138; 138; 138
/home/experiments/nfa-bench/benchmarks/z3-noodler/automatark/complement/instance09849-1.mata;0.38; 29; 29; 29; 60; 60; 60; 59; 59; 59;0.68; 29; 29; 29; 60; 60; 60; 59; 59; 59
/home/experiments/nfa-bench/benchmarks/z3-noodler/automatark/complement/instance09849-2.mata;0.47; 40; 40; 40; 44; 44; 44; 787; 787; 787;0.76; 40; 40; 40; 44; 44; 44; 787; 787; 787
/home/experiments/nfa-bench/benchmarks/z3-noodler/automatark/complement/instance10015-1.mata;0.52; 37; 37; 37; 11; 11; 11; 119; 119; 119;0.59; 37; 37; 37; 11; 11; 11; 119; 119; 119
/home/experiments/nfa-bench/benchmarks/z3-noodler/automatark/complement/instance10042-1.mata;0.5; 14; 14; 14; 23; 23; 23; 22; 22; 22;0.74; 14; 14; 14; 23; 23; 23; 22; 22; 22
/home/experiments/nfa-bench/benchmarks/z3-noodler/automatark/complement/instance10107-1.mata;0.39; 11; 11; 11; 32; 32; 32; 177; 177; 177;0.74; 11; 11; 11; 32; 32; 32; 177; 177; 177
/home/experiments/nfa-bench/benchmarks/z3-noodler/automatark/complement/instance10107-2.mata;0.5; 1; 1; 1; 2; 2; 2; 1; 1; 1;0.63; 1; 1; 1; 2; 2; 2; 1; 1; 1
/home/experiments/nfa-bench/benchmarks/z3-noodler/automatark/complement/instance10107-3.mata;0.49; 80; 80; 80; 20; 20; 20; 810; 810; 810;0.62; 80; 80; 80; 20; 20; 20; 810; 810; 810
/home/experiments/nfa-bench/benchmarks/z3-noodler/automatark/complement/instance10107-4.mata;0.51; 14; 14; 14; 12; 12; 12; 94; 94; 94;0.66; 14; 14; 14; 12; 12; 12; 94; 94; 94
/home/experiments/nfa-bench/benchmarks/z3-noodler/automatark/complement/instance10279-1.mata;0.37; 12; 12; 12; 13; 13; 13; 14; 14; 14;0.75; 12; 12; 12; 13; 13; 13; 14; 14; 14
/home/experiments/nfa-bench/benchmarks/z3-noodler/automatark/complement/instance10279-2.mata;0.51; 15; 15; 15; 24; 24; 24; 23; 23; 23;0.69; 15; 15; 15; 24; 24; 24; 23; 23; 23
/home/experiments/nfa-bench/benchmarks/z3-noodler/automatark/complement/instance10296-1.mata;0.49; 1; 1; 1; 2; 2; 2; 1; 1; 1;0.74; 1; 1; 1; 2; 2; 2; 1; 1; 1
/home/experiments/nfa-bench/benchmarks/z3-noodler/automatark/complement/instance10296-2.mata;0.52; 10; 10; 10; 2; 2; 2; 10; 10; 10;0.65; 10; 10; 10; 2; 2; 2; 10; 10; 10
/home/experiments/nfa-bench/benchmarks/z3-noodler/automatark/complement/instance10296-3.mata;0.47; 26; 26; 26; 2; 2; 2; 26; 26; 26;0.59; 26; 26; 26; 2; 2; 2; 26; 26; 26
/home/experiments/nfa-bench/benchmarks/z3-noodler/automatark/complement/instance10296-4.mata;0.53; 26; 26; 26; 2; 2; 2; 26; 26; 26;0.74; 26; 26; 26; 2; 2; 2; 26; 26; 26
/home/experiments/nfa-bench/benchmarks/z3-noodler/automatark/complement/instance10296-5.mata;0.52; 1; 1; 1; 2; 2; 2; 1; 1; 1;0.59; 1; 1; 1; 2; 2; 2; 1; 1; 1
/home/experiments/nfa-bench/benchmarks/z3-noodler/automatark/complement/instance10296-6.mata;0.38; 79; 79; 79; 19; 19; 19; 955; 955; 955;0.79; 79; 79; 79; 19; 19; 19; 955; 955; 955
/home/experiments/nfa-bench/benchmarks/z3-noodler/automatark/complement/instance10384-1.mata;0.5; 75; 75; 75; 4; 4; 4; 226; 226; 226;0.62; 75; 75; 75; 4; 4; 4; 226; 226; 226
/home/experiments/nfa-bench/benchmarks/z3-noodler/automatark/complement/instance10384-2.mata;0.48; 11; 11; 11; 24; 24; 24; 23; 23; 23;0.79; 11; 11; 11; 24; 24; 24; 23; 23; 23
/home/experiments/nfa-bench/benchmarks/z3-noodler/automatark/complement/instance10412-1.mata;0.42; 21; 21; 21; 28; 28; 28; 27; 27; 27;0.68; 21; 21; 21; 28; 28; 28; 27; 27; 27
/home/experiments/nfa-bench/benchmarks/z3-noodler/automatark/complement/instance10412-2.mata;0.52; 11; 11; 11; 2; 2; 2; 11; 11; 11;0.68; 11; 11; 11; 2; 2; 2; 11; 11; 11
/home/experiments/nfa-bench/benchmarks/z3-noodler/automatark/complement/instance10557-1.mata;0.44; 69; 69; 69; 65; 65; 65; 873; 873; 873;0.74; 69; 69; 69; 65; 65; 65; 873; 873; 873
/home/experiments/nfa-bench/benchmarks/z3-noodler/automatark/complement/instance10629-1.mata;0.46; 11; 11; 11; 13; 13; 13; 14; 14; 14;0.72; 11; 11; 11; 13; 13; 13; 14; 14; 14
/home/experiments/nfa-bench/benchmarks/z3-noodler/automatark/complement/instance10691-1.mata;0.53; 20; 20; 20; 39; 39; 39; 38; 38; 38;0.73; 20; 20; 20; 39; 39; 39; 38; 38; 38
/home/experiments/nfa-bench/benchmarks/z3-noodler/automatark/complement/instance10783-1.mata;0.4; 1; 1; 1; 2; 2; 2; 1; 1; 1;0.71; 1; 1; 1; 2; 2; 2; 1; 1; 1
/home/experiments/nfa-bench/benchmarks/z3-noodler/automatark/complement/instance10783-2.mata;0.43; 1; 1; 1; 2; 2; 2; 1; 1; 1;0.74; 1; 1; 1; 2; 2; 2; 1; 1; 1
/home/experiments/nfa-bench/benchmarks/z3-noodler/automatark/complement/instance10804-1.mata;0.47; 23; 23; 23; 54; 54; 54; 53; 53; 53;0.67; 23; 23; 23; 54; 54; 54; 53; 53; 53
/home/experiments/nfa-bench/benchmarks/z3-noodler/automatark/complement/instance10804-2.mata;0.54; 16; 16; 16; 19; 19; 19; 18; 18; 18;0.61; 16; 16; 16; 19; 19; 19; 18; 18; 18
/home/experiments/nfa-bench/benchmarks/z3-noodler/automatark/complement/instance10941-1.mata;0.46; 1; 1; 1; 2; 2; 2; 1; 1; 1;0.7; 1; 1; 1; 2; 2; 2; 1; 1; 1
/home/experiments/nfa-bench/benchmarks/z3-noodler/automatark/complement/instance10941-2.mata;0.47; 53; 53; 53; 20; 20; 20; 540; 540; 540;0.7; 53; 53; 53; 20; 20; 20; 540; 540; 540
/home/experiments/nfa-bench/benchmarks/z3-noodler/automatark/complement/instance10941-3.mata;0.51; 12; 12; 12; 36; 36; 36; 203; 203; 203;0.7; 12; 12; 12; 36; 36; 36; 203; 203; 203
/home/experiments/nfa-bench/benchmarks/z3-noodler/automatark/complement/instance10941-4.mata;0.43; 27; 27; 27; 45; 45; 45; 44; 44; 44;0.71; 27; 27; 27; 45; 45; 45; 44; 44; 44
/home/experiments/nfa-bench/benchmarks/z3-noodler/automatark/complement/instance11038-1.mata;0.49; 23; 23; 23; 41; 41; 41; 40; 40; 40;0.71; 23; 23; 23; 41; 41; 41; 40; 40; 40
/home/experiments/nfa-bench/benchmarks/z3-noodler/automatark/complement/instance11038-2.mata;0.47; 24; 24; 24; 51; 51; 51; 50; 50; 50;0.67; 24; 24; 24; 51; 51; 51; 50; 50; 50
/home/experiments/nfa-bench/benchmarks/z3-noodler/automatark/complement/instance11080-1.mata;0.44; 12; 12; 12; 32; 32; 32; 251; 251; 251;0.73; 12; 12; 12; 32; 32; 32; 251; 251; 251
/home/experiments/nfa-bench/benchmarks/z3-noodler/automatark/complement/instance11192-1.mata;0.52; 1; 1; 1; 2; 2; 2; 1; 1; 1;0.63; 1; 1; 1; 2; 2; 2; 1; 1; 1
/home/experiments/nfa-bench/benchmarks/z3-noodler/automatark/complement/instance11192-2.mata;0.43; 18; 18; 18; 21; 21; 21; 119; 119; 119;0.73; 18; 18; 18; 21; 21; 21; 119; 119; 119
/home/experiments/nfa-bench/benchmarks/z3-noodler/automatark/complement/instance11192-3.mata;0.52; 1; 1; 1; 2; 2; 2; 1; 1; 1;0.73; 1; 1; 1; 2; 2; 2; 1; 1; 1
/home/experiments/nfa-bench/benchmarks/z3-noodler/automatark/complement/instance11192-4.mata;0.43; 32; 32; 32; 21; 21; 21; 362; 362; 362;0.73; 32; 32; 32; 21; 21; 21; 362; 362; 362
/home/experiments/nfa-bench/benchmarks/z3-noodler/automatark/complement/instance11254-1.mata;0.48; 70; 70; 70; 8; 8; 8; 145; 145; 145;0.68; 70; 70; 70; 8; 8; 8; 145; 145; 145
/home/experiments/nfa-bench/benchmarks/z3-noodler/automatark/complement/instance11346-1.mata;0.43; 1; 1; 1; 2; 2; 2; 1; 1; 1;0.67; 1; 1; 1; 2; 2; 2; 1; 1; 1
/home/experiments/nfa-bench/benchmarks/z3-noodler/automatark/complement/instance11346-2.mata;0.46; 72; 72; 72; 20; 20; 20; 730; 730; 730;0.74; 72; 72; 72; 20; 20; 20; 730; 730; 730
/home/experiments/nfa-bench/benchmarks/z3-noodler/automatark/complement/instance11346-3.mata;0.5; 1; 1; 1; 2; 2; 2; 1; 1; 1;0.73; 1; 1; 1; 2; 2; 2; 1; 1; 1
/home/experiments/nfa-bench/benchmarks/z3-noodler/automatark/complement/instance11346-4.mata;0.42; 72; 72; 72; 20; 20; 20; 730; 730; 730;0.62; 72; 72; 72; 20; 20; 20; 730; 730; 730
/home/experiments/nfa-bench/benchmarks/z3-noodler/automatark/complement/instance11468-1.mata;0.54; 3; 3; 3; 3; 3; 3; 5; 5; 5;0.75; 3; 3; 3; 3; 3; 3; 5; 5; 5
/home/experiments/nfa-bench/benchmarks/z3-noodler/automatark/complement/instance11468-2.mata;0.44; 16; 16; 16; 10; 10; 10; 28; 28; 28;0.76; 16; 16; 16; 10; 10; 10; 28; 28; 28
/home/experiments/nfa-bench/benchmarks/z3-noodler/automatark/complement/instance11468-3.mata;0.4; 25; 25; 25; 70; 70; 70; 69; 69; 69;0.65; 25; 25; 25; 70; 70; 70; 69; 69; 69
/home/experiments/nfa-bench/benchmarks/z3-noodler/automatark/complement/instance11468-4.mata;0.51; 61; 61; 61; 37; 37; 37; 1486; 1486; 1486;0.64; 61; 61; 61; 37; 37; 37; 1486; 1486; 1486
/home/experiments/nfa-bench/benchmarks/z3-noodler/automatark/complement/instance11487-1.mata;0.51; 1; 1; 1; 2; 2; 2; 1; 1; 1;0.73; 1; 1; 1; 2; 2; 2; 1; 1; 1
/home/experiments/nfa-bench/benchmarks/z3-noodler/automatark/complement/instance11487-2.mata;0.49; 79; 79; 79; 22; 22; 22; 958; 958; 958;0.74; 79; 79; 79; 22; 22; 22; 958; 958; 958
/home/experiments/nfa-bench/benchmarks/z3-noodler/automatark/complement/instance11487-3.mata;0.43; 37; 37; 37; 48; 48; 48; 66; 66; 66;0.6; 37; 37; 37; 48; 48; 48; 66; 66; 66
/home/experiments/nfa-bench/benchmarks/z3-noodler/automatark/complement/instance11487-4.mata;0.53; 12; 12; 12; 4; 4; 4; 33; 33; 33;0.65; 12; 12; 12; 4; 4; 4; 33; 33; 33
/home/experiments/nfa-bench/benchmarks/z3-noodler/automatark/complement/instance11653-1.mata;0.52; 17; 17; 17; 21; 21; 21; 122; 122; 122;0.64; 17; 17; 17; 21; 21; 21; 122; 122; 122
/home/experiments/nfa-bench/benchmarks/z3-noodler/automatark/complement/instance11653-2.mata;0.44; 19; 19; 19; 31; 31; 31; 30; 30; 30;0.67; 19; 19; 19; 31; 31; 31; 30; 30; 30
/home/experiments/nfa-bench/benchmarks/z3-noodler/automatark/complement/instance11716-1.mata;0.42; 1; 1; 1; 2; 2; 2; 1; 1; 1;0.76; 1; 1; 1; 2; 2; 2; 1; 1; 1
/home/experiments/nfa-bench/benchmarks/z3-noodler/automatark/complement/instance11716-2.mata;0.49; 82; 82; 82; 21; 21; 21; 912; 912; 912;0.77; 82; 82; 82; 21; 21; 21; 912; 912; 912
/home/experiments/nfa-bench/benchmarks/z3-noodler/automatark/complement/instance11716-3.mata;0.46; 12; 12; 12; 8; 8; 8; 66; 66; 66;0.72; 12; 12; 12; 8; 8; 8; 66; 66; 66
/home/experiments/nfa-bench/benchmarks/z3-noodler/automatark/complement/instance11716-4.mata;0.44; 31; 31; 31; 56; 56; 56; 55; 55; 55;0.69; 31; 31; 31; 56; 56; 56; 55; 55; 55
/home/experiments/nfa-bench/benchmarks/z3-noodler/automatark/complement/instance11716-5.mata;0.49; 1; 1; 1; 2; 2; 2; 1; 1; 1;0.7; 1; 1; 1; 2; 2; 2; 1; 1; 1
/home/experiments/nfa-bench/benchmarks/z3-noodler/automatark/complement/instance11716-6.mata;0.39; 1; 1; 1; 2; 2; 2; 1; 1; 1;0.73; 1; 1; 1; 2; 2; 2; 1; 1; 1
/home/experiments/nfa-bench/benchmarks/z3-noodler/automatark/complement/instance11829-1.mata;0.48; 48; 48; 48; 142; 142; 142; 4477; 4477; 4477;0.76; 48; 48; 48; 142; 142; 142; 4477; 4477; 4477
/home/experiments/nfa-bench/benchmarks/z3-noodler/automatark/complement/instance11829-2.mata;0.43; 11; 11; 11; 13; 13; 13; 14; 14; 14;0.7; 11; 11; 11; 13; 13; 13; 14; 14; 14
/home/experiments/nfa-bench/benchmarks/z3-noodler/automatark/complement/instance11829-3.mata;0.49; 20; 20; 20; 25; 25; 25; 42; 42; 42;0.67; 20; 20; 20; 25; 25; 25; 42; 42; 42
/home/experiments/nfa-bench/benchmarks/z3-noodler/automatark/complement/instance11829-4.mata;0.49; 62; 62; 62; 64; 64; 64; 1964; 1964; 1964;0.7; 62; 62; 62; 64; 64; 64; 1964; 1964; 1964
/home/experiments/nfa-bench/benchmarks/z3-noodler/automatark/complement/instance11983-1.mata;0.5; 44; 44; 44; 60; 60; 60; 78; 78; 78;0.69; 44; 44; 44; 60; 60; 60; 78; 78; 78
/home/experiments/nfa-bench/benchmarks/z3-noodler/automatark/complement/instance11983-2.mata;0.45; 30; 30; 30; 42; 42; 42; 50; 50; 50;0.68; 30; 30; 30; 42; 42; 42; 50; 50; 50
/home/experiments/nfa-bench/benchmarks/z3-noodler/automatark/complement/instance12028-1.mata;0.51; 44; 44; 44; 74; 74; 74; 96; 96; 96;0.71; 44; 44; 44; 74; 74; 74; 96; 96; 96
/home/experiments/nfa-bench/benchmarks/z3-noodler/automatark/complement/instance12028-2.mata;0.47; 12; 12; 12; 22; 22; 22; 204; 204; 204;0.75; 12; 12; 12; 22; 22; 22; 204; 204; 204
/home/experiments/nfa-bench/benchmarks/z3-noodler/automatark/complement/instance12028-3.mata;0.48; 57; 57; 57; 11; 11; 11; 117; 117; 117;0.71; 57; 57; 57; 11; 11; 11; 117; 117; 117
/home/experiments/nfa-bench/benchmarks/z3-noodler/automatark/complement/instance12090-1.mata;0.48; 1; 1; 1; 2; 2; 2; 1; 1; 1;0.64; 1; 1; 1; 2; 2; 2; 1; 1; 1
/home/experiments/nfa-bench/benchmarks/z3-noodler/automatark/complement/instance12182-1.mata;0.45; 1; 1; 1; 2; 2; 2; 1; 1; 1;0.75; 1; 1; 1; 2; 2; 2; 1; 1; 1
/home/experiments/nfa-bench/benchmarks/z3-noodler/automatark/complement/instance12182-2.mata;0.5; 1; 1; 1; 2; 2; 2; 1; 1; 1;0.76; 1; 1; 1; 2; 2; 2; 1; 1; 1
/home/experiments/nfa-bench/benchmarks/z3-noodler/automatark/complement/instance12182-3.mata;0.38; 97; 97; 97; 44; 44; 44; 3596; 3596; 3596;0.64; 97; 97; 97; 44; 44; 44; 3596; 3596; 3596
/home/experiments/nfa-bench/benchmarks/z3-noodler/automatark/complement/instance12182-4.mata;0.51; 18; 18; 18; 25; 25; 25; 249; 249; 249;0.74; 18; 18; 18; 25; 25; 25; 249; 249; 249
/home/experiments/nfa-bench/benchmarks/z3-noodler/automatark/complement/instance12182-5.mata;0.43; 1; 1; 1; 2; 2; 2; 1; 1; 1;0.7; 1; 1; 1; 2; 2; 2; 1; 1; 1
/home/experiments/nfa-bench/benchmarks/z3-noodler/automatark/complement/instance12182-6.mata;0.49; 97; 97; 97; 147; 147; 147; 2227; 2227; 2227;0.73; 97; 97; 97; 147; 147; 147; 2227; 2227; 2227
/home/experiments/nfa-bench/benchmarks/z3-noodler/automatark/complement/instance12213-1.mata;0.53; 27; 27; 27; 45; 45; 45; 44; 44; 44;0.73; 27; 27; 27; 45; 45; 45; 44; 44; 44
/home/experiments/nfa-bench/benchmarks/z3-noodler/automatark/complement/instance12244-1.mata;0.5; 13; 13; 13; 18; 18; 18; 154; 154; 154;0.65; 13; 13; 13; 18; 18; 18; 154; 154; 154
/home/experiments/nfa-bench/benchmarks/z3-noodler/automatark/complement/instance12244-2.mata;0.38; 24; 24; 24; 55; 55; 55; 579; 579; 579;0.69; 24; 24; 24; 55; 55; 55; 579; 579; 579
/home/experiments/nfa-bench/benchmarks/z3-noodler/automatark/complement/instance12301-1.mata;0.5; 11; 11; 11; 13; 13; 13; 14; 14; 14;0.69; 11; 11; 11; 13; 13; 13; 14; 14; 14
/home/experiments/nfa-bench/benchmarks/z3-noodler/automatark/complement/instance12301-2.mata;0.52; 1; 1; 1; 2; 2; 2; 1; 1; 1;0.62; 1; 1; 1; 2; 2; 2; 1; 1; 1
/home/experiments/nfa-bench/benchmarks/z3-noodler/automatark/complement/instance12301-3.mata;0.41; 1; 1; 1; 2; 2; 2; 1; 1; 1;0.77; 1; 1; 1; 2; 2; 2; 1; 1; 1
/home/experiments/nfa-bench/benchmarks/z3-noodler/automatark/complement/instance12301-4.mata;0.52; 75; 75; 75; 2; 2; 2; 150; 150; 150;0.66; 75; 75; 75; 2; 2; 2; 150; 150; 150
/home/experiments/nfa-bench/benchmarks/z3-noodler/automatark/complement/instance12356-1.mata;0.36; 12; 12; 12; 19; 19; 19; 104; 104; 104;0.7; 12; 12; 12; 19; 19; 19; 104; 104; 104
/home/experiments/nfa-bench/benchmarks/z3-noodler/automatark/complement/instance12356-2.mata;0.45; 1; 1; 1; 2; 2; 2; 1; 1; 1;0.74; 1; 1; 1; 2; 2; 2; 1; 1; 1
/home/experiments/nfa-bench/benchmarks/z3-noodler/automatark/complement/instance12356-3.mata;0.52; 78; 78; 78; 30; 30; 30; 877; 877; 877;0.78; 78; 78; 78; 30; 30; 30; 877; 877; 877
/home/experiments/nfa-bench/benchmarks/z3-noodler/automatark/complement/instance12356-4.mata;0.51; 34; 34; 34; 86; 86; 86; 85; 85; 85;0.56; 34; 34; 34; 86; 86; 86; 85; 85; 85
/home/experiments/nfa-bench/benchmarks/z3-noodler/automatark/complement/instance12478-1.mata;0.41; 11; 11; 11; 17; 17; 17; 27; 27; 27;0.79; 11; 11; 11; 17; 17; 17; 27; 27; 27
/home/experiments/nfa-bench/benchmarks/z3-noodler/automatark/complement/instance12478-2.mata;0.52; 24; 24; 24; 33; 33; 33; 32; 32; 32;0.74; 24; 24; 24; 33; 33; 33; 32; 32; 32
/home/experiments/nfa-bench/benchmarks/z3-noodler/automatark/complement/instance12478-3.mata;0.5; 99; 99; 99; 8; 8; 8; 105; 105; 105;0.61; 99; 99; 99; 8; 8; 8; 105; 105; 105
/home/experiments/nfa-bench/benchmarks/z3-noodler/automatark/complement/instance12585-1.mata;0.34; 10; 10; 10; 2; 2; 2; 10; 10; 10;0.61; 10; 10; 10; 2; 2; 2; 10; 10; 10
/home/experiments/nfa-bench/benchmarks/z3-noodler/automatark/complement/instance12585-2.mata;0.39; 10; 10; 10; 2; 2; 2; 10; 10; 10;0.71; 10; 10; 10; 2; 2; 2; 10; 10; 10
/home/experiments/nfa-bench/benchmarks/z3-noodler/automatark/complement/instance12585-3.mata;0.53; 51; 51; 51; 20; 20; 20; 797; 797; 797;0.71; 51; 51; 51; 20; 20; 20; 797; 797; 797
/home/experiments/nfa-bench/benchmarks/z3-noodler/automatark/complement/instance12585-4.mata;0.51; 1; 1; 1; 2; 2; 2; 1; 1; 1;0.66; 1; 1; 1; 2; 2; 2; 1; 1; 1
/home/experiments/nfa-bench/benchmarks/z3-noodler/automatark/complement/instance12585-5.mata;0.45; 51; 51; 51; 20; 20; 20; 520; 520; 520;0.74; 51; 51; 51; 20; 20; 20; 520; 520; 520
/home/experiments/nfa-bench/benchmarks/z3-noodler/automatark/complement/instance12614-1.mata;0.45; 16; 16; 16; 19; 19; 19; 115; 115; 115;0.72; 16; 16; 16; 19; 19; 19; 115; 115; 115
/home/experiments/nfa-bench/benchmarks/z3-noodler/automatark/complement/instance12643-1.mata;0.48; 24; 24; 24; 56; 56; 56; 73; 73; 73;0.77; 24; 24; 24; 56; 56; 56; 73; 73; 73
/home/experiments/nfa-bench/benchmarks/z3-noodler/automatark/complement/instance12706-1.mata;0.47; 14; 14; 14; 17; 17; 17; 103; 103; 103;0.72; 14; 14; 14; 17; 17; 17; 103; 103; 103
/home/experiments/nfa-bench/benchmarks/z3-noodler/automatark/complement/instance12751-1.mata;0.41; 18; 18; 18; 22; 22; 22; 24; 24; 24;0.73; 18; 18; 18; 22; 22; 22; 24; 24; 24
/home/experiments/nfa-bench/benchmarks/z3-noodler/automatark/complement/instance12839-1.mata;0.53; 68; 68; 68; 41; 41; 41; 1047; 1047; 1047;0.62; 68; 68; 68; 41; 41; 41; 1047; 1047; 1047
/home/experiments/nfa-bench/benchmarks/z3-noodler/automatark/complement/instance12839-2.mata;0.52; 1; 1; 1; 2; 2; 2; 1; 1; 1;0.71; 1; 1; 1; 2; 2; 2; 1; 1; 1
/home/experiments/nfa-bench/benchmarks/z3-noodler/automatark/complement/instance12839-3.mata;0.51; 80; 80; 80; 20; 20; 20; 810; 810; 810;0.73; 80; 80; 80; 20; 20; 20; 810; 810; 810
/home/experiments/nfa-bench/benchmarks/z3-noodler/automatark/complement/instance12839-4.mata;0.5; 68; 68; 68; 72; 72; 72; 3295; 3295; 3295;0.73; 68; 68; 68; 72; 72; 72; 3295; 3295; 3295
/home/experiments/nfa-bench/benchmarks/z3-noodler/automatark/complement/instance12881-1.mata;0.45; 12; 12; 12; 13; 13; 13; 14; 14; 14;0.66; 12; 12; 12; 13; 13; 13; 14; 14; 14
/home/experiments/nfa-bench/benchmarks/z3-noodler/automatark/complement/instance12881-2.mata;0.47; 18; 18; 18; 242; 242; 242; 3856; 3856; 3856;0.73; 18; 18; 18; 242; 242; 242; 3856; 3856; 3856
/home/experiments/nfa-bench/benchmarks/z3-noodler/automatark/complement/instance12881-3.mata;0.51; 1; 1; 1; 2; 2; 2; 1; 1; 1;0.7; 1; 1; 1; 2; 2; 2; 1; 1; 1
/home/experiments/nfa-bench/benchmarks/z3-noodler/automatark/complement/instance12881-4.mata;0.45; 51; 51; 51; 13; 13; 13; 264; 264; 264;0.66; 51; 51; 51; 13; 13; 13; 264; 264; 264
/home/experiments/nfa-bench/benchmarks/z3-noodler/automatark/complement/instance13005-1.mata;0.49; 21; 21; 21; 29; 29; 29; 37; 37; 37;0.69; 21; 21; 21; 29; 29; 29; 37; 37; 37
/home/experiments/nfa-bench/benchmarks/z3-noodler/automatark/complement/instance13052-1.mata;0.49; 12; 12; 12; 21; 21; 21; 20; 20; 20;0.66; 12; 12; 12; 21; 21; 21; 20; 20; 20
/home/experiments/nfa-bench/benchmarks/z3-noodler/automatark/complement/instance13117-1.mata;0.48; 1; 1; 1; 2; 2; 2; 1; 1; 1;0.77; 1; 1; 1; 2; 2; 2; 1; 1; 1
/home/experiments/nfa-bench/benchmarks/z3-noodler/automatark/complement/instance13117-2.mata;0.45; 13; 13; 13; 5; 5; 5; 43; 43; 43;0.73; 13; 13; 13; 5; 5; 5; 43; 43; 43
/home/experiments/nfa-bench/benchmarks/z3-noodler/automatark/complement/instance13140-1.mata;0.47; 68; 68; 68; 41; 41; 41; 413; 413; 413;0.73; 68; 68; 68; 41; 41; 41; 413; 413; 413
/home/experiments/nfa-bench/benchmarks/z3-noodler/automatark/complement/instance13140-2.mata;0.43; 15; 15; 15; 14; 14; 14; 147; 147; 147;0.75; 15; 15; 15; 14; 14; 14; 147; 147; 147
/home/experiments/nfa-bench/benchmarks/z3-noodler/automatark/complement/instance13269-1.mata;0.44; 10; 10; 10; 16; 16; 16; 15; 15; 15;0.73; 10; 10; 10; 16; 16; 16; 15; 15; 15
/home/experiments/nfa-bench/benchmarks/z3-noodler/automatark/complement/instance13269-2.mata;0.45; 17; 17; 17; 39; 39; 39; 344; 344; 344;0.76; 17; 17; 17; 39; 39; 39; 344; 344; 344
/home/experiments/nfa-bench/benchmarks/z3-noodler/automatark/complement/instance13269-3.mata;0.44; 40; 40; 40; 24; 24; 24; 279; 279; 279;0.61; 40; 40; 40; 24; 24; 24; 279; 279; 279
/home/experiments/nfa-bench/benchmarks/z3-noodler/automatark/complement/instance13269-4.mata;0.52; 45; 45; 45; 41; 41; 41; 120; 120; 120;0.76; 45; 45; 45; 41; 41; 41; 120; 120; 120
/home/experiments/nfa-bench/benchmarks/z3-noodler/automatark/complement/instance13394-1.mata;0.54; 1; 1; 1; 2; 2; 2; 1; 1; 1;0.67; 1; 1; 1; 2; 2; 2; 1; 1; 1
/home/experiments/nfa-bench/benchmarks/z3-noodler/automatark/complement/instance13455-1.mata;0.41; 76; 76; 76; 28; 28; 28; 886; 886; 886;0.74; 76; 76; 76; 28; 28; 28; 886; 886; 886
/home/experiments/nfa-bench/benchmarks/z3-noodler/automatark/complement/instance13455-2.mata;0.44; 18; 18; 18; 21; 21; 21; 21; 21; 21;0.64; 18; 18; 18; 21; 21; 21; 21; 21; 21
/home/experiments/nfa-bench/benchmarks/z3-noodler/automatark/complement/instance13455-3.mata;0.5; 11; 11; 11; 4; 4; 4; 21; 21; 21;0.6; 11; 11; 11; 4; 4; 4; 21; 21; 21
/home/experiments/nfa-bench/benchmarks/z3-noodler/automatark/complement/instance13510-1.mata;0.49; 1; 1; 1; 2; 2; 2; 1; 1; 1;0.73; 1; 1; 1; 2; 2; 2; 1; 1; 1
/home/experiments/nfa-bench/benchmarks/z3-noodler/automatark/complement/instance13510-2.mata;0.47; 65; 65; 65; 133; 133; 133; 8323; 8323; 8323;0.78; 65; 65; 65; 133; 133; 133; 8323; 8323; 8323
/home/experiments/nfa-bench/benchmarks/z3-noodler/automatark/complement/instance13547-1.mata;0.4; 74; 74; 74; 13; 13; 13; 595; 595; 595;0.78; 74; 74; 74; 13; 13; 13; 595; 595; 595
/home/experiments/nfa-bench/benchmarks/z3-noodler/automatark/complement/instance13547-2.mata;0.52; 14; 14; 14; 7; 7; 7; 69; 69; 69;0.66; 14; 14; 14; 7; 7; 7; 69; 69; 69
/home/experiments/nfa-bench/benchmarks/z3-noodler/automatark/complement/instance13639-1.mata;0.48; 1; 1; 1; 2; 2; 2; 1; 1; 1;0.69; 1; 1; 1; 2; 2; 2; 1; 1; 1
/home/experiments/nfa-bench/benchmarks/z3-noodler/automatark/complement/instance13639-2.mata;0.44; 1; 1; 1; 2; 2; 2; 1; 1; 1;0.74; 1; 1; 1; 2; 2; 2; 1; 1; 1
/home/experiments/nfa-bench/benchmarks/z3-noodler/automatark/complement/instance13639-3.mata;0.41; 79; 79; 79; 2; 2; 2; 158; 158; 158;0.72; 79; 79; 79; 2; 2; 2; 158; 158; 158
/home/experiments/nfa-bench/benchmarks/z3-noodler/automatark/complement/instance13639-4.mata;0.52; 1; 1; 1; 2; 2; 2; 1; 1; 1;0.67; 1; 1; 1; 2; 2; 2; 1; 1; 1
/home/experiments/nfa-bench/benchmarks/z3-noodler/automatark/complement/instance13639-5.mata;0.41; 79; 79; 79; 20; 20; 20; 800; 800; 800;0.71; 79; 79; 79; 20; 20; 20; 800; 800; 800
/home/experiments/nfa-bench/benchmarks/z3-noodler/automatark/complement/instance13639-6.mata;0.51; 1; 1; 1; 2; 2; 2; 1; 1; 1;0.74; 1; 1; 1; 2; 2; 2; 1; 1; 1
/home/experiments/nfa-bench/benchmarks/z3-noodler/automatark/complement/instance13639-7.mata;0.46; 79; 79; 79; 20; 20; 20; 800; 800; 800;0.67; 79; 79; 79; 20; 20; 20; 800; 800; 800
/home/experiments/nfa-bench/benchmarks/z3-noodler/automatark/complement/instance13681-1.mata;0.46; 1; 1; 1; 2; 2; 2; 1; 1; 1;0.71; 1; 1; 1; 2; 2; 2; 1; 1; 1
/home/experiments/nfa-bench/benchmarks/z3-noodler/automatark/complement/instance13814-1.mata;0.52; 19; 19; 19; 27; 27; 27; 26; 26; 26;0.65; 19; 19; 19; 27; 27; 27; 26; 26; 26
/home/experiments/nfa-bench/benchmarks/z3-noodler/automatark/complement/instance13814-2.mata;0.4; 1; 1; 1; 2; 2; 2; 1; 1; 1;0.74; 1; 1; 1; 2; 2; 2; 1; 1; 1
/home/experiments/nfa-bench/benchmarks/z3-noodler/automatark/complement/instance13814-3.mata;0.49; 77; 77; 77; 56; 56; 56; 3401; 3401; 3401;0.72; 77; 77; 77; 56; 56; 56; 3401; 3401; 3401
/home/experiments/nfa-bench/benchmarks/z3-noodler/automatark/complement/instance13814-4.mata;0.51; 12; 12; 12; 5; 5; 5; 32; 32; 32;0.8; 12; 12; 12; 5; 5; 5; 32; 32; 32
/home/experiments/nfa-bench/benchmarks/z3-noodler/automatark/complement/instance13843-1.mata;0.41; 86; 86; 86; 47; 47; 47; 3525; 3525; 3525;0.66; 86; 86; 86; 47; 47; 47; 3525; 3525; 3525
/home/experiments/nfa-bench/benchmarks/z3-noodler/automatark/complement/instance13906-1.mata;0.51; 15; 15; 15; 29; 29; 29; 28; 28; 28;0.66; 15; 15; 15; 29; 29; 29; 28; 28; 28
/home/experiments/nfa-bench/benchmarks/z3-noodler/automatark/complement/instance13951-1.mata;0.5; 1; 1; 1; 2; 2; 2; 1; 1; 1;0.78; 1; 1; 1; 2; 2; 2; 1; 1; 1
/home/experiments/nfa-bench/benchmarks/z3-noodler/automatark/complement/instance13951-2.mata;0.38; 50; 50; 50; 20; 20; 20; 510; 510; 510;0.75; 50; 50; 50; 20; 20; 20; 510; 510; 510
/home/experiments/nfa-bench/benchmarks/z3-noodler/automatark/complement/instance13951-3.mata;0.49; 35; 35; 35; 46; 46; 46; 54; 54; 54;0.68; 35; 35; 35; 46; 46; 46; 54; 54; 54
/home/experiments/nfa-bench/benchmarks/z3-noodler/automatark/complement/instance13951-4.mata;0.4; 17; 17; 17; 19; 19; 19; 27; 27; 27;0.69; 17; 17; 17; 19; 19; 19; 27; 27; 27
/home/experiments/nfa-bench/benchmarks/z3-noodler/automatark/complement/instance14001-1.mata;0.5; 1; 1; 1; 2; 2; 2; 1; 1; 1;0.68; 1; 1; 1; 2; 2; 2; 1; 1; 1
/home/experiments/nfa-bench/benchmarks/z3-noodler/automatark/complement/instance14001-2.mata;0.41; 37; 37; 37; 20; 20; 20; 380; 380; 380;0.68; 37; 37; 37; 20; 20; 20; 380; 380; 380
/home/experiments/nfa-bench/benchmarks/z3-noodler/automatark/complement/instance14001-3.mata;0.48; 17; 17; 17; 42; 42; 42; 41; 41; 41;0.74; 17; 17; 17; 42; 42; 42; 41; 41; 41
/home/experiments/nfa-bench/benchmarks/z3-noodler/automatark/complement/instance14001-4.mata;0.46; 17; 17; 17; 32; 32; 32; 206; 206; 206;0.71; 17; 17; 17; 32; 32; 32; 206; 206; 206
/home/experiments/nfa-bench/benchmarks/z3-noodler/automatark/complement/instance14144-1.mata;0.53; 25; 25; 25; 50; 50; 50; 49; 49; 49;0.72; 25; 25; 25; 50; 50; 50; 49; 49; 49
/home/experiments/nfa-bench/benchmarks/z3-noodler/automatark/complement/instance14328-1.mata;0.51; 32; 32; 32; 4; 4; 4; 128; 128; 128;0.59; 32; 32; 32; 4; 4; 4; 128; 128; 128
/home/experiments/nfa-bench/benchmarks/z3-noodler/automatark/complement/instance14328-2.mata;0.38; 1; 1; 1; 2; 2; 2; 1; 1; 1;0.72; 1; 1; 1; 2; 2; 2; 1; 1; 1
/home/experiments/nfa-bench/benchmarks/z3-noodler/automatark/complement/instance14328-3.mata;0.42; 11; 11; 11; 7; 7; 7; 46; 46; 46;0.71; 11; 11; 11; 7; 7; 7; 46; 46; 46
/home/experiments/nfa-bench/benchmarks/z3-noodler/automatark/complement/instance14390-1.mata;0.53; 1; 1; 1; 2; 2; 2; 1; 1; 1;0.75; 1; 1; 1; 2; 2; 2; 1; 1; 1
/home/experiments/nfa-bench/benchmarks/z3-noodler/automatark/complement/instance14451-1.mata;0.53; 65; 65; 65; 25; 25; 25; 1537; 1537; 1537;0.62; 65; 65; 65; 25; 25; 25; 1537; 1537; 1537
/home/experiments/nfa-bench/benchmarks/z3-noodler/automatark/complement/instance14451-2.mata;0.51; 40; 40; 40; 24; 24; 24; 279; 279; 279;0.73; 40; 40; 40; 24; 24; 24; 279; 279; 279
/home/experiments/nfa-bench/benchmarks/z3-noodler/automatark/complement/instance14451-3.mata;0.52; 25; 25; 25; 18; 18; 18; 119; 119; 119;0.76; 25; 25; 25; 18; 18; 18; 119; 119; 119
/home/experiments/nfa-bench/benchmarks/z3-noodler/automatark/complement/instance14685-1.mata;0.4; 13; 13; 13; 6; 6; 6; 56; 56; 56;0.64; 13; 13; 13; 6; 6; 6; 56; 56; 56
/home/experiments/nfa-bench/benchmarks/z3-noodler/automatark/complement/instance14685-2.mata;0.51; 76; 76; 76; 4; 4; 4; 134; 134; 134;0.7; 76; 76; 76; 4; 4; 4; 134; 134; 134
/home/experiments/nfa-bench/benchmarks/z3-noodler/automatark/complement/instance14778-1.mata;0.46; 11; 11; 11; 18; 18; 18; 155; 155; 155;0.75; 11; 11; 11; 18; 18; 18; 155; 155; 155
/home/experiments/nfa-bench/benchmarks/z3-noodler/automatark/complement/instance14797-1.mata;0.42; 20; 20; 20; 41; 41; 41; 529; 529; 529;0.72; 20; 20; 20; 41; 41; 41; 529; 529; 529
/home/experiments/nfa-bench/benchmarks/z3-noodler/automatark/complement/instance14847-1.mata;0.49; 74; 74; 74; 82; 82; 82; 4318; 4318; 4318;0.7; 74; 74; 74; 82; 82; 82; 4318; 4318; 4318
/home/experiments/nfa-bench/benchmarks/z3-noodler/automatark/complement/instance14847-2.mata;0.43; 63; 63; 63; 12; 12; 12; 353; 353; 353;0.73; 63; 63; 63; 12; 12; 12; 353; 353; 353
/home/experiments/nfa-bench/benchmarks/z3-noodler/automatark/complement/instance14902-1.mata;0.46; 64; 64; 64; 3; 3; 3; 64; 64; 64;0.7; 64; 64; 64; 3; 3; 3; 64; 64; 64
/home/experiments/nfa-bench/benchmarks/z3-noodler/automatark/complement/instance15094-1.mata;0.42; 1; 1; 1; 2; 2; 2; 1; 1; 1;0.78; 1; 1; 1; 2; 2; 2; 1; 1; 1
/home/experiments/nfa-bench/benchmarks/z3-noodler/automatark/complement/instance15094-2.mata;0.52; 76; 76; 76; 50; 50; 50; 3373; 3373; 3373;0.75; 76; 76; 76; 50; 50; 50; 3373; 3373; 3373
/home/experiments/nfa-bench/benchmarks/z3-noodler/automatark/complement/instance15094-3.mata;0.4; 23; 23; 23; 51; 51; 51; 50; 50; 50;0.66; 23; 23; 23; 51; 51; 51; 50; 50; 50
/home/experiments/nfa-bench/benchmarks/z3-noodler/automatark/complement/instance15169-1.mata;0.45; 30; 30; 30; 59; 59; 59; 58; 58; 58;0.67; 30; 30; 30; 59; 59; 59; 58; 58; 58
/home/experiments/nfa-bench/benchmarks/z3-noodler/automatark/complement/instance15169-2.mata;0.51; 36; 36; 36; 50; 50; 50; 77; 77; 77;0.65; 36; 36; 36; 50; 50; 50; 77; 77; 77
/home/experiments/nfa-bench/benchmarks/z3-noodler/automatark/complement/instance15169-3.mata;0.48; 27; 27; 27; 43; 43; 43; 51; 51; 51;0.71; 27; 27; 27; 43; 43; 43; 51; 51; 51
/home/experiments/nfa-bench/benchmarks/z3-noodler/automatark/complement/instance15186-1.mata;0.47; 38; 38; 38; 84; 84; 84; 96; 96; 96;0.76; 38; 38; 38; 84; 84; 84; 96; 96; 96
/home/experiments/nfa-bench/benchmarks/z3-noodler/automatark/complement/instance15186-2.mata;0.44; 19; 19; 19; 27; 27; 27; 26; 26; 26;0.71; 19; 19; 19; 27; 27; 27; 26; 26; 26
/home/experiments/nfa-bench/benchmarks/z3-noodler/automatark/complement/instance15217-1.mata;0.4; 57; 57; 57; 30; 30; 30; 783; 783; 783;0.75; 57; 57; 57; 30; 30; 30; 783; 783; 783
/home/experiments/nfa-bench/benchmarks/z3-noodler/automatark/complement/instance15217-10.mata;0.5; 25; 25; 25; 45; 45; 45; 44; 44; 44;0.73; 25; 25; 25; 45; 45; 45; 44; 44; 44
/home/experiments/nfa-bench/benchmarks/z3-noodler/automatark/complement/instance15217-11.mata;0.49; 64; 64; 64; 23; 23; 23; 414; 414; 414;0.69; 64; 64; 64; 23; 23; 23; 414; 414; 414
/home/experiments/nfa-bench/benchmarks/z3-noodler/automatark/complement/instance15217-2.mata;0.48; 1; 1; 1; 2; 2; 2; 1; 1; 1;0.67; 1; 1; 1; 2; 2; 2; 1; 1; 1
/home/experiments/nfa-bench/benchmarks/z3-noodler/automatark/complement/instance15217-3.mata;0.44; 1; 1; 1; 2; 2; 2; 1; 1; 1;0.71; 1; 1; 1; 2; 2; 2; 1; 1; 1
/home/experiments/nfa-bench/benchmarks/z3-noodler/automatark/complement/instance15217-4.mata;0.53; 1; 1; 1; 2; 2; 2; 1; 1; 1;0.62; 1; 1; 1; 2; 2; 2; 1; 1; 1
/home/experiments/nfa-bench/benchmarks/z3-noodler/automatark/complement/instance15217-5.mata;0.42; 1; 1; 1; 2; 2; 2; 1; 1; 1;0.72; 1; 1; 1; 2; 2; 2; 1; 1; 1
/home/experiments/nfa-bench/benchmarks/z3-noodler/automatark/complement/instance15217-6.mata;0.5; 1; 1; 1; 2; 2; 2; 1; 1; 1;0.72; 1; 1; 1; 2; 2; 2; 1; 1; 1
/home/experiments/nfa-bench/benchmarks/z3-noodler/automatark/complement/instance15217-7.mata;0.53; 1; 1; 1; 2; 2; 2; 1; 1; 1;0.75; 1; 1; 1; 2; 2; 2; 1; 1; 1
/home/experiments/nfa-bench/benchmarks/z3-noodler/automatark/complement/instance15217-8.mata;0.39; 1; 1; 1; 2; 2; 2; 1; 1; 1;0.72; 1; 1; 1; 2; 2; 2; 1; 1; 1
/home/experiments/nfa-bench/benchmarks/z3-noodler/automatark/complement/instance15217-9.mata;0.53; 1; 1; 1; 2; 2; 2; 1; 1; 1;0.75; 1; 1; 1; 2; 2; 2; 1; 1; 1
/home/experiments/nfa-bench/benchmarks/z3-noodler/automatark/complement/instance15240-1.mata;0.42; 15; 15; 15; 25; 25; 25; 24; 24; 24;0.72; 15; 15; 15; 25; 25; 25; 24; 24; 24
/home/experiments/nfa-bench/benchmarks/z3-noodler/automatark/complement/instance15240-2.mata;0.42; 29; 29; 29; 51; 51; 51; 59; 59; 59;0.75; 29; 29; 29; 51; 51; 51; 59; 59; 59
/home/experiments/nfa-bench/benchmarks/z3-noodler/automatark/complement/instance15305-1.mata;0.42; 19; 19; 19; 34; 34; 34; 33; 33; 33;0.71; 19; 19; 19; 34; 34; 34; 33; 33; 33
/home/experiments/nfa-bench/benchmarks/z3-noodler/automatark/complement/instance15493-1.mata;0.43; 24; 24; 24; 22; 22; 22; 49; 49; 49;0.73; 24; 24; 24; 22; 22; 22; 49; 49; 49
/home/experiments/nfa-bench/benchmarks/z3-noodler/automatark/complement/instance15493-2.mata;0.51; 12; 12; 12; 8; 8; 8; 35; 35; 35;0.6; 12; 12; 12; 8; 8; 8; 35; 35; 35
/home/experiments/nfa-bench/benchmarks/z3-noodler/automatark/complement/instance15493-3.mata;0.38; 10; 10; 10; 13; 13; 13; 14; 14; 14;0.74; 10; 10; 10; 13; 13; 13; 14; 14; 14
/home/experiments/nfa-bench/benchmarks/z3-noodler/automatark/complement/instance15539-1.mata;0.5; 26; 26; 26; 44; 44; 44; 43; 43; 43;0.75; 26; 26; 26; 44; 44; 44; 43; 43; 43
/home/experiments/nfa-bench/benchmarks/z3-noodler/automatark/complement/instance15539-2.mata;0.49; 1; 1; 1; 2; 2; 2; 1; 1; 1;0.65; 1; 1; 1; 2; 2; 2; 1; 1; 1
/home/experiments/nfa-bench/benchmarks/z3-noodler/automatark/complement/instance15539-3.mata;0.52; 47; 47; 47; 27; 27; 27; 671; 671; 671;0.76; 47; 47; 47; 27; 27; 27; 671; 671; 671
/home/experiments/nfa-bench/benchmarks/z3-noodler/automatark/complement/instance15581-1.mata;0.45; 43; 43; 43; 57; 57; 57; 737; 737; 737;0.75; 43; 43; 43; 57; 57; 57; 737; 737; 737
/home/experiments/nfa-bench/benchmarks/z3-noodler/automatark/complement/instance15647-1.mata;0.52; 1; 1; 1; 2; 2; 2; 1; 1; 1;0.7; 1; 1; 1; 2; 2; 2; 1; 1; 1
/home/experiments/nfa-bench/benchmarks/z3-noodler/automatark/complement/instance15647-2.mata;0.53; 68; 68; 68; 5; 5; 5; 194; 194; 194;0.71; 68; 68; 68; 5; 5; 5; 194; 194; 194
/home/experiments/nfa-bench/benchmarks/z3-noodler/automatark/complement/instance15755-1.mata;0.37; 28; 28; 28; 46; 46; 46; 49; 49; 49;0.69; 28; 28; 28; 46; 46; 46; 49; 49; 49
/home/experiments/nfa-bench/benchmarks/z3-noodler/automatark/complement/instance15885-1.mata;0.44; 24; 24; 24; 43; 43; 43; 42; 42; 42;0.7; 24; 24; 24; 43; 43; 43; 42; 42; 42
/home/experiments/nfa-bench/benchmarks/z3-noodler/automatark/complement/instance15885-2.mata;0.51; 1; 1; 1; 2; 2; 2; 1; 1; 1;0.68; 1; 1; 1; 2; 2; 2; 1; 1; 1
/home/experiments/nfa-bench/benchmarks/z3-noodler/automatark/complement/instance15978-1.mata;0.44; 11; 11; 11; 3; 3; 3; 21; 21; 21;0.5; 11; 11; 11; 3; 3; 3; 21; 21; 21
