name;mata-runtime;mata-mataparsing;mata-compl;mata-trim;mata-emptiness_check;mata-emptiness_check_result;mata-overall;mata-old-runtime;mata-old-mataparsing;mata-old-compl;mata-old-trim;mata-old-emptiness_check;mata-old-emptiness_check_result;mata-old-overall
/home/experiments/nfa-bench/benchmarks/z3-noodler/automatark/complement-big/instance06042.mata;0.1; 0.042353; 0.057986; 0.000254; 0.00012; false; 0.108159;0.11; 0.057037; 0.054713; 0.000217; 0.000101; false; 0.119315
/home/experiments/nfa-bench/benchmarks/z3-noodler/automatark/complement-big/instance06076.mata;0.01; 0.003592; 0.002967; 0.000321; 0.000165; false; 0.008962;0.0; 0.004514; 0.002565; 0.000228; 0.000146; false; 0.009391
/home/experiments/nfa-bench/benchmarks/z3-noodler/automatark/complement-big/instance06210.mata;0.01; 0.006685; 0.001434; 0.00011; 2.6e-05; false; 0.010201;0.0; 0.004807; 0.000575; 5e-05; 3.3e-05; false; 0.006439
/home/experiments/nfa-bench/benchmarks/z3-noodler/automatark/complement-big/instance06234.mata;0.01; 0.011492; 0.002287; 0.000177; 4.9e-05; false; 0.017038;0.01; 0.015895; 0.000978; 0.000109; 2.9e-05; false; 0.018714
/home/experiments/nfa-bench/benchmarks/z3-noodler/automatark/complement-big/instance06244.mata;0.0; 0.005432; 0.000736; 5.6e-05; 2.3e-05; false; 0.007591;0.01; 0.014719; 0.001121; 0.000108; 3.7e-05; false; 0.018621
/home/experiments/nfa-bench/benchmarks/z3-noodler/automatark/complement-big/instance06264.mata;ERR;ERR;ERR;ERR;ERR;ERR;ERR;ERR;ERR;ERR;ERR;ERR;ERR;ERR
/home/experiments/nfa-bench/benchmarks/z3-noodler/automatark/complement-big/instance06295.mata;0.0; 0.005644; 0.000831; 0.00011; 2.8e-05; false; 0.008093;0.01; 0.014836; 0.001069; 0.000113; 3.8e-05; false; 0.018609
/home/experiments/nfa-bench/benchmarks/z3-noodler/automatark/complement-big/instance06296.mata;0.04; 0.023912; 0.009321; 0.000487; 9.3e-05; false; 0.04251;0.05; 0.052324; 0.004116; 0.000277; 5.1e-05; false; 0.061867
/home/experiments/nfa-bench/benchmarks/z3-noodler/automatark/complement-big/instance06368.mata;0.0; 0.000756; 0.000612; 8.1e-05; 3.8e-05; false; 0.002165;0.0; 0.000843; 0.0006; 7.2e-05; 4.4e-05; false; 0.002221
/home/experiments/nfa-bench/benchmarks/z3-noodler/automatark/complement-big/instance06421.mata;0.02; 0.015547; 0.00199; 0.00024; 0.000256; false; 0.021768;0.02; 0.023022; 0.00324; 0.000343; 0.000211; false; 0.030974
/home/experiments/nfa-bench/benchmarks/z3-noodler/automatark/complement-big/instance06476.mata;21.06; 19.7408; 0.543506; 0.000452; 0.000124; false; 21.44;13.1; 13.2176; 0.609474; 0.000788; 0.000291; false; 14.6207
/home/experiments/nfa-bench/benchmarks/z3-noodler/automatark/complement-big/instance06499.mata;0.21; 0.021935; 0.182495; 0.001781; 0.000173; false; 0.213631;0.2; 0.029253; 0.173821; 0.002395; 0.00026; false; 0.213246
/home/experiments/nfa-bench/benchmarks/z3-noodler/automatark/complement-big/instance06516.mata;0.01; 0.009877; 0.000543; 5.3e-05; 3.3e-05; false; 0.012486;0.02; 0.025982; 0.001115; 8.2e-05; 4.6e-05; false; 0.030678
/home/experiments/nfa-bench/benchmarks/z3-noodler/automatark/complement-big/instance06570.mata;0.0; 0.000493; 0.000572; 7e-05; 1.4e-05; false; 0.001809;0.0; 0.000541; 0.00059; 7e-05; 1.5e-05; false; 0.001763
/home/experiments/nfa-bench/benchmarks/z3-noodler/automatark/complement-big/instance06590.mata;0.03; 0.019089; 0.007906; 0.000422; 5.1e-05; false; 0.03264;0.06; 0.05137; 0.013185; 0.000736; 7.9e-05; false; 0.074046
/home/experiments/nfa-bench/benchmarks/z3-noodler/automatark/complement-big/instance06599.mata;0.07; 0.056921; 0.003804; 0.000152; 9.7e-05; false; 0.071865;0.09; 0.090154; 0.003667; 0.000173; 0.000111; false; 0.10516
/home/experiments/nfa-bench/benchmarks/z3-noodler/automatark/complement-big/instance06612.mata;0.05; 0.040283; 0.004086; 9.7e-05; 0.000166; false; 0.053349;0.07; 0.064448; 0.003516; 0.000241; 0.000249; false; 0.077791
/home/experiments/nfa-bench/benchmarks/z3-noodler/automatark/complement-big/instance06622.mata;0.11; 0.087024; 0.009951; 0.000549; 0.000356; false; 0.112037;0.13; 0.121056; 0.007363; 0.000413; 0.00027; false; 0.147858
/home/experiments/nfa-bench/benchmarks/z3-noodler/automatark/complement-big/instance06647.mata;0.47; 0.436031; 0.005297; 0.000132; 8.2e-05; false; 0.488552;0.43; 0.447686; 0.00531; 0.000116; 7.2e-05; false; 0.492727
/home/experiments/nfa-bench/benchmarks/z3-noodler/automatark/complement-big/instance06650.mata;0.02; 0.011591; 0.009327; 0.000479; 6.5e-05; false; 0.025107;0.02; 0.015573; 0.008071; 0.000367; 5.4e-05; false; 0.02721
/home/experiments/nfa-bench/benchmarks/z3-noodler/automatark/complement-big/instance06665.mata;0.01; 0.011186; 0.001404; 0.000138; 4.7e-05; false; 0.015382;0.02; 0.01783; 0.001126; 9.8e-05; 3.8e-05; false; 0.02164
/home/experiments/nfa-bench/benchmarks/z3-noodler/automatark/complement-big/instance06671.mata;0.01; 0.007456; 0.001225; 0.000135; 3.9e-05; false; 0.010907;0.01; 0.009646; 0.000987; 8.7e-05; 2.8e-05; false; 0.012588
/home/experiments/nfa-bench/benchmarks/z3-noodler/automatark/complement-big/instance06704.mata;0.01; 0.006273; 0.007399; 0.000248; 0.000166; false; 0.016726;0.01; 0.00722; 0.007219; 0.000448; 0.000295; false; 0.018776
/home/experiments/nfa-bench/benchmarks/z3-noodler/automatark/complement-big/instance06722.mata;0.05; 0.041883; 0.00435; 0.000175; 0.000151; false; 0.055564;0.05; 0.039956; 0.003619; 0.000271; 0.00028; false; 0.053138
/home/experiments/nfa-bench/benchmarks/z3-noodler/automatark/complement-big/instance06730.mata;0.01; 0.013393; 0.001631; 8.9e-05; 4.9e-05; false; 0.01825;0.02; 0.018641; 0.001385; 9.3e-05; 6e-05; false; 0.023522
/home/experiments/nfa-bench/benchmarks/z3-noodler/automatark/complement-big/instance06770.mata;0.12; 0.044876; 0.072976; 0.003118; 0.000294; false; 0.136716;0.13; 0.055134; 0.065431; 0.002482; 0.000258; false; 0.136986
/home/experiments/nfa-bench/benchmarks/z3-noodler/automatark/complement-big/instance06780.mata;0.0; 0.001938; 0.001105; 0.000105; 7e-05; false; 0.004425;0.0; 0.002497; 0.000873; 0.000103; 7.4e-05; false; 0.004637
/home/experiments/nfa-bench/benchmarks/z3-noodler/automatark/complement-big/instance06846.mata;0.05; 0.043787; 0.00519; 0.00026; 0.00013; false; 0.058815;0.06; 0.061362; 0.004119; 0.000226; 0.000121; false; 0.075123
/home/experiments/nfa-bench/benchmarks/z3-noodler/automatark/complement-big/instance06848.mata;0.0; 0.001856; 0.002672; 0.00034; 0.0001; false; 0.007213;0.0; 0.002167; 0.002664; 0.000329; 0.000176; false; 0.007323
/home/experiments/nfa-bench/benchmarks/z3-noodler/automatark/complement-big/instance06892.mata;0.0; 0.006711; 0.001246; 9.9e-05; 4.3e-05; false; 0.009977;0.01; 0.007703; 0.001088; 8.9e-05; 7.5e-05; false; 0.010596
/home/experiments/nfa-bench/benchmarks/z3-noodler/automatark/complement-big/instance06928.mata;13.05; 11.854; 0.282969; 0.000931; 0.000444; false; 13.4291;15.52; 16.2708; 0.199321; 0.000337; 0.000186; false; 17.2773
/home/experiments/nfa-bench/benchmarks/z3-noodler/automatark/complement-big/instance06935.mata;0.12; 0.099613; 0.006604; 0.0004; 0.000305; false; 0.128923;0.09; 0.079648; 0.002701; 0.000302; 0.000272; false; 0.094049
/home/experiments/nfa-bench/benchmarks/z3-noodler/automatark/complement-big/instance06956.mata;0.0; 0.000452; 0.000299; 4.4e-05; 2.7e-05; false; 0.001279;0.0; 0.000444; 0.000292; 3.9e-05; 2.6e-05; false; 0.001175
/home/experiments/nfa-bench/benchmarks/z3-noodler/automatark/complement-big/instance06963.mata;0.02; 0.012634; 0.006939; 0.000436; 0.000149; false; 0.024305;0.05; 0.033286; 0.012328; 0.000518; 9.7e-05; false; 0.052114
/home/experiments/nfa-bench/benchmarks/z3-noodler/automatark/complement-big/instance06975.mata;0.0; 0.001703; 0.001998; 0.000174; 7.2e-05; false; 0.005023;0.0; 0.001987; 0.001732; 0.000105; 6.6e-05; false; 0.004782
/home/experiments/nfa-bench/benchmarks/z3-noodler/automatark/complement-big/instance07006.mata;0.09; 0.081744; 0.005096; 0.000233; 0.000176; false; 0.099427;0.13; 0.116168; 0.007279; 0.000386; 0.000251; false; 0.142477
/home/experiments/nfa-bench/benchmarks/z3-noodler/automatark/complement-big/instance07019.mata;0.03; 0.02572; 0.003123; 0.000158; 8.9e-05; false; 0.034967;0.04; 0.034779; 0.002335; 0.000143; 8.2e-05; false; 0.043014
/home/experiments/nfa-bench/benchmarks/z3-noodler/automatark/complement-big/instance07040.mata;0.0; 0.001405; 0.001216; 0.00012; 6.7e-05; false; 0.003752;0.0; 0.001343; 0.001181; 0.000112; 6.8e-05; false; 0.003582
/home/experiments/nfa-bench/benchmarks/z3-noodler/automatark/complement-big/instance07045.mata;0.03; 0.023281; 0.003865; 0.000499; 4.9e-05; false; 0.035143;0.03; 0.024013; 0.003528; 0.000415; 5e-05; false; 0.034349
/home/experiments/nfa-bench/benchmarks/z3-noodler/automatark/complement-big/instance07064.mata;0.21; 0.006933; 0.196814; 0.007625; 0.000255; false; 0.225794;0.21; 0.008913; 0.197643; 0.007462; 0.000197; false; 0.223489
/home/experiments/nfa-bench/benchmarks/z3-noodler/automatark/complement-big/instance07075.mata;18.83; 17.9392; 0.508626; 0.000361; 9.1e-05; false; 19.2217;13.68; 13.2242; 1.03888; 0.00125; 0.000331; false; 15.3567
/home/experiments/nfa-bench/benchmarks/z3-noodler/automatark/complement-big/instance07110.mata;0.0; 0.001719; 0.000314; 3.3e-05; 2.5e-05; false; 0.002882;0.0; 0.002086; 0.000318; 3.1e-05; 2.3e-05; false; 0.003147
/home/experiments/nfa-bench/benchmarks/z3-noodler/automatark/complement-big/instance07137.mata;0.2; 0.059987; 0.126288; 0.010599; 0.000159; false; 0.222469;0.18; 0.075463; 0.092766; 0.006279; 0.000178; false; 0.200579
/home/experiments/nfa-bench/benchmarks/z3-noodler/automatark/complement-big/instance07152.mata;0.01; 0.004529; 0.002188; 0.000265; 0.000139; false; 0.009511;0.01; 0.005528; 0.002158; 0.000232; 0.000143; false; 0.010167
/home/experiments/nfa-bench/benchmarks/z3-noodler/automatark/complement-big/instance07170.mata;0.0; 0.001543; 0.001737; 8.8e-05; 6.4e-05; false; 0.004357;0.0; 0.001826; 0.001598; 8.5e-05; 5.9e-05; false; 0.004388
/home/experiments/nfa-bench/benchmarks/z3-noodler/automatark/complement-big/instance07273.mata;0.03; 0.0256; 0.002921; 0.000131; 8.4e-05; false; 0.034477;0.03; 0.03282; 0.002311; 0.00018; 0.000111; false; 0.041525
/home/experiments/nfa-bench/benchmarks/z3-noodler/automatark/complement-big/instance07319.mata;0.03; 0.024146; 0.002969; 0.000131; 8.5e-05; false; 0.033018;0.02; 0.022894; 0.001195; 7.1e-05; 5e-05; false; 0.027417
/home/experiments/nfa-bench/benchmarks/z3-noodler/automatark/complement-big/instance07419.mata;0.15; 0.050296; 0.086263; 0.008064; 0.000139; false; 0.164928;0.22; 0.087728; 0.118409; 0.006797; 0.000154; false; 0.238725
/home/experiments/nfa-bench/benchmarks/z3-noodler/automatark/complement-big/instance07431.mata;0.0; 0.000626; 0.001107; 0.000195; 4.7e-05; false; 0.002966;0.0; 0.000964; 0.001452; 0.000311; 7.9e-05; false; 0.004164
/home/experiments/nfa-bench/benchmarks/z3-noodler/automatark/complement-big/instance07461.mata;0.01; 0.011139; 0.001021; 8.1e-05; 3.6e-05; false; 0.014483;0.01; 0.012307; 0.000833; 7.4e-05; 3.1e-05; false; 0.015467
/home/experiments/nfa-bench/benchmarks/z3-noodler/automatark/complement-big/instance07468.mata;0.0; 0.002209; 0.002035; 0.000253; 8.4e-05; false; 0.006364;0.0; 0.002825; 0.001875; 0.000248; 0.000105; false; 0.006735
/home/experiments/nfa-bench/benchmarks/z3-noodler/automatark/complement-big/instance07473.mata;0.0; 0.000892; 0.000146; 2.2e-05; 1.3e-05; false; 0.001489;0.0; 0.001034; 0.00013; 1.4e-05; 1.2e-05; false; 0.001526
/home/experiments/nfa-bench/benchmarks/z3-noodler/automatark/complement-big/instance07591.mata;0.0; 0.003792; 0.000668; 7.7e-05; 2.2e-05; false; 0.005733;0.0; 0.005438; 0.000527; 7.8e-05; 1.8e-05; false; 0.007188
/home/experiments/nfa-bench/benchmarks/z3-noodler/automatark/complement-big/instance07609.mata;0.22; 0.153898; 0.040501; 0.002767; 0.000368; false; 0.231817;0.17; 0.128283; 0.031539; 0.002138; 0.000319; false; 0.184077
/home/experiments/nfa-bench/benchmarks/z3-noodler/automatark/complement-big/instance07622.mata;0.01; 0.011738; 0.001238; 0.000102; 4e-05; false; 0.015938;0.02; 0.016978; 0.001435; 8.5e-05; 3.5e-05; false; 0.020981
/home/experiments/nfa-bench/benchmarks/z3-noodler/automatark/complement-big/instance07668.mata;0.01; 0.010573; 0.00425; 0.000458; 0.000226; false; 0.019632;0.01; 0.007675; 0.001925; 0.00027; 0.000147; false; 0.012187
/home/experiments/nfa-bench/benchmarks/z3-noodler/automatark/complement-big/instance07669.mata;0.36; 0.062973; 0.269363; 0.008793; 0.000567; false; 0.382074;0.25; 0.068144; 0.164822; 0.007905; 0.000518; false; 0.265707
/home/experiments/nfa-bench/benchmarks/z3-noodler/automatark/complement-big/instance07674.mata;0.12; 0.029035; 0.08387; 0.002835; 0.000244; false; 0.129596;0.08; 0.035842; 0.043056; 0.002183; 0.000216; false; 0.089681
/home/experiments/nfa-bench/benchmarks/z3-noodler/automatark/complement-big/instance07677.mata;0.01; 0.007725; 0.001251; 0.000125; 4e-05; false; 0.011282;0.01; 0.009542; 0.001018; 8.4e-05; 3e-05; false; 0.012562
/home/experiments/nfa-bench/benchmarks/z3-noodler/automatark/complement-big/instance07756.mata;9.91; 9.28159; 0.170672; 0.000238; 0.000142; false; 10.253;12.54; 12.4779; 0.31929; 0.000768; 0.000283; false; 13.7836
/home/experiments/nfa-bench/benchmarks/z3-noodler/automatark/complement-big/instance07783.mata;0.0; 0.0017; 0.000307; 3.1e-05; 2.4e-05; false; 0.002807;0.0; 0.002134; 0.00033; 3.1e-05; 2.2e-05; false; 0.003163
/home/experiments/nfa-bench/benchmarks/z3-noodler/automatark/complement-big/instance07807.mata;0.0; 0.003913; 0.00104; 9.2e-05; 7.8e-05; false; 0.006554;0.0; 0.004862; 0.000818; 8e-05; 5.8e-05; false; 0.007046
/home/experiments/nfa-bench/benchmarks/z3-noodler/automatark/complement-big/instance07937.mata;0.06; 0.04822; 0.004578; 0.000423; 0.000226; false; 0.06541;0.05; 0.044621; 0.003669; 0.000353; 0.000186; false; 0.060595
/home/experiments/nfa-bench/benchmarks/z3-noodler/automatark/complement-big/instance07947.mata;0.01; 0.005237; 0.001754; 0.000234; 4.5e-05; false; 0.009597;0.01; 0.006843; 0.001654; 0.000183; 5.2e-05; false; 0.010737
/home/experiments/nfa-bench/benchmarks/z3-noodler/automatark/complement-big/instance08001.mata;0.02; 0.011774; 0.009497; 0.00051; 5.9e-05; false; 0.025325;0.02; 0.016118; 0.008159; 0.000346; 5.2e-05; false; 0.027757
/home/experiments/nfa-bench/benchmarks/z3-noodler/automatark/complement-big/instance08023.mata;0.03; 0.018977; 0.003869; 0.000708; 6e-05; false; 0.031618;0.03; 0.024219; 0.001913; 0.000429; 4.7e-05; false; 0.031345
/home/experiments/nfa-bench/benchmarks/z3-noodler/automatark/complement-big/instance08029.mata;ERR;ERR;ERR;ERR;ERR;ERR;ERR;ERR;ERR;ERR;ERR;ERR;ERR;ERR
/home/experiments/nfa-bench/benchmarks/z3-noodler/automatark/complement-big/instance08074.mata;ERR;ERR;ERR;ERR;ERR;ERR;ERR;ERR;ERR;ERR;ERR;ERR;ERR;ERR
/home/experiments/nfa-bench/benchmarks/z3-noodler/automatark/complement-big/instance08114.mata;0.35; 0.047591; 0.274884; 0.008263; 0.000513; false; 0.369173;0.41; 0.094744; 0.26939; 0.010457; 0.00057; false; 0.418539
/home/experiments/nfa-bench/benchmarks/z3-noodler/automatark/complement-big/instance08116.mata;0.0; 0.001784; 0.001795; 0.000256; 4.6e-05; false; 0.005957;0.01; 0.003915; 0.003409; 0.000431; 0.0001; false; 0.011025
/home/experiments/nfa-bench/benchmarks/z3-noodler/automatark/complement-big/instance08118.mata;0.13; 0.123146; 0.001825; 8.8e-05; 9.7e-05; false; 0.142518;0.16; 0.174123; 0.001723; 9.4e-05; 8.9e-05; false; 0.191085
/home/experiments/nfa-bench/benchmarks/z3-noodler/automatark/complement-big/instance08130.mata;0.0; 0.001603; 0.000225; 2.3e-05; 2e-05; false; 0.002529;0.0; 0.001936; 0.000223; 2e-05; 2.1e-05; false; 0.002753
/home/experiments/nfa-bench/benchmarks/z3-noodler/automatark/complement-big/instance08186.mata;0.47; 0.431886; 0.00538; 0.000131; 9.4e-05; false; 0.48911;0.28; 0.30013; 0.00294; 7.2e-05; 5.1e-05; false; 0.326245
/home/experiments/nfa-bench/benchmarks/z3-noodler/automatark/complement-big/instance08189.mata;0.01; 0.003607; 0.005776; 0.000354; 2.1e-05; false; 0.011352;0.01; 0.004902; 0.006438; 0.000417; 2.3e-05; false; 0.013441
/home/experiments/nfa-bench/benchmarks/z3-noodler/automatark/complement-big/instance08201.mata;0.03; 0.028283; 0.005097; 0.000193; 5.7e-05; false; 0.039089;0.09; 0.078674; 0.008203; 0.000475; 0.000112; false; 0.099683
/home/experiments/nfa-bench/benchmarks/z3-noodler/automatark/complement-big/instance08207.mata;0.01; 0.009921; 0.000663; 5.1e-05; 5.4e-05; false; 0.012774;0.03; 0.027466; 0.001238; 8.9e-05; 7.4e-05; false; 0.033269
/home/experiments/nfa-bench/benchmarks/z3-noodler/automatark/complement-big/instance08227.mata;0.02; 0.019699; 0.002909; 0.000174; 4.5e-05; false; 0.026755;0.03; 0.027818; 0.002445; 0.000152; 4.3e-05; false; 0.034209
/home/experiments/nfa-bench/benchmarks/z3-noodler/automatark/complement-big/instance08252.mata;9.88; 9.09966; 0.197764; 0.000436; 0.000299; false; 10.1686;10.88; 10.9038; 0.287139; 0.000615; 0.000259; false; 12.1385
/home/experiments/nfa-bench/benchmarks/z3-noodler/automatark/complement-big/instance08289.mata;0.1; 0.079802; 0.00662; 0.000439; 0.000272; false; 0.103331;0.13; 0.116869; 0.005681; 0.000387; 0.000243; false; 0.139347
/home/experiments/nfa-bench/benchmarks/z3-noodler/automatark/complement-big/instance08297.mata;0.01; 0.010957; 0.001437; 0.000106; 3.7e-05; false; 0.015212;0.02; 0.015928; 0.001101; 7.9e-05; 3.5e-05; false; 0.019598
/home/experiments/nfa-bench/benchmarks/z3-noodler/automatark/complement-big/instance08347.mata;0.12; 0.029878; 0.085034; 0.00243; 0.000185; false; 0.13065;0.14; 0.044632; 0.081357; 0.002325; 0.000179; false; 0.141522
/home/experiments/nfa-bench/benchmarks/z3-noodler/automatark/complement-big/instance08361.mata;0.01; 0.003319; 0.003538; 0.000392; 6.2e-05; false; 0.010594;0.01; 0.004018; 0.003538; 0.00038; 6.7e-05; false; 0.010992
/home/experiments/nfa-bench/benchmarks/z3-noodler/automatark/complement-big/instance08416.mata;0.01; 0.003317; 0.003559; 0.000381; 6.5e-05; false; 0.010582;0.01; 0.004001; 0.003536; 0.000373; 7.1e-05; false; 0.010966
/home/experiments/nfa-bench/benchmarks/z3-noodler/automatark/complement-big/instance08518.mata;0.01; 0.009329; 0.002056; 0.000164; 3.9e-05; false; 0.014094;0.01; 0.012246; 0.001844; 0.000136; 3.5e-05; false; 0.016533
/home/experiments/nfa-bench/benchmarks/z3-noodler/automatark/complement-big/instance08521.mata;0.03; 0.019223; 0.003867; 0.000543; 5.1e-05; false; 0.031333;0.03; 0.025092; 0.003873; 0.000397; 5.1e-05; false; 0.035726
/home/experiments/nfa-bench/benchmarks/z3-noodler/automatark/complement-big/instance08567.mata;0.03; 0.019601; 0.003884; 0.000551; 4.9e-05; false; 0.031807;0.03; 0.029549; 0.003772; 0.0004; 4.9e-05; false; 0.040084
/home/experiments/nfa-bench/benchmarks/z3-noodler/automatark/complement-big/instance08588.mata;0.28; 0.255164; 0.003345; 0.000156; 0.000137; false; 0.286734;0.33; 0.33449; 0.003385; 0.00015; 0.00014; false; 0.365017
/home/experiments/nfa-bench/benchmarks/z3-noodler/automatark/complement-big/instance08621.mata;0.0; 0.002048; 0.001077; 0.000105; 7e-05; false; 0.004395;0.0; 0.002456; 0.000933; 8.6e-05; 6.4e-05; false; 0.004532
/home/experiments/nfa-bench/benchmarks/z3-noodler/automatark/complement-big/instance08650.mata;0.0; 0.000939; 0.00128; 0.000125; 3.4e-05; false; 0.003461;0.0; 0.001036; 0.001249; 0.000133; 3.6e-05; false; 0.003451
/home/experiments/nfa-bench/benchmarks/z3-noodler/automatark/complement-big/instance08686.mata;0.0; 0.005824; 0.001253; 9.5e-05; 4.1e-05; false; 0.00904;0.0; 0.007646; 0.001137; 9e-05; 7.4e-05; false; 0.010601
/home/experiments/nfa-bench/benchmarks/z3-noodler/automatark/complement-big/instance08692.mata;0.0; 0.002601; 0.001834; 0.000177; 0.000111; false; 0.006339;0.0; 0.003107; 0.001677; 0.000186; 0.000115; false; 0.006551
/home/experiments/nfa-bench/benchmarks/z3-noodler/automatark/complement-big/instance08717.mata;0.01; 0.011429; 0.002038; 0.00016; 4e-05; false; 0.016186;0.01; 0.0143; 0.001836; 0.000134; 3.4e-05; false; 0.018501
/home/experiments/nfa-bench/benchmarks/z3-noodler/automatark/complement-big/instance08769.mata;0.07; 0.044387; 0.015522; 0.000738; 8.8e-05; false; 0.07009;0.07; 0.057494; 0.012992; 0.000654; 7.8e-05; false; 0.079846
/home/experiments/nfa-bench/benchmarks/z3-noodler/automatark/complement-big/instance08817.mata;0.06; 0.037702; 0.015227; 0.000683; 7.9e-05; false; 0.062939;0.07; 0.058226; 0.013268; 0.000788; 8.8e-05; false; 0.081025
/home/experiments/nfa-bench/benchmarks/z3-noodler/automatark/complement-big/instance08868.mata;0.06; 0.025354; 0.016466; 0.003172; 0.000279; false; 0.064706;0.07; 0.035991; 0.014831; 0.003186; 0.000334; false; 0.071563
/home/experiments/nfa-bench/benchmarks/z3-noodler/automatark/complement-big/instance08891.mata;0.07; 0.065302; 0.003922; 0.000157; 0.000102; false; 0.079889;0.09; 0.089393; 0.003593; 0.00016; 0.000107; false; 0.103651
/home/experiments/nfa-bench/benchmarks/z3-noodler/automatark/complement-big/instance08893.mata;0.0; 0.001157; 0.001207; 0.000109; 6.8e-05; false; 0.003456;0.0; 0.001378; 0.001178; 0.000126; 6.7e-05; false; 0.003606
/home/experiments/nfa-bench/benchmarks/z3-noodler/automatark/complement-big/instance08923.mata;0.0; 0.001605; 0.000654; 5.3e-05; 4.6e-05; false; 0.003175;0.0; 0.001933; 0.00064; 5e-05; 4.1e-05; false; 0.003305
/home/experiments/nfa-bench/benchmarks/z3-noodler/automatark/complement-big/instance08956.mata;0.08; 0.068786; 0.007498; 0.000366; 0.000227; false; 0.091051;0.1; 0.091585; 0.00599; 0.000374; 0.000226; false; 0.112243
/home/experiments/nfa-bench/benchmarks/z3-noodler/automatark/complement-big/instance09008.mata;0.0; 0.000948; 0.002726; 0.000136; 8.7e-05; false; 0.004734;0.0; 0.001216; 0.00271; 0.000138; 8.4e-05; false; 0.004922
/home/experiments/nfa-bench/benchmarks/z3-noodler/automatark/complement-big/instance09052.mata;0.08; 0.067691; 0.007448; 0.000344; 0.000233; false; 0.089752;0.1; 0.091922; 0.006057; 0.000363; 0.000221; false; 0.1127
/home/experiments/nfa-bench/benchmarks/z3-noodler/automatark/complement-big/instance09085.mata;0.0; 0.002018; 0.001086; 9.7e-05; 6.7e-05; false; 0.004411;0.0; 0.002459; 0.000965; 9e-05; 6.6e-05; false; 0.004602
/home/experiments/nfa-bench/benchmarks/z3-noodler/automatark/complement-big/instance09099.mata;0.02; 0.020036; 0.001335; 8.1e-05; 5.7e-05; false; 0.025341;0.03; 0.027302; 0.001217; 6.7e-05; 5.2e-05; false; 0.032506
/home/experiments/nfa-bench/benchmarks/z3-noodler/automatark/complement-big/instance09109.mata;0.0; 0.001525; 0.001177; 0.000116; 7.1e-05; false; 0.003998;0.0; 0.001809; 0.001154; 0.000144; 6.9e-05; false; 0.004199
/home/experiments/nfa-bench/benchmarks/z3-noodler/automatark/complement-big/instance09150.mata;0.0; 0.000766; 0.001201; 0.000127; 3.8e-05; false; 0.003129;0.0; 0.000834; 0.001195; 0.000112; 3.6e-05; false; 0.003108
/home/experiments/nfa-bench/benchmarks/z3-noodler/automatark/complement-big/instance09179.mata;0.03; 0.01931; 0.004059; 0.000738; 6.2e-05; false; 0.032576;0.03; 0.025068; 0.003938; 0.00061; 7e-05; false; 0.036438
/home/experiments/nfa-bench/benchmarks/z3-noodler/automatark/complement-big/instance09190.mata;0.08; 0.068825; 0.007509; 0.000401; 0.000244; false; 0.091342;0.1; 0.091377; 0.005957; 0.00035; 0.000225; false; 0.112127
/home/experiments/nfa-bench/benchmarks/z3-noodler/automatark/complement-big/instance09195.mata;0.01; 0.011308; 0.001437; 0.000157; 4.8e-05; false; 0.015612;0.01; 0.017361; 0.001119; 9.1e-05; 3.7e-05; false; 0.021151
/home/experiments/nfa-bench/benchmarks/z3-noodler/automatark/complement-big/instance09233.mata;0.06; 0.037157; 0.015367; 0.000738; 8.4e-05; false; 0.062491;0.06; 0.051082; 0.01317; 0.000744; 9.6e-05; false; 0.073664
/home/experiments/nfa-bench/benchmarks/z3-noodler/automatark/complement-big/instance09248.mata;0.21; 0.026514; 0.18244; 0.001305; 0.000132; false; 0.217167;0.22; 0.03397; 0.180572; 0.001139; 0.000204; false; 0.222295
/home/experiments/nfa-bench/benchmarks/z3-noodler/automatark/complement-big/instance09312.mata;0.11; 0.088007; 0.00955; 0.0005; 0.000333; false; 0.117676;0.13; 0.117525; 0.00759; 0.000496; 0.000304; false; 0.144832
/home/experiments/nfa-bench/benchmarks/z3-noodler/automatark/complement-big/instance09322.mata;0.02; 0.022807; 0.002307; 0.0002; 9.4e-05; false; 0.029974;0.03; 0.030772; 0.002067; 0.00016; 5.6e-05; false; 0.037326
/home/experiments/nfa-bench/benchmarks/z3-noodler/automatark/complement-big/instance09423.mata;0.0; 0.001828; 0.000352; 3.3e-05; 2.3e-05; false; 0.002968;0.0; 0.002512; 0.000325; 3e-05; 2.3e-05; false; 0.003506
/home/experiments/nfa-bench/benchmarks/z3-noodler/automatark/complement-big/instance09445.mata;0.0; 0.003132; 0.000782; 7.7e-05; 4.7e-05; false; 0.005185;0.0; 0.004479; 0.000692; 5.9e-05; 4.4e-05; false; 0.006249
/home/experiments/nfa-bench/benchmarks/z3-noodler/automatark/complement-big/instance09458.mata;0.03; 0.019186; 0.003833; 0.000526; 5.4e-05; false; 0.031203;0.04; 0.02914; 0.003822; 0.000484; 5e-05; false; 0.0399
/home/experiments/nfa-bench/benchmarks/z3-noodler/automatark/complement-big/instance09460.mata;0.0; 0.001189; 0.00122; 0.000119; 7.4e-05; false; 0.003599;0.0; 0.001379; 0.00117; 0.000114; 6.9e-05; false; 0.003614
/home/experiments/nfa-bench/benchmarks/z3-noodler/automatark/complement-big/instance09507.mata;0.02; 0.016411; 0.001929; 0.000124; 5.8e-05; false; 0.022164;0.02; 0.021824; 0.001519; 9.9e-05; 5.3e-05; false; 0.027111
/home/experiments/nfa-bench/benchmarks/z3-noodler/automatark/complement-big/instance09604.mata;0.01; 0.005389; 0.001763; 0.000231; 4.1e-05; false; 0.009717;0.01; 0.006648; 0.001602; 0.00014; 4e-05; false; 0.010318
/home/experiments/nfa-bench/benchmarks/z3-noodler/automatark/complement-big/instance09609.mata;0.0; 0.000754; 0.000609; 6.7e-05; 4e-05; false; 0.002186;0.0; 0.000908; 0.000602; 6.4e-05; 4.2e-05; false; 0.002256
/home/experiments/nfa-bench/benchmarks/z3-noodler/automatark/complement-big/instance09685.mata;0.0; 0.004537; 0.002315; 0.000232; 0.000147; false; 0.009532;0.01; 0.00575; 0.002168; 0.000206; 0.000138; false; 0.010335
/home/experiments/nfa-bench/benchmarks/z3-noodler/automatark/complement-big/instance09752.mata;0.02; 0.011999; 0.009317; 0.000463; 6e-05; false; 0.025233;0.02; 0.015967; 0.00827; 0.000319; 5.1e-05; false; 0.027765
/home/experiments/nfa-bench/benchmarks/z3-noodler/automatark/complement-big/instance09781.mata;0.0; 0.001542; 0.001185; 0.000137; 7.1e-05; false; 0.004074;0.0; 0.001782; 0.001156; 0.000118; 7e-05; false; 0.004111
/home/experiments/nfa-bench/benchmarks/z3-noodler/automatark/complement-big/instance09843.mata;0.01; 0.011495; 0.001619; 0.000112; 4.2e-05; false; 0.016052;0.01; 0.015395; 0.001332; 9.7e-05; 4.1e-05; false; 0.019572
/home/experiments/nfa-bench/benchmarks/z3-noodler/automatark/complement-big/instance09860.mata;0.07; 0.026192; 0.017907; 0.005304; 0.000527; false; 0.074359;0.07; 0.032867; 0.019005; 0.005719; 0.000403; false; 0.081241
/home/experiments/nfa-bench/benchmarks/z3-noodler/automatark/complement-big/instance09878.mata;0.03; 0.02021; 0.004122; 0.000858; 0.000124; false; 0.034062;0.03; 0.026088; 0.00425; 0.000702; 7.4e-05; false; 0.03957
/home/experiments/nfa-bench/benchmarks/z3-noodler/automatark/complement-big/instance09881.mata;0.02; 0.019534; 0.003956; 0.000635; 5.5e-05; false; 0.032089;0.03; 0.025125; 0.003931; 0.000611; 7.4e-05; false; 0.036629
/home/experiments/nfa-bench/benchmarks/z3-noodler/automatark/complement-big/instance09928.mata;0.01; 0.009397; 0.002115; 0.000221; 0.000112; false; 0.014501;0.01; 0.012268; 0.001859; 0.000154; 3.6e-05; false; 0.016607
/home/experiments/nfa-bench/benchmarks/z3-noodler/automatark/complement-big/instance10051.mata;0.01; 0.014135; 0.001745; 9.8e-05; 5.2e-05; false; 0.019211;0.02; 0.01863; 0.001392; 9.4e-05; 4.7e-05; false; 0.023354
/home/experiments/nfa-bench/benchmarks/z3-noodler/automatark/complement-big/instance10088.mata;0.02; 0.023266; 0.002336; 0.000177; 7.5e-05; false; 0.030228;0.03; 0.031139; 0.00208; 0.000141; 5.5e-05; false; 0.037718
/home/experiments/nfa-bench/benchmarks/z3-noodler/automatark/complement-big/instance10092.mata;ERR;ERR;ERR;ERR;ERR;ERR;ERR;ERR;ERR;ERR;ERR;ERR;ERR;ERR
/home/experiments/nfa-bench/benchmarks/z3-noodler/automatark/complement-big/instance10101.mata;0.22; 0.069319; 0.124516; 0.01079; 0.000165; false; 0.231562;0.24; 0.093178; 0.122439; 0.006827; 0.00018; false; 0.24903
/home/experiments/nfa-bench/benchmarks/z3-noodler/automatark/complement-big/instance10136.mata;0.09; 0.0526; 0.034521; 0.000207; 0.00022; false; 0.097301;0.11; 0.072191; 0.035625; 0.000224; 0.000199; false; 0.117282
/home/experiments/nfa-bench/benchmarks/z3-noodler/automatark/complement-big/instance10159.mata;0.0; 0.000756; 0.001201; 0.000129; 4.3e-05; false; 0.003109;0.0; 0.000922; 0.00125; 0.000143; 3.7e-05; false; 0.003367
/home/experiments/nfa-bench/benchmarks/z3-noodler/automatark/complement-big/instance10191.mata;0.01; 0.00574; 0.001248; 0.000106; 4.3e-05; false; 0.00894;0.01; 0.007514; 0.001071; 8.4e-05; 7.2e-05; false; 0.010341
/home/experiments/nfa-bench/benchmarks/z3-noodler/automatark/complement-big/instance10231.mata;0.1; 0.053125; 0.035391; 0.000169; 0.000195; false; 0.09847;0.11; 0.070912; 0.035421; 0.000209; 0.000219; false; 0.115718
/home/experiments/nfa-bench/benchmarks/z3-noodler/automatark/complement-big/instance10311.mata;0.03; 0.025801; 0.002938; 0.000142; 8.4e-05; false; 0.034567;0.04; 0.03482; 0.002336; 0.000142; 8.3e-05; false; 0.043025
/home/experiments/nfa-bench/benchmarks/z3-noodler/automatark/complement-big/instance10323.mata;0.0; 0.000936; 0.002573; 0.000129; 7.4e-05; false; 0.004534;0.0; 0.001032; 0.002458; 0.000126; 7.4e-05; false; 0.004438
/home/experiments/nfa-bench/benchmarks/z3-noodler/automatark/complement-big/instance10352.mata;0.06; 0.048427; 0.00428; 0.000361; 0.000191; false; 0.064124;0.07; 0.065136; 0.003594; 0.000276; 0.000171; false; 0.08007
/home/experiments/nfa-bench/benchmarks/z3-noodler/automatark/complement-big/instance10353.mata;0.02; 0.015108; 0.001931; 0.000136; 7.2e-05; false; 0.020866;0.02; 0.020643; 0.001545; 9.1e-05; 6e-05; false; 0.025765
/home/experiments/nfa-bench/benchmarks/z3-noodler/automatark/complement-big/instance10396.mata;0.02; 0.007473; 0.011669; 0.000643; 3.6e-05; false; 0.022837;0.02; 0.009792; 0.010979; 0.00063; 3.3e-05; false; 0.024445
/home/experiments/nfa-bench/benchmarks/z3-noodler/automatark/complement-big/instance10401.mata;12.32; 11.4129; 0.378114; 0.000289; 0.000113; false; 12.6235;13.5; 13.8573; 0.525997; 0.000472; 0.000121; false; 15.0287
/home/experiments/nfa-bench/benchmarks/z3-noodler/automatark/complement-big/instance10402.mata;0.3; 0.24196; 0.013317; 0.000749; 0.001122; false; 0.30752;0.35; 0.31548; 0.010623; 0.000709; 0.000954; false; 0.375783
/home/experiments/nfa-bench/benchmarks/z3-noodler/automatark/complement-big/instance10403.mata;0.03; 0.026469; 0.002832; 0.00015; 9.1e-05; false; 0.035888;0.03; 0.036044; 0.002204; 0.000115; 7.9e-05; false; 0.044585
/home/experiments/nfa-bench/benchmarks/z3-noodler/automatark/complement-big/instance10452.mata;0.0; 0.001813; 0.000328; 3e-05; 2.3e-05; false; 0.002931;0.0; 0.002151; 0.000318; 3.1e-05; 2.2e-05; false; 0.003144
/home/experiments/nfa-bench/benchmarks/z3-noodler/automatark/complement-big/instance10477.mata;0.03; 0.026871; 0.002998; 0.000128; 8.2e-05; false; 0.035789;0.03; 0.03568; 0.002385; 0.000126; 8.1e-05; false; 0.044027
/home/experiments/nfa-bench/benchmarks/z3-noodler/automatark/complement-big/instance10483.mata;0.01; 0.003445; 0.003612; 0.000465; 7.7e-05; false; 0.010926;0.0; 0.004064; 0.003549; 0.000401; 7.3e-05; false; 0.011116
/home/experiments/nfa-bench/benchmarks/z3-noodler/automatark/complement-big/instance10534.mata;0.0; 0.001186; 0.001194; 0.000109; 6.6e-05; false; 0.003497;0.0; 0.001411; 0.001177; 0.000118; 6.9e-05; false; 0.003643
/home/experiments/nfa-bench/benchmarks/z3-noodler/automatark/complement-big/instance10537.mata;0.0; 0.001854; 0.002632; 0.000241; 9.5e-05; false; 0.006852;0.0; 0.002112; 0.002586; 0.000249; 0.000156; false; 0.006906
/home/experiments/nfa-bench/benchmarks/z3-noodler/automatark/complement-big/instance10563.mata;0.0; 0.001522; 0.001146; 9.7e-05; 6.7e-05; false; 0.003933;0.0; 0.001771; 0.001123; 0.000112; 7.7e-05; false; 0.004071
/home/experiments/nfa-bench/benchmarks/z3-noodler/automatark/complement-big/instance10583.mata;0.08; 0.067382; 0.00226; 0.000121; 0.000136; false; 0.081703;0.09; 0.093853; 0.001988; 0.000104; 0.000135; false; 0.107781
/home/experiments/nfa-bench/benchmarks/z3-noodler/automatark/complement-big/instance10591.mata;0.05; 0.027053; 0.022734; 0.000504; 9.8e-05; false; 0.057332;0.05; 0.036044; 0.020781; 0.000524; 9.9e-05; false; 0.064054
/home/experiments/nfa-bench/benchmarks/z3-noodler/automatark/complement-big/instance10624.mata;0.03; 0.025956; 0.002957; 0.000129; 8.1e-05; false; 0.034765;0.04; 0.036329; 0.002467; 0.000166; 9.3e-05; false; 0.044941
/home/experiments/nfa-bench/benchmarks/z3-noodler/automatark/complement-big/instance10644.mata;0.0; 0.001815; 0.00034; 3.6e-05; 2.4e-05; false; 0.002986;0.0; 0.002187; 0.000335; 3.3e-05; 2.2e-05; false; 0.003209
/home/experiments/nfa-bench/benchmarks/z3-noodler/automatark/complement-big/instance10717.mata;0.0; 0.003842; 0.000998; 8.1e-05; 6e-05; false; 0.006279;0.0; 0.004821; 0.000872; 7.2e-05; 5.8e-05; false; 0.006982
/home/experiments/nfa-bench/benchmarks/z3-noodler/automatark/complement-big/instance10787.mata;0.0; 0.001609; 0.000229; 2.1e-05; 1.7e-05; false; 0.002513;0.0; 0.001921; 0.000241; 2.1e-05; 1.5e-05; false; 0.002741
/home/experiments/nfa-bench/benchmarks/z3-noodler/automatark/complement-big/instance10840.mata;0.11; 0.087113; 0.009858; 0.000502; 0.000256; false; 0.118362;0.14; 0.120893; 0.008465; 0.000898; 0.000313; false; 0.152914
/home/experiments/nfa-bench/benchmarks/z3-noodler/automatark/complement-big/instance10864.mata;0.0; 0.001674; 0.00024; 2.1e-05; 1.8e-05; false; 0.002617;0.0; 0.001955; 0.000229; 2.1e-05; 1.6e-05; false; 0.00281
/home/experiments/nfa-bench/benchmarks/z3-noodler/automatark/complement-big/instance10881.mata;0.03; 0.026182; 0.002991; 0.000144; 0.000115; false; 0.035528;0.04; 0.036577; 0.002707; 0.000263; 0.000151; false; 0.046341
/home/experiments/nfa-bench/benchmarks/z3-noodler/automatark/complement-big/instance10967.mata;0.02; 0.017838; 0.003942; 0.000442; 0.000209; false; 0.027616;0.03; 0.025936; 0.003669; 0.00055; 0.000252; false; 0.035593
/home/experiments/nfa-bench/benchmarks/z3-noodler/automatark/complement-big/instance11056.mata;0.05; 0.027765; 0.025004; 0.000752; 0.000127; false; 0.061814;0.06; 0.03831; 0.020934; 0.000579; 0.000105; false; 0.06702
/home/experiments/nfa-bench/benchmarks/z3-noodler/automatark/complement-big/instance11061.mata;0.01; 0.011861; 0.001701; 0.000177; 4.4e-05; false; 0.016773;0.01; 0.015384; 0.001359; 0.000115; 4.5e-05; false; 0.019753
/home/experiments/nfa-bench/benchmarks/z3-noodler/automatark/complement-big/instance11093.mata;0.03; 0.026851; 0.003055; 0.000183; 0.000116; false; 0.036439;0.03; 0.034162; 0.002299; 0.000171; 0.000108; false; 0.042508
/home/experiments/nfa-bench/benchmarks/z3-noodler/automatark/complement-big/instance11099.mata;0.0; 0.001885; 0.002722; 0.000276; 9.4e-05; false; 0.007169;0.0; 0.002192; 0.002669; 0.00029; 0.000159; false; 0.007222
/home/experiments/nfa-bench/benchmarks/z3-noodler/automatark/complement-big/instance11128.mata;0.07; 0.05624; 0.010182; 0.000373; 9.4e-05; false; 0.077453;0.09; 0.075871; 0.008368; 0.000432; 0.000113; false; 0.094861
/home/experiments/nfa-bench/benchmarks/z3-noodler/automatark/complement-big/instance11142.mata;0.02; 0.006138; 0.008716; 0.000661; 0.000382; false; 0.020115;0.02; 0.008223; 0.008193; 0.000548; 0.000328; false; 0.021221
/home/experiments/nfa-bench/benchmarks/z3-noodler/automatark/complement-big/instance11144.mata;0.08; 0.050094; 0.030587; 0.000155; 0.000161; false; 0.09022;0.1; 0.07238; 0.035571; 0.000177; 0.000198; false; 0.1174
/home/experiments/nfa-bench/benchmarks/z3-noodler/automatark/complement-big/instance11184.mata;0.21; 0.069628; 0.119337; 0.010161; 0.000193; false; 0.225898;0.22; 0.091527; 0.117759; 0.007463; 0.000216; false; 0.243616
/home/experiments/nfa-bench/benchmarks/z3-noodler/automatark/complement-big/instance11238.mata;0.02; 0.013418; 0.001686; 0.000128; 7e-05; false; 0.01869;0.02; 0.020493; 0.001369; 0.000132; 6e-05; false; 0.025483
/home/experiments/nfa-bench/benchmarks/z3-noodler/automatark/complement-big/instance11296.mata;0.06; 0.043138; 0.005758; 0.000302; 0.000212; false; 0.06087;0.1; 0.08441; 0.007331; 0.00073; 0.000415; false; 0.114044
/home/experiments/nfa-bench/benchmarks/z3-noodler/automatark/complement-big/instance11316.mata;0.02; 0.019908; 0.001046; 0.000102; 5.2e-05; false; 0.024949;0.03; 0.026114; 0.001118; 8.8e-05; 4.6e-05; false; 0.031147
/home/experiments/nfa-bench/benchmarks/z3-noodler/automatark/complement-big/instance11344.mata;0.02; 0.01715; 0.007276; 0.000373; 6.5e-05; false; 0.028398;0.05; 0.035163; 0.012569; 0.000454; 7.7e-05; false; 0.054072
/home/experiments/nfa-bench/benchmarks/z3-noodler/automatark/complement-big/instance11379.mata;0.0; 0.00085; 0.00035; 3.9e-05; 2.7e-05; false; 0.001809;0.0; 0.001023; 0.000323; 3.7e-05; 2.7e-05; false; 0.001832
/home/experiments/nfa-bench/benchmarks/z3-noodler/automatark/complement-big/instance11414.mata;0.06; 0.050287; 0.004011; 0.0005; 0.000375; false; 0.069031;0.15; 0.144061; 0.005571; 0.000547; 0.000423; false; 0.172545
/home/experiments/nfa-bench/benchmarks/z3-noodler/automatark/complement-big/instance11420.mata;0.01; 0.010656; 0.001672; 9.7e-05; 5e-05; false; 0.015458;0.02; 0.017151; 0.001659; 0.00024; 5e-05; false; 0.022627
/home/experiments/nfa-bench/benchmarks/z3-noodler/automatark/complement-big/instance11488.mata;0.02; 0.013901; 0.001707; 8.7e-05; 5e-05; false; 0.019333;0.02; 0.022129; 0.00146; 0.00018; 0.000101; false; 0.028225
/home/experiments/nfa-bench/benchmarks/z3-noodler/automatark/complement-big/instance11506.mata;0.11; 0.081282; 0.007872; 0.000782; 0.000652; false; 0.111715;0.07; 0.064734; 0.003199; 0.000536; 0.000282; false; 0.079673
/home/experiments/nfa-bench/benchmarks/z3-noodler/automatark/complement-big/instance11538.mata;0.06; 0.045394; 0.007231; 0.000372; 0.000225; false; 0.065602;0.13; 0.122022; 0.0076; 0.000417; 0.00029; false; 0.149221
/home/experiments/nfa-bench/benchmarks/z3-noodler/automatark/complement-big/instance11556.mata;0.04; 0.014666; 0.010195; 0.003377; 0.000481; false; 0.0491;0.08; 0.0383; 0.016883; 0.004196; 0.00037; false; 0.080703
/home/experiments/nfa-bench/benchmarks/z3-noodler/automatark/complement-big/instance11572.mata;0.0; 0.006337; 0.001035; 0.000103; 2.5e-05; false; 0.00912;0.01; 0.008624; 0.000828; 6.9e-05; 3.8e-05; false; 0.011163
/home/experiments/nfa-bench/benchmarks/z3-noodler/automatark/complement-big/instance11588.mata;0.0; 0.001113; 0.001433; 0.000194; 6e-05; false; 0.004253;0.0; 0.002577; 0.002899; 0.000311; 0.000107; false; 0.008086
/home/experiments/nfa-bench/benchmarks/z3-noodler/automatark/complement-big/instance11594.mata;10.07; 8.96219; 0.193494; 0.000283; 0.000189; false; 10.3724;10.72; 11.0207; 0.198898; 0.000549; 0.000286; false; 11.9442
/home/experiments/nfa-bench/benchmarks/z3-noodler/automatark/complement-big/instance11600.mata;0.0; 0.001746; 0.000242; 2.7e-05; 1.8e-05; false; 0.002669;0.0; 0.002155; 0.000233; 2.2e-05; 1.7e-05; false; 0.002979
/home/experiments/nfa-bench/benchmarks/z3-noodler/automatark/complement-big/instance11605.mata;0.02; 0.016392; 0.00191; 0.000102; 5.3e-05; false; 0.022071;0.02; 0.023888; 0.001564; 0.0001; 5.3e-05; false; 0.02926
/home/experiments/nfa-bench/benchmarks/z3-noodler/automatark/complement-big/instance11616.mata;0.0; 0.002064; 0.000558; 5.1e-05; 3.7e-05; false; 0.003607;0.0; 0.002509; 0.000529; 4.4e-05; 3.6e-05; false; 0.003825
/home/experiments/nfa-bench/benchmarks/z3-noodler/automatark/complement-big/instance11624.mata;0.04; 0.039265; 0.005724; 0.000267; 7.9e-05; false; 0.052571;0.06; 0.052995; 0.00496; 0.00025; 7e-05; false; 0.065288
/home/experiments/nfa-bench/benchmarks/z3-noodler/automatark/complement-big/instance11630.mata;0.09; 0.053441; 0.035704; 0.000166; 9e-06; false; 0.098387;0.1; 0.072015; 0.035429; 0.000199; 0.000201; false; 0.116873
/home/experiments/nfa-bench/benchmarks/z3-noodler/automatark/complement-big/instance11684.mata;0.0; 0.004363; 0.001056; 0.000105; 6.2e-05; false; 0.006922;0.0; 0.005039; 0.000899; 7.8e-05; 6.1e-05; false; 0.007247
/home/experiments/nfa-bench/benchmarks/z3-noodler/automatark/complement-big/instance11742.mata;0.05; 0.025516; 0.01898; 0.000745; 0.000484; false; 0.053602;0.05; 0.034555; 0.017497; 0.00072; 0.000474; false; 0.06008
/home/experiments/nfa-bench/benchmarks/z3-noodler/automatark/complement-big/instance11764.mata;0.22; 0.069096; 0.128781; 0.01215; 0.000161; false; 0.237811;0.23; 0.091658; 0.121545; 0.006921; 0.000162; false; 0.246614
/home/experiments/nfa-bench/benchmarks/z3-noodler/automatark/complement-big/instance11779.mata;0.02; 0.016423; 0.002006; 0.000131; 7.3e-05; false; 0.022753;0.02; 0.021589; 0.001443; 0.000104; 6e-05; false; 0.027031
/home/experiments/nfa-bench/benchmarks/z3-noodler/automatark/complement-big/instance11876.mata;0.0; 0.003076; 0.001954; 0.000193; 0.000119; false; 0.00708;0.0; 0.002887; 0.001631; 0.000196; 0.000114; false; 0.006344
/home/experiments/nfa-bench/benchmarks/z3-noodler/automatark/complement-big/instance11927.mata;0.01; 0.010099; 0.001234; 8.3e-05; 3.5e-05; false; 0.013843;0.01; 0.013244; 0.001117; 7.1e-05; 3.6e-05; false; 0.016863
/home/experiments/nfa-bench/benchmarks/z3-noodler/automatark/complement-big/instance11939.mata;0.0; 0.001351; 0.001227; 0.000119; 6.7e-05; false; 0.003708;0.0; 0.001736; 0.00119; 0.000135; 6.9e-05; false; 0.00408
/home/experiments/nfa-bench/benchmarks/z3-noodler/automatark/complement-big/instance11944.mata;0.01; 0.010556; 0.001362; 9.4e-05; 3.6e-05; false; 0.014532;0.01; 0.014566; 0.001081; 7.9e-05; 3.6e-05; false; 0.018206
/home/experiments/nfa-bench/benchmarks/z3-noodler/automatark/complement-big/instance11968.mata;0.03; 0.02649; 0.003092; 0.000152; 9.6e-05; false; 0.0355;0.04; 0.038564; 0.00241; 0.000133; 8e-05; false; 0.046843
/home/experiments/nfa-bench/benchmarks/z3-noodler/automatark/complement-big/instance11999.mata;0.29; 0.231653; 0.013258; 0.000788; 0.001059; false; 0.295878;0.31; 0.304204; 0.005902; 0.000515; 0.00085; false; 0.339351
/home/experiments/nfa-bench/benchmarks/z3-noodler/automatark/complement-big/instance12001.mata;0.03; 0.020573; 0.003126; 0.000207; 8.6e-05; false; 0.029191;0.03; 0.028295; 0.002607; 0.00016; 7.8e-05; false; 0.036866
/home/experiments/nfa-bench/benchmarks/z3-noodler/automatark/complement-big/instance12011.mata;0.05; 0.044191; 0.005664; 0.000291; 0.000147; false; 0.06027;0.03; 0.031717; 0.002195; 0.000187; 9.8e-05; false; 0.039291
/home/experiments/nfa-bench/benchmarks/z3-noodler/automatark/complement-big/instance12026.mata;0.0; 0.001306; 0.00078; 6.7e-05; 6.2e-05; false; 0.003044;0.0; 0.003195; 0.001202; 0.000115; 8.7e-05; false; 0.005881
/home/experiments/nfa-bench/benchmarks/z3-noodler/automatark/complement-big/instance12047.mata;0.0; 0.00095; 0.001341; 0.000135; 6e-05; false; 0.003695;0.0; 0.002067; 0.00258; 0.000241; 0.000157; false; 0.006875
/home/experiments/nfa-bench/benchmarks/z3-noodler/automatark/complement-big/instance12055.mata;0.02; 0.016284; 0.003905; 0.000336; 0.000217; false; 0.025354;0.02; 0.020804; 0.001508; 0.000142; 0.000117; false; 0.024803
/home/experiments/nfa-bench/benchmarks/z3-noodler/automatark/complement-big/instance12062.mata;0.0; 0.00159; 0.00118; 0.000128; 7.3e-05; false; 0.004067;0.0; 0.001852; 0.001084; 9.7e-05; 7.3e-05; false; 0.004042
/home/experiments/nfa-bench/benchmarks/z3-noodler/automatark/complement-big/instance12071.mata;0.01; 0.011681; 0.001133; 0.000133; 3.9e-05; false; 0.015398;0.03; 0.030412; 0.002052; 0.000136; 5.4e-05; false; 0.036793
/home/experiments/nfa-bench/benchmarks/z3-noodler/automatark/complement-big/instance12107.mata;1.09; 0.937973; 0.027997; 0.000203; 0.00058; false; 1.11563;1.82; 1.87861; 0.027661; 0.00019; 0.00028; false; 2.03663
/home/experiments/nfa-bench/benchmarks/z3-noodler/automatark/complement-big/instance12143.mata;ERR;ERR;ERR;ERR;ERR;ERR;ERR;ERR;ERR;ERR;ERR;ERR;ERR;ERR
/home/experiments/nfa-bench/benchmarks/z3-noodler/automatark/complement-big/instance12153.mata;0.03; 0.023113; 0.002262; 0.00021; 6.6e-05; false; 0.030204;0.03; 0.031355; 0.002087; 0.000132; 5.5e-05; false; 0.037959
/home/experiments/nfa-bench/benchmarks/z3-noodler/automatark/complement-big/instance12167.mata;0.08; 0.067472; 0.004442; 0.00019; 0.000114; false; 0.083503;0.09; 0.090985; 0.00385; 0.000195; 0.000137; false; 0.106153
/home/experiments/nfa-bench/benchmarks/z3-noodler/automatark/complement-big/instance12182.mata;0.02; 0.006207; 0.008813; 0.000673; 0.000437; false; 0.020525;0.02; 0.008621; 0.008613; 0.00057; 0.00038; false; 0.022382
/home/experiments/nfa-bench/benchmarks/z3-noodler/automatark/complement-big/instance12185.mata;0.3; 0.236186; 0.014083; 0.001109; 0.001076; false; 0.302831;0.34; 0.306087; 0.011753; 0.001331; 0.001146; false; 0.373082
/home/experiments/nfa-bench/benchmarks/z3-noodler/automatark/complement-big/instance12283.mata;0.06; 0.049; 0.004177; 0.000318; 0.000176; false; 0.06519;0.07; 0.065285; 0.003801; 0.000428; 0.000231; false; 0.081562
/home/experiments/nfa-bench/benchmarks/z3-noodler/automatark/complement-big/instance12290.mata;0.48; 0.443903; 0.005289; 0.000133; 8.5e-05; false; 0.500044;0.49; 0.502851; 0.005236; 0.000144; 0.000133; false; 0.548626
/home/experiments/nfa-bench/benchmarks/z3-noodler/automatark/complement-big/instance12310.mata;0.0; 0.002632; 0.001917; 0.000174; 0.00011; false; 0.006419;0.0; 0.003251; 0.001707; 0.00016; 0.00011; false; 0.006688
/home/experiments/nfa-bench/benchmarks/z3-noodler/automatark/complement-big/instance12334.mata;0.01; 0.008858; 0.001845; 0.000162; 4.6e-05; false; 0.013356;0.01; 0.01177; 0.001589; 0.000116; 9.1e-05; false; 0.015859
/home/experiments/nfa-bench/benchmarks/z3-noodler/automatark/complement-big/instance12336.mata;0.09; 0.070116; 0.007749; 0.00038; 0.000254; false; 0.093702;0.1; 0.088523; 0.005793; 0.000442; 0.000308; false; 0.109521
/home/experiments/nfa-bench/benchmarks/z3-noodler/automatark/complement-big/instance12345.mata;0.01; 0.006043; 0.00123; 0.000162; 3.5e-05; false; 0.009272;0.01; 0.008558; 0.00094; 8.2e-05; 2.5e-05; false; 0.011549
/home/experiments/nfa-bench/benchmarks/z3-noodler/automatark/complement-big/instance12355.mata;0.07; 0.054839; 0.009822; 0.000456; 0.0001; false; 0.076394;0.04; 0.040949; 0.004233; 0.00032; 8.1e-05; false; 0.051351
/home/experiments/nfa-bench/benchmarks/z3-noodler/automatark/complement-big/instance12388.mata;0.0; 0.001454; 0.001408; 0.000126; 6.4e-05; false; 0.00431;0.0; 0.001807; 0.001268; 0.00013; 1.3e-05; false; 0.004454
/home/experiments/nfa-bench/benchmarks/z3-noodler/automatark/complement-big/instance12419.mata;0.0; 0.003394; 0.001017; 6.9e-05; 1.7e-05; false; 0.005639;0.01; 0.008949; 0.001216; 9.9e-05; 5.5e-05; false; 0.012124
/home/experiments/nfa-bench/benchmarks/z3-noodler/automatark/complement-big/instance12516.mata;0.03; 0.020848; 0.004696; 0.000257; 5e-05; false; 0.030745;0.07; 0.056923; 0.008553; 0.00064; 0.000119; false; 0.074543
/home/experiments/nfa-bench/benchmarks/z3-noodler/automatark/complement-big/instance12549.mata;0.01; 0.009948; 0.000615; 5.1e-05; 3.3e-05; false; 0.012637;0.01; 0.014374; 0.000569; 4.8e-05; 3.2e-05; false; 0.017127
/home/experiments/nfa-bench/benchmarks/z3-noodler/automatark/complement-big/instance12554.mata;0.02; 0.020148; 0.003074; 0.000197; 4.5e-05; false; 0.028774;0.05; 0.053407; 0.005139; 0.000377; 8.7e-05; false; 0.066339
/home/experiments/nfa-bench/benchmarks/z3-noodler/automatark/complement-big/instance12566.mata;0.0; 0.000884; 0.000682; 7.4e-05; 4.5e-05; false; 0.00237;0.0; 0.00098; 0.000564; 6e-05; 5.8e-05; false; 0.002252
/home/experiments/nfa-bench/benchmarks/z3-noodler/automatark/complement-big/instance12687.mata;0.0; 0.002928; 0.000657; 5.7e-05; 2.7e-05; false; 0.00476;0.0; 0.004066; 0.000593; 5.3e-05; 4.7e-05; false; 0.005705
/home/experiments/nfa-bench/benchmarks/z3-noodler/automatark/complement-big/instance12726.mata;0.0; 0.000755; 0.000233; 2.5e-05; 2.1e-05; false; 0.001593;0.0; 0.000846; 0.00028; 2.5e-05; 2.1e-05; false; 0.001584
/home/experiments/nfa-bench/benchmarks/z3-noodler/automatark/complement-big/instance12740.mata;0.01; 0.013137; 0.001671; 7.6e-05; 4.9e-05; false; 0.018172;0.02; 0.019598; 0.001443; 0.000101; 5.1e-05; false; 0.025278
/home/experiments/nfa-bench/benchmarks/z3-noodler/automatark/complement-big/instance12829.mata;0.02; 0.014112; 0.001705; 8.8e-05; 5.3e-05; false; 0.01934;0.02; 0.019188; 0.001388; 8.8e-05; 5e-05; false; 0.023999
/home/experiments/nfa-bench/benchmarks/z3-noodler/automatark/complement-big/instance12846.mata;0.14; 0.127272; 0.001875; 0.000107; 0.000126; false; 0.149074;0.31; 0.326634; 0.001813; 9.5e-05; 9.5e-05; false; 0.344429
/home/experiments/nfa-bench/benchmarks/z3-noodler/automatark/complement-big/instance12853.mata;0.0; 0.005369; 0.000737; 6.1e-05; 2.4e-05; false; 0.007588;0.0; 0.008135; 0.00056; 5.6e-05; 2.2e-05; false; 0.010236
/home/experiments/nfa-bench/benchmarks/z3-noodler/automatark/complement-big/instance12881.mata;0.21; 0.020691; 0.179532; 0.001768; 0.00015; false; 0.210144;0.22; 0.030844; 0.183273; 0.001739; 0.000101; false; 0.223194
/home/experiments/nfa-bench/benchmarks/z3-noodler/automatark/complement-big/instance12889.mata;0.0; 0.007687; 0.00098; 5.2e-05; 3.2e-05; false; 0.010867;0.01; 0.010996; 0.000749; 5.7e-05; 6.5e-05; false; 0.013892
/home/experiments/nfa-bench/benchmarks/z3-noodler/automatark/complement-big/instance13031.mata;0.0; 0.00189; 0.002512; 0.000411; 8.5e-05; false; 0.007196;0.0; 0.002222; 0.002506; 0.000343; 8.8e-05; false; 0.007084
/home/experiments/nfa-bench/benchmarks/z3-noodler/automatark/complement-big/instance13074.mata;0.3; 0.237356; 0.014251; 0.001703; 0.001279; false; 0.310568;0.35; 0.318782; 0.011853; 0.001365; 0.001924; false; 0.378212
/home/experiments/nfa-bench/benchmarks/z3-noodler/automatark/complement-big/instance13076.mata;0.06; 0.044859; 0.005284; 0.000351; 0.000267; false; 0.062409;0.09; 0.08301; 0.004143; 0.000358; 0.000209; false; 0.100171
/home/experiments/nfa-bench/benchmarks/z3-noodler/automatark/complement-big/instance13116.mata;0.01; 0.002738; 0.003999; 0.000263; 0.000166; false; 0.009025;0.0; 0.003967; 0.004009; 0.000269; 0.000153; false; 0.010259
/home/experiments/nfa-bench/benchmarks/z3-noodler/automatark/complement-big/instance13127.mata;0.02; 0.01421; 0.001818; 0.000121; 7.4e-05; false; 0.019922;0.02; 0.02159; 0.001496; 8.6e-05; 5.2e-05; false; 0.026711
/home/experiments/nfa-bench/benchmarks/z3-noodler/automatark/complement-big/instance13195.mata;0.0; 0.003495; 0.001157; 0.000105; 6.6e-05; false; 0.005965;0.0; 0.00687; 0.001928; 0.000179; 0.000108; false; 0.010654
/home/experiments/nfa-bench/benchmarks/z3-noodler/automatark/complement-big/instance13200.mata;0.0; 0.002939; 0.003051; 0.000367; 0.000141; false; 0.008937;0.01; 0.007769; 0.005627; 0.000493; 0.000211; false; 0.017052
/home/experiments/nfa-bench/benchmarks/z3-noodler/automatark/complement-big/instance13211.mata;0.06; 0.044932; 0.00621; 0.000423; 0.000185; false; 0.062715;0.07; 0.063851; 0.004539; 0.000336; 0.000212; false; 0.079178
/home/experiments/nfa-bench/benchmarks/z3-noodler/automatark/complement-big/instance13261.mata;0.01; 0.010695; 0.000727; 6.2e-05; 5.7e-05; false; 0.013897;0.03; 0.034373; 0.001375; 0.000107; 8e-05; false; 0.040473
/home/experiments/nfa-bench/benchmarks/z3-noodler/automatark/complement-big/instance13315.mata;0.03; 0.022033; 0.006442; 0.000735; 8.9e-05; false; 0.036037;0.06; 0.054172; 0.004291; 0.000321; 5.9e-05; false; 0.064093
/home/experiments/nfa-bench/benchmarks/z3-noodler/automatark/complement-big/instance13413.mata;0.02; 0.019924; 0.001394; 7.6e-05; 8.9e-05; false; 0.025879;0.02; 0.026518; 0.000618; 4.2e-05; 3.3e-05; false; 0.030036
/home/experiments/nfa-bench/benchmarks/z3-noodler/automatark/complement-big/instance13427.mata;0.07; 0.051265; 0.004794; 0.000665; 0.000282; false; 0.070845;0.07; 0.071204; 0.001836; 0.000198; 0.000103; false; 0.082383
/home/experiments/nfa-bench/benchmarks/z3-noodler/automatark/complement-big/instance13437.mata;0.07; 0.039041; 0.018952; 0.002221; 0.000104; false; 0.072018;0.04; 0.032863; 0.008427; 0.001515; 8e-05; false; 0.050127
/home/experiments/nfa-bench/benchmarks/z3-noodler/automatark/complement-big/instance13461.mata;0.0; 0.002057; 0.001118; 0.00012; 4.1e-05; false; 0.004636;0.0; 0.001338; 0.000489; 6.5e-05; 4.4e-05; false; 0.002571
/home/experiments/nfa-bench/benchmarks/z3-noodler/automatark/complement-big/instance13476.mata;0.0; 0.000809; 0.001477; 0.000108; 4.9e-05; false; 0.003527;0.0; 0.001878; 0.002975; 0.000226; 8.3e-05; false; 0.006791
/home/experiments/nfa-bench/benchmarks/z3-noodler/automatark/complement-big/instance13482.mata;0.0; 0.000745; 0.000597; 8.7e-05; 4.3e-05; false; 0.002207;0.0; 0.000863; 0.00061; 6.7e-05; 4.2e-05; false; 0.002231
/home/experiments/nfa-bench/benchmarks/z3-noodler/automatark/complement-big/instance13519.mata;0.04; 0.032669; 0.001475; 0.000104; 0.000103; false; 0.040875;0.04; 0.044323; 0.000599; 4.3e-05; 5.2e-05; false; 0.048583
/home/experiments/nfa-bench/benchmarks/z3-noodler/automatark/complement-big/instance13603.mata;0.0; 0.001627; 0.000682; 5.6e-05; 6e-05; false; 0.003238;0.0; 0.002209; 0.000609; 5.6e-05; 4e-05; false; 0.00356
/home/experiments/nfa-bench/benchmarks/z3-noodler/automatark/complement-big/instance13604.mata;0.0; 0.005293; 0.00085; 6.9e-05; 2.3e-05; false; 0.007605;0.01; 0.014419; 0.001427; 0.000149; 4.9e-05; false; 0.018698
/home/experiments/nfa-bench/benchmarks/z3-noodler/automatark/complement-big/instance13693.mata;0.0; 0.001824; 0.000355; 3e-05; 2.2e-05; false; 0.002943;0.0; 0.001124; 0.000186; 1.7e-05; 2.5e-05; false; 0.001716
/home/experiments/nfa-bench/benchmarks/z3-noodler/automatark/complement-big/instance13694.mata;0.01; 0.011076; 0.004601; 0.000484; 0.000243; false; 0.020828;0.02; 0.01538; 0.003733; 0.000701; 0.000352; false; 0.02436
/home/experiments/nfa-bench/benchmarks/z3-noodler/automatark/complement-big/instance13714.mata;0.0; 0.000477; 0.000356; 6.7e-05; 2.8e-05; false; 0.001431;0.0; 0.000438; 0.000321; 3.8e-05; 2.5e-05; false; 0.0012
/home/experiments/nfa-bench/benchmarks/z3-noodler/automatark/complement-big/instance13774.mata;0.0; 0.000528; 0.001179; 0.000121; 5.9e-05; false; 0.002368;0.0; 0.000568; 0.001812; 8.9e-05; 5.9e-05; false; 0.003146
/home/experiments/nfa-bench/benchmarks/z3-noodler/automatark/complement-big/instance13793.mata;0.02; 0.016984; 0.003907; 0.000403; 0.000253; false; 0.026447;0.01; 0.012636; 0.001624; 0.000185; 0.000145; false; 0.016991
/home/experiments/nfa-bench/benchmarks/z3-noodler/automatark/complement-big/instance13794.mata;0.24; 0.219276; 0.002985; 0.000158; 8.9e-05; false; 0.254598;0.52; 0.56202; 0.002875; 6.9e-05; 4.8e-05; false; 0.588019
/home/experiments/nfa-bench/benchmarks/z3-noodler/automatark/complement-big/instance13823.mata;0.02; 0.016116; 0.00235; 0.000171; 7.6e-05; false; 0.023364;0.03; 0.030428; 0.002076; 0.000135; 5.4e-05; false; 0.036935
/home/experiments/nfa-bench/benchmarks/z3-noodler/automatark/complement-big/instance13860.mata;0.05; 0.043609; 0.006352; 0.000278; 0.00013; false; 0.060043;0.07; 0.057626; 0.004605; 0.00022; 0.000155; false; 0.071617
/home/experiments/nfa-bench/benchmarks/z3-noodler/automatark/complement-big/instance13895.mata;0.01; 0.005443; 0.003933; 0.000172; 0.000119; false; 0.011694;0.01; 0.007059; 0.003633; 0.000169; 0.000118; false; 0.012898
/home/experiments/nfa-bench/benchmarks/z3-noodler/automatark/complement-big/instance13903.mata;0.05; 0.026673; 0.023112; 0.00071; 0.000129; false; 0.057959;0.06; 0.036349; 0.018631; 0.000625; 9.8e-05; false; 0.062317
/home/experiments/nfa-bench/benchmarks/z3-noodler/automatark/complement-big/instance13909.mata;0.05; 0.024793; 0.019405; 0.000979; 0.000539; false; 0.054222;0.05; 0.034788; 0.015965; 0.000928; 0.000543; false; 0.059329
/home/experiments/nfa-bench/benchmarks/z3-noodler/automatark/complement-big/instance13934.mata;0.13; 0.003548; 0.121205; 0.00555; 0.00023; false; 0.140688;0.19; 0.00897; 0.181728; 0.006218; 0.000263; false; 0.207293
/home/experiments/nfa-bench/benchmarks/z3-noodler/automatark/complement-big/instance13994.mata;0.0; 0.002174; 0.002802; 0.000165; 0.000108; false; 0.0066;0.0; 0.002658; 0.002532; 0.000166; 9.8e-05; false; 0.006726
/home/experiments/nfa-bench/benchmarks/z3-noodler/automatark/complement-big/instance14063.mata;0.03; 0.025863; 0.002884; 0.000183; 0.000103; false; 0.035617;0.03; 0.035803; 0.002221; 0.000129; 8.2e-05; false; 0.044622
/home/experiments/nfa-bench/benchmarks/z3-noodler/automatark/complement-big/instance14064.mata;ERR;ERR;ERR;ERR;ERR;ERR;ERR;ERR;ERR;ERR;ERR;ERR;ERR;ERR
/home/experiments/nfa-bench/benchmarks/z3-noodler/automatark/complement-big/instance14085.mata;ERR;ERR;ERR;ERR;ERR;ERR;ERR;ERR;ERR;ERR;ERR;ERR;ERR;ERR
/home/experiments/nfa-bench/benchmarks/z3-noodler/automatark/complement-big/instance14207.mata;0.0; 0.001599; 0.000416; 4.2e-05; 3e-05; false; 0.002867;0.0; 0.003815; 0.000673; 6.3e-05; 4.5e-05; false; 0.005545
/home/experiments/nfa-bench/benchmarks/z3-noodler/automatark/complement-big/instance14212.mata;0.0; 0.003115; 0.000769; 7e-05; 4.7e-05; false; 0.005168;0.0; 0.00211; 0.000346; 3.5e-05; 2.9e-05; false; 0.003072
/home/experiments/nfa-bench/benchmarks/z3-noodler/automatark/complement-big/instance14293.mata;0.0; 0.002064; 0.002884; 0.000391; 9.4e-05; false; 0.007889;0.0; 0.001278; 0.00142; 0.00029; 6.7e-05; false; 0.004491
/home/experiments/nfa-bench/benchmarks/z3-noodler/automatark/complement-big/instance14322.mata;0.03; 0.023411; 0.002292; 0.000152; 6e-05; false; 0.030545;0.01; 0.017194; 0.001025; 9.9e-05; 3.3e-05; false; 0.020832
/home/experiments/nfa-bench/benchmarks/z3-noodler/automatark/complement-big/instance14326.mata;0.0; 0.000832; 0.000608; 6.8e-05; 4.3e-05; false; 0.002279;0.0; 0.001024; 0.000592; 7.2e-05; 4.3e-05; false; 0.00235
/home/experiments/nfa-bench/benchmarks/z3-noodler/automatark/complement-big/instance14379.mata;0.0; 0.003807; 0.001003; 8.9e-05; 6.1e-05; false; 0.006296;0.0; 0.002546; 0.000555; 4e-05; 3.7e-05; false; 0.003824
/home/experiments/nfa-bench/benchmarks/z3-noodler/automatark/complement-big/instance14382.mata;0.0; 0.000438; 0.000307; 4.7e-05; 2.7e-05; false; 0.001258;0.0; 0.000636; 0.000312; 3.7e-05; 4.1e-05; false; 0.001413
/home/experiments/nfa-bench/benchmarks/z3-noodler/automatark/complement-big/instance14468.mata;0.23; 0.006822; 0.207295; 0.010181; 0.000359; false; 0.241312;0.21; 0.004675; 0.195654; 0.00939; 0.000333; false; 0.224886
/home/experiments/nfa-bench/benchmarks/z3-noodler/automatark/complement-big/instance14488.mata;0.0; 0.00461; 0.000652; 5.1e-05; 2.5e-05; false; 0.006551;0.0; 0.006414; 0.00048; 4.3e-05; 1.9e-05; false; 0.008085
/home/experiments/nfa-bench/benchmarks/z3-noodler/automatark/complement-big/instance14621.mata;0.0; 0.002014; 0.001081; 0.000124; 6.5e-05; false; 0.004433;0.0; 0.002424; 0.000958; 8.5e-05; 6.4e-05; false; 0.004598
/home/experiments/nfa-bench/benchmarks/z3-noodler/automatark/complement-big/instance14668.mata;ERR;ERR;ERR;ERR;ERR;ERR;ERR;ERR;ERR;ERR;ERR;ERR;ERR;ERR
/home/experiments/nfa-bench/benchmarks/z3-noodler/automatark/complement-big/instance14719.mata;0.0; 0.000797; 0.000333; 3.6e-05; 2.7e-05; false; 0.001713;0.0; 0.000968; 0.000291; 3.6e-05; 3.8e-05; false; 0.001735
/home/experiments/nfa-bench/benchmarks/z3-noodler/automatark/complement-big/instance14761.mata;0.05; 0.039795; 0.003692; 0.000454; 0.000248; false; 0.054366;0.11; 0.102045; 0.006154; 0.000769; 0.000326; false; 0.127857
/home/experiments/nfa-bench/benchmarks/z3-noodler/automatark/complement-big/instance14763.mata;0.05; 0.021419; 0.031297; 0.000234; 8e-05; false; 0.05784;0.1; 0.057793; 0.048516; 0.000159; 7.5e-05; false; 0.114052
/home/experiments/nfa-bench/benchmarks/z3-noodler/automatark/complement-big/instance14796.mata;0.0; 0.001549; 0.00129; 0.000265; 4.3e-05; false; 0.004603;0.0; 0.002548; 0.002402; 0.000327; 6.1e-05; false; 0.007312
/home/experiments/nfa-bench/benchmarks/z3-noodler/automatark/complement-big/instance14818.mata;0.1; 0.043481; 0.059933; 0.00017; 7.7e-05; false; 0.111417;0.09; 0.055202; 0.040066; 0.000211; 0.00012; false; 0.101579
/home/experiments/nfa-bench/benchmarks/z3-noodler/automatark/complement-big/instance14845.mata;0.0; 0.000808; 0.001165; 0.000112; 3.9e-05; false; 0.003138;0.0; 0.00087; 0.00117; 0.000182; 4.2e-05; false; 0.003366
/home/experiments/nfa-bench/benchmarks/z3-noodler/automatark/complement-big/instance14883.mata;0.02; 0.019476; 0.001682; 0.0001; 7.6e-05; false; 0.024536;0.04; 0.034103; 0.002392; 0.000125; 7.9e-05; false; 0.042419
/home/experiments/nfa-bench/benchmarks/z3-noodler/automatark/complement-big/instance14896.mata;1.01; 0.951234; 0.014878; 8.6e-05; 9.1e-05; false; 1.05966;1.34; 1.39836; 0.014569; 8e-05; 0.000134; false; 1.48369
/home/experiments/nfa-bench/benchmarks/z3-noodler/automatark/complement-big/instance14906.mata;0.03; 0.021433; 0.003272; 0.000157; 7.2e-05; false; 0.030086;0.03; 0.028426; 0.002655; 0.000149; 7.2e-05; false; 0.036243
/home/experiments/nfa-bench/benchmarks/z3-noodler/automatark/complement-big/instance14913.mata;0.0; 0.00183; 0.001207; 0.000116; 7.1e-05; false; 0.004289;0.0; 0.001894; 0.001102; 0.000101; 8.1e-05; false; 0.004156
/home/experiments/nfa-bench/benchmarks/z3-noodler/automatark/complement-big/instance14920.mata;0.03; 0.026285; 0.002965; 0.000133; 8.3e-05; false; 0.035072;0.03; 0.0312; 0.002099; 0.000145; 7.8e-05; false; 0.038866
/home/experiments/nfa-bench/benchmarks/z3-noodler/automatark/complement-big/instance14921.mata;0.06; 0.02546; 0.015848; 0.004393; 0.000417; false; 0.067174;0.06; 0.02894; 0.01414; 0.004084; 0.000347; false; 0.065071
/home/experiments/nfa-bench/benchmarks/z3-noodler/automatark/complement-big/instance14938.mata;0.0; 0.003957; 0.001046; 9.5e-05; 6.2e-05; false; 0.006664;0.0; 0.005288; 0.000902; 7.6e-05; 7e-05; false; 0.007522
/home/experiments/nfa-bench/benchmarks/z3-noodler/automatark/complement-big/instance14954.mata;0.02; 0.017848; 0.003905; 0.00039; 0.000227; false; 0.027302;0.03; 0.024338; 0.003299; 0.000289; 0.0002; false; 0.032318
/home/experiments/nfa-bench/benchmarks/z3-noodler/automatark/complement-big/instance15020.mata;0.02; 0.017084; 0.003384; 0.000558; 6.4e-05; false; 0.028796;0.03; 0.02566; 0.003822; 0.00049; 5.3e-05; false; 0.03652
/home/experiments/nfa-bench/benchmarks/z3-noodler/automatark/complement-big/instance15087.mata;0.01; 0.009461; 0.002125; 0.000177; 3.9e-05; false; 0.014345;0.01; 0.012357; 0.001846; 0.00014; 3.5e-05; false; 0.016668
/home/experiments/nfa-bench/benchmarks/z3-noodler/automatark/complement-big/instance15133.mata;0.06; 0.027474; 0.023081; 0.000625; 0.000117; false; 0.05822;0.06; 0.03666; 0.020945; 0.000539; 9.8e-05; false; 0.064939
/home/experiments/nfa-bench/benchmarks/z3-noodler/automatark/complement-big/instance15137.mata;0.05; 0.039318; 0.003647; 0.000375; 0.000189; false; 0.052983;0.13; 0.120834; 0.005682; 0.000382; 0.000235; false; 0.143512
/home/experiments/nfa-bench/benchmarks/z3-noodler/automatark/complement-big/instance15138.mata;0.01; 0.009603; 0.001813; 0.000341; 4e-05; false; 0.016209;0.03; 0.025661; 0.003881; 0.000474; 5.2e-05; false; 0.036638
/home/experiments/nfa-bench/benchmarks/z3-noodler/automatark/complement-big/instance15188.mata;0.0; 0.000638; 0.000639; 7e-05; 4.2e-05; false; 0.001949;0.0; 0.00136; 0.001153; 0.000112; 6.6e-05; false; 0.003599
/home/experiments/nfa-bench/benchmarks/z3-noodler/automatark/complement-big/instance15275.mata;0.05; 0.021018; 0.030254; 0.000103; 4.8e-05; false; 0.055469;0.09; 0.058376; 0.042093; 0.0001; 4.5e-05; false; 0.107295
/home/experiments/nfa-bench/benchmarks/z3-noodler/automatark/complement-big/instance15301.mata;0.01; 0.006033; 0.001166; 0.000111; 2.7e-05; false; 0.009079;0.01; 0.016129; 0.00193; 0.000139; 4.1e-05; false; 0.02109
/home/experiments/nfa-bench/benchmarks/z3-noodler/automatark/complement-big/instance15312.mata;0.04; 0.03342; 0.001401; 9.3e-05; 7.9e-05; false; 0.041059;0.04; 0.044653; 0.00119; 7.6e-05; 9.6e-05; false; 0.051981
/home/experiments/nfa-bench/benchmarks/z3-noodler/automatark/complement-big/instance15315.mata;0.01; 0.007564; 0.000944; 5.7e-05; 3.1e-05; false; 0.010426;0.01; 0.011076; 0.000774; 5.3e-05; 3.8e-05; false; 0.01382
/home/experiments/nfa-bench/benchmarks/z3-noodler/automatark/complement-big/instance15328.mata;0.06; 0.037944; 0.016057; 0.000814; 0.000103; false; 0.064794;0.06; 0.051323; 0.013596; 0.00127; 0.000112; false; 0.075395
/home/experiments/nfa-bench/benchmarks/z3-noodler/automatark/complement-big/instance15391.mata;0.03; 0.018137; 0.008525; 0.000483; 5.3e-05; false; 0.032402;0.03; 0.02737; 0.007105; 0.000751; 5.9e-05; false; 0.040695
/home/experiments/nfa-bench/benchmarks/z3-noodler/automatark/complement-big/instance15392.mata;0.02; 0.015715; 0.001969; 0.000111; 6.1e-05; false; 0.021559;0.02; 0.021077; 0.001541; 9.3e-05; 6e-05; false; 0.026363
/home/experiments/nfa-bench/benchmarks/z3-noodler/automatark/complement-big/instance15394.mata;0.01; 0.012188; 0.002284; 0.000198; 5.1e-05; false; 0.017954;0.01; 0.00841; 0.000958; 9.3e-05; 2.5e-05; false; 0.011078
/home/experiments/nfa-bench/benchmarks/z3-noodler/automatark/complement-big/instance15443.mata;0.0; 0.001994; 0.000555; 5.2e-05; 3.8e-05; false; 0.003425;0.0; 0.00507; 0.000923; 7.5e-05; 6.1e-05; false; 0.007361
/home/experiments/nfa-bench/benchmarks/z3-noodler/automatark/complement-big/instance15494.mata;0.0; 0.002871; 0.001441; 0.00017; 8.7e-05; false; 0.006122;0.0; 0.003514; 0.001187; 0.00014; 0.0001; false; 0.006263
/home/experiments/nfa-bench/benchmarks/z3-noodler/automatark/complement-big/instance15546.mata;0.0; 0.000886; 0.002392; 0.000152; 3.3e-05; false; 0.004318;0.0; 0.000989; 0.002299; 0.00011; 3.4e-05; false; 0.004124
/home/experiments/nfa-bench/benchmarks/z3-noodler/automatark/complement-big/instance15550.mata;0.0; 0.001168; 0.001276; 0.000225; 3.6e-05; false; 0.004076;0.0; 0.002345; 0.002122; 0.000324; 5.6e-05; false; 0.006672
/home/experiments/nfa-bench/benchmarks/z3-noodler/automatark/complement-big/instance15588.mata;0.03; 0.02461; 0.002407; 9.6e-05; 0.000105; false; 0.032271;0.06; 0.05993; 0.003537; 0.000177; 0.000239; false; 0.073337
/home/experiments/nfa-bench/benchmarks/z3-noodler/automatark/complement-big/instance15595.mata;0.03; 0.026585; 0.003014; 0.000131; 8.6e-05; false; 0.035644;0.02; 0.019453; 0.001187; 7.1e-05; 4.8e-05; false; 0.02441
/home/experiments/nfa-bench/benchmarks/z3-noodler/automatark/complement-big/instance15598.mata;0.0; 0.000952; 0.002429; 0.000104; 3.4e-05; false; 0.004292;0.0; 0.001005; 0.00218; 0.000102; 3.5e-05; false; 0.004077
/home/experiments/nfa-bench/benchmarks/z3-noodler/automatark/complement-big/instance15634.mata;0.0; 0.002199; 0.000959; 8.7e-05; 6.7e-05; false; 0.0047;0.0; 0.00327; 0.000425; 4.1e-05; 3.7e-05; false; 0.004454
/home/experiments/nfa-bench/benchmarks/z3-noodler/automatark/complement-big/instance15671.mata;0.03; 0.02628; 0.002939; 0.000136; 8.4e-05; false; 0.035115;0.02; 0.01928; 0.001165; 6.9e-05; 4.8e-05; false; 0.023716
/home/experiments/nfa-bench/benchmarks/z3-noodler/automatark/complement-big/instance15719.mata;0.05; 0.026024; 0.019637; 0.000982; 0.000558; false; 0.055445;0.03; 0.018575; 0.008545; 0.000665; 0.00032; false; 0.032147
/home/experiments/nfa-bench/benchmarks/z3-noodler/automatark/complement-big/instance15791.mata;0.0; 0.001721; 0.001315; 9.5e-05; 5.6e-05; false; 0.004201;0.0; 0.002116; 0.001166; 8.6e-05; 5.5e-05; false; 0.004326
/home/experiments/nfa-bench/benchmarks/z3-noodler/automatark/complement-big/instance15826.mata;0.12; 0.029963; 0.087035; 0.003136; 0.000266; false; 0.134643;0.07; 0.021706; 0.044738; 0.002295; 0.000303; false; 0.077955
/home/experiments/nfa-bench/benchmarks/z3-noodler/automatark/complement-big/instance15828.mata;0.03; 0.019538; 0.00412; 0.000805; 6.7e-05; false; 0.033021;0.03; 0.026889; 0.004352; 0.000761; 9.5e-05; false; 0.040544
/home/experiments/nfa-bench/benchmarks/z3-noodler/automatark/complement-big/instance15836.mata;0.0; 0.005949; 0.001023; 0.000146; 4.3e-05; false; 0.009047;0.01; 0.015913; 0.000713; 0.000115; 2.8e-05; false; 0.018503
/home/experiments/nfa-bench/benchmarks/z3-noodler/automatark/complement-big/instance15848.mata;0.01; 0.006837; 0.001455; 0.000107; 2.7e-05; false; 0.010275;0.01; 0.009215; 0.00123; 8.3e-05; 5.9e-05; false; 0.012347
/home/experiments/nfa-bench/benchmarks/z3-noodler/automatark/complement-big/instance15866.mata;0.16; 0.148898; 0.001662; 8.5e-05; 9.9e-05; false; 0.167158;0.18; 0.196681; 0.001621; 8.2e-05; 8e-05; false; 0.21277
/home/experiments/nfa-bench/benchmarks/z3-noodler/automatark/complement-big/instance15900.mata;0.01; 0.011855; 0.001019; 5.7e-05; 3.2e-05; false; 0.015047;0.02; 0.020201; 0.001526; 8.6e-05; 5.8e-05; false; 0.025234
