name;automata-runtime;mata-runtime;mata-mataparsing;mata-compl;mata-emptiness_check;mata-emptiness_check_result;vata-runtime;vata-mataparsing;vata-construction;vata-compl;vata-emptiness_check;vata-emptiness_check_result;awali-runtime;awali-mataparsing;awali-construction;awali-compl;awali-emptiness_check;awali-emptiness_check_result;mona-runtime;mona-mataparsing;pymata-runtime;pymata-construction;pymata-conversion;pymata-complement;pyfado-runtime;pyfado-construction;pyfado-conversion;pyfado-complement;pyfado-emptiness;pyautomata-lib-runtime;pyautomata-lib-construction;pyautomata-lib-conversion;pyautomata-lib-complement;pyautomata-lib-emptiness;java-automatalib-runtime;java-automatalib-construction;java-automatalib-compl;java-automatalib-emptiness_check;java-automatalib-emptiness_result;java-brics-runtime;java-brics-construction;java-brics-compl;java-brics-emptiness_check;java-brics-emptiness_result
/home/experiments/nfa-bench/benchmarks/presburger/complement/UltimateAutomizer/MADWiFi-encode_ie_ok_true-unreach-call.i_17.0.mata;ERR;0.16; 0.120048; 0.0159358; 9.509e-06; false;0.57; 0.147308; 0.275629; 0.217902; 0.00550469; false;0.17; 0.11884; 0.0110992; 0.0121902; 0.00304332; false;TO; 0.146644;ERR;ERR;ERR;ERR;1.36; 0.0974; 0.1597; 0.0013; 0.0104;1.28; 0.0911; 0.0902; 0.0135; 0.0001;2.07; 0.281150146; 0.041203174; 0.002201948; false;1.87; 0.11229674; 0.036202788; 4.7674E-5; false
/home/experiments/nfa-bench/benchmarks/presburger/complement/UltimateAutomizer/MADWiFi-encode_ie_ok_true-unreach-call.i_7.0.mata;ERR;0.11; 0.099216; 0.0126519; 7.173e-06; false;0.45; 0.0981595; 0.152199; 0.270675; 0.00515893; false;0.13; 0.0989937; 0.00651895; 0.00428559; 0.0015487; false;TO; 0.153256;ERR;ERR;ERR;ERR;1.34; 0.0669; 0.1128; 0.0011; 0.0052;0.96; 0.0386; 0.0276; 0.0006; 0.0000;2.12; 0.238835121; 0.041605064; 0.002010922; false;1.63; 0.080218885; 0.046257691; 3.8445E-5; false
/home/experiments/nfa-bench/benchmarks/presburger/complement/UltimateAutomizer/Primes_true-unreach-call.c_127.0.mata;ERR;0.06; 0.0403343; 0.0154328; 8.225e-06; false;0.15; 0.0434866; 0.0693721; 0.0305496; 0.00305189; false;0.06; 0.0536081; 0.00325477; 0.00529381; 0.00202756; false;TO; 0.043365;ERR;ERR;ERR;ERR;0.99; 0.0204; 0.0248; 0.0005; 0.0010;0.93; 0.0325; 0.0341; 0.0011; 0.0001;1.58; 0.251402733; 0.029244733; 0.001800823; false;1.08; 0.046515667; 0.014618495; 2.6587E-5; false
/home/experiments/nfa-bench/benchmarks/presburger/complement/UltimateAutomizer/Primes_true-unreach-call.c_1657.0.mata;ERR;26.19; 8.54681; 15.4348; 9.375e-06; false;29.77; 8.63818; 15.9585; 3.00137; 0.0427603; false;ERR;ERR;ERR;ERR;ERR;ERR;TO; 8.59994;TO; 5.1821; 0.0000; 2.8066;TO;MISSING;MISSING;MISSING;MISSING;48.31; 3.9251; 45.0271; 0.0063; 0.0001;30.52; 20.678413186; 0.104992914; 0.002465243; false;10.65; 2.312478799; 0.747300364; 9.2235E-5; false
/home/experiments/nfa-bench/benchmarks/presburger/complement/UltimateAutomizer/Primes_true-unreach-call.c_187.0.mata;ERR;2.12; 0.8969; 0.973363; 1.5039e-05; false;3.17; 0.913269; 1.51486; 0.509428; 0.0327605; false;1.43; 0.907022; 0.127481; 0.109584; 0.0322289; false;TO; 0.611841;ERR;ERR;ERR;ERR;6.31; 0.5380; 4.2028; 0.0125; 0.1204;3.33; 0.4987; 1.4390; 0.0046; 0.0001;4.89; 1.452673651; 0.061751822; 0.003167735; false;3.9; 0.677711762; 0.10674792; 6.5114E-5; false
/home/experiments/nfa-bench/benchmarks/presburger/complement/UltimateAutomizer/Primes_true-unreach-call.c_2207.0.mata;ERR;0.15; 0.0947789; 0.0466645; 9.695e-06; false;0.49; 0.151462; 0.244142; 0.084284; 0.00249141; false;0.16; 0.118131; 0.0119161; 0.0191743; 0.00602035; false;TO; 0.123779;ERR;ERR;ERR;ERR;2.24; 0.0991; 1.0524; 0.0030; 0.0255;0.93; 0.0539; 0.1317; 0.0004; 0.0001;2.64; 0.489305469; 0.054996871; 0.002117968; false;1.69; 0.121386919; 0.060855775; 3.1782E-5; false
/home/experiments/nfa-bench/benchmarks/presburger/complement/UltimateAutomizer/Primes_true-unreach-call.c_2317.0.mata;ERR;0.43; 0.219312; 0.176165; 7.921e-06; false;1.21; 0.322352; 0.607782; 0.224123; 0.0058746; false;0.49; 0.342521; 0.033256; 0.0422093; 0.0126549; false;TO; 0.208551;ERR;ERR;ERR;ERR;2.82; 0.2259; 1.4488; 0.0035; 0.0316;1.16; 0.1224; 0.3101; 0.0009; 0.0001;3.38; 0.896811217; 0.048722221; 0.002149871; false;2.59; 0.306993787; 0.079232481; 2.8425E-5; false
/home/experiments/nfa-bench/benchmarks/presburger/complement/UltimateAutomizer/Primes_true-unreach-call.c_237.0.mata;ERR;0.01; 0.0135175; 0.00247146; 3.365e-06; false;0.02; 0.00648258; 0.0102788; 0.0140129; 0.000503271; false;0.02; 0.0101094; 0.000735438; 0.00237258; 0.00106101; false;TO; 0.00652244;ERR;ERR;ERR;ERR;1.08; 0.0137; 0.0173; 0.0004; 0.0007;1.05; 0.0133; 0.0112; 0.0003; 0.0001;1.22; 0.119059535; 0.028012854; 0.001671795; false;1.01; 0.029119426; 0.010493935; 3.1212E-5; false
/home/experiments/nfa-bench/benchmarks/presburger/complement/UltimateAutomizer/Primes_true-unreach-call.c_276.0.mata;ERR;0.23; 0.149975; 0.0710395; 7.945e-06; false;0.51; 0.152243; 0.255613; 0.0873308; 0.00254007; false;0.21; 0.151939; 0.0123567; 0.0187348; 0.00585683; false;TO; 0.151995;ERR;ERR;ERR;ERR;1.96; 0.0914; 0.8868; 0.0031; 0.0263;1.33; 0.0951; 0.2810; 0.0008; 0.0001;2.42; 0.44913378; 0.036250963; 0.001642071; false;1.69; 0.139972349; 0.074278384; 2.4081E-5; false
/home/experiments/nfa-bench/benchmarks/presburger/complement/UltimateAutomizer/Primes_true-unreach-call.c_297.0.mata;ERR;0.65; 0.359949; 0.228945; 6.25e-06; false;1.26; 0.360415; 0.63905; 0.203005; 0.00827173; false;0.5; 0.355944; 0.0350789; 0.0385392; 0.0113412; false;TO; 0.37392;ERR;ERR;ERR;ERR;3.11; 0.2282; 1.9038; 0.0064; 0.0610;1.79; 0.2369; 0.5956; 0.0021; 0.0001;3.27; 0.795089701; 0.047938431; 0.001783344; false;2.33; 0.229929813; 0.054244993; 2.622E-5; false
/home/experiments/nfa-bench/benchmarks/presburger/complement/UltimateAutomizer/Primes_true-unreach-call.c_597.0.mata;ERR;0.55; 0.282426; 0.221439; 6.671e-06; false;0.97; 0.283603; 0.486213; 0.155625; 0.00490964; false;0.4; 0.284038; 0.0258663; 0.0367194; 0.0106804; false;TO; 0.284294;ERR;ERR;ERR;ERR;2.95; 0.1841; 1.7930; 0.0061; 0.0548;1.76; 0.1858; 0.5773; 0.0014; 0.0001;3.37; 0.929873223; 0.037087381; 0.001766816; false;2.22; 0.191523697; 0.071165241; 2.76E-5; false
/home/experiments/nfa-bench/benchmarks/presburger/complement/UltimateAutomizer/Primes_true-unreach-call.c_657.0.mata;ERR;0.66; 0.342925; 0.257802; 8.694e-06; false;1.21; 0.372412; 0.605982; 0.207961; 0.0052358; false;0.49; 0.342071; 0.0331484; 0.0412071; 0.0120783; false;TO; 0.343691;ERR;ERR;ERR;ERR;2.51; 0.1413; 1.5075; 0.0065; 0.0617;1.82; 0.2165; 0.6571; 0.0019; 0.0001;3.32; 0.936871269; 0.046993109; 0.001599058; false;2.4; 0.354918294; 0.058678777; 3.195E-5; false
/home/experiments/nfa-bench/benchmarks/presburger/complement/UltimateAutomizer/Primes_true-unreach-call.c_670.0.mata;ERR;0.73; 0.402061; 0.263847; 7.173e-06; false;1.16; 0.401667; 0.522317; 0.158376; 0.0058814; false;0.57; 0.403282; 0.0402617; 0.0443459; 0.0127454; false;TO; 0.245655;ERR;ERR;ERR;ERR;2.55; 0.3059; 1.2744; 0.0036; 0.0347;1.89; 0.2595; 0.6901; 0.0023; 0.0001;3.2; 0.787487469; 0.042365795; 0.001795078; false;2.49; 0.332362588; 0.068472675; 2.8235E-5; false
/home/experiments/nfa-bench/benchmarks/presburger/complement/UltimateAutomizer/Primes_true-unreach-call.c_671.0.mata;ERR;0.75; 0.469867; 0.263934; 8.224e-06; false;1.44; 0.401448; 0.720743; 0.240944; 0.00894937; false;0.58; 0.406749; 0.0406805; 0.0435177; 0.0124717; false;TO; 0.407384;ERR;ERR;ERR;ERR;3.59; 0.2591; 2.3169; 0.0068; 0.0705;1.63; 0.2664; 0.4560; 0.0012; 0.0001;3.51; 0.953726155; 0.047904424; 0.001869804; false;2.71; 0.423854161; 0.074138772; 3.1099E-5; false
/home/experiments/nfa-bench/benchmarks/presburger/complement/UltimateAutomizer/Primes_true-unreach-call.c_673.0.mata;ERR;2.0; 0.859471; 0.918612; 8.504e-06; false;2.0; 0.500651; 0.991874; 0.319416; 0.0114729; false;0.89; 0.567554; 0.0617752; 0.0598131; 0.0166239; false;TO; 0.850146;ERR;ERR;ERR;ERR;6.29; 0.5246; 4.7434; 0.0141; 0.1477;2.06; 0.4878; 0.7101; 0.0023; 0.0001;4.01; 1.005357712; 0.060151319; 0.002271291; false;2.96; 0.428786761; 0.069534525; 3.7409E-5; false
/home/experiments/nfa-bench/benchmarks/presburger/complement/UltimateAutomizer/Primes_true-unreach-call.c_678.0.mata;ERR;2.0; 0.833168; 0.917763; 8.428e-06; false;3.13; 0.825146; 1.56512; 0.496203; 0.0181172; false;1.3; 0.845221; 0.102934; 0.0971208; 0.0268774; false;TO; 0.730304;ERR;ERR;ERR;ERR;6.14; 0.5214; 4.6025; 0.0133; 0.1361;2.94; 0.5255; 1.4947; 0.0045; 0.0001;4.09; 1.003375875; 0.075251493; 0.002061405; false;2.8; 0.335345047; 0.06755384; 3.0325E-5; false
/home/experiments/nfa-bench/benchmarks/presburger/complement/UltimateAutomizer/Primes_true-unreach-call.c_798.0.mata;ERR;TO; 13.0284;MISSING;MISSING;MISSING;TO; 15.8982; 29.5371;MISSING;MISSING;MISSING;ERR;ERR;ERR;ERR;ERR;ERR;TO; 16.3276;TO; 5.2232; 0.0000; 2.9811;TO;MISSING;MISSING;MISSING;MISSING;TO;MISSING;MISSING;MISSING;MISSING;40.9; 30.814643749; 0.169984892; 0.002450088; false;18.5; 5.266016471; 0.740622035; 4.4001E-5; false
/home/experiments/nfa-bench/benchmarks/presburger/complement/UltimateAutomizer/nested6_true-unreach-call.i_7.0.mata;ERR;0.01; 0.00652814; 0.00183762; 9.692e-06; false;0.03; 0.00614895; 0.0118189; 0.0100969; 0.00106652; false;0.03; 0.0154276; 0.000798438; 0.0041005; 0.00250457; false;TO; 0.00924666;ERR;ERR;ERR;ERR;2.62; 0.0233; 0.0314; 0.0007; 0.0011;2.62; 0.0213; 0.0207; 0.0007; 0.0002;1.7; 0.16443562; 0.022412982; 0.001717919; false;0.95; 0.025787733; 0.019515618; 3.0893E-5; false
/home/experiments/nfa-bench/benchmarks/presburger/complement/UltimateAutomizer/nested9_true-unreach-call.i_1070.0.mata;ERR;0.04; 0.0350272; 0.00718704; 6.364e-06; false;0.14; 0.0300341; 0.0439284; 0.0712771; 0.00240885; false;0.05; 0.0306258; 0.00232534; 0.00579766; 0.00231234; false;TO; 0.0303498;ERR;ERR;ERR;ERR;0.86; 0.0176; 0.0432; 0.0007; 0.0035;1.13; 0.0253; 0.0315; 0.0005; 0.0001;1.39; 0.232315123; 0.023666367; 0.001859511; false;1.12; 0.044955519; 0.028946028; 3.0323E-5; false
/home/experiments/nfa-bench/benchmarks/presburger/complement/UltimateAutomizer/nested9_true-unreach-call.i_1072.0.mata;ERR;0.09; 0.0702157; 0.0190526; 7.157e-06; false;0.3; 0.0594452; 0.0930423; 0.141537; 0.00535666; false;0.09; 0.061548; 0.0047478; 0.0095991; 0.00343169; false;TO; 0.0691289;ERR;ERR;ERR;ERR;1.28; 0.0452; 0.1479; 0.0019; 0.0121;1.15; 0.0445; 0.0602; 0.0008; 0.0001;1.89; 0.240842344; 0.058479191; 0.002125573; false;1.44; 0.108851061; 0.033924647; 3.2552E-5; false
/home/experiments/nfa-bench/benchmarks/presburger/complement/UltimateAutomizer/nested9_true-unreach-call.i_1107.0.mata;ERR;0.26; 0.186775; 0.0442578; 8.684e-06; false;0.67; 0.187572; 0.318053; 0.142191; 0.00317155; false;0.26; 0.184296; 0.0160963; 0.0420898; 0.00766632; false;TO; 0.184246;ERR;ERR;ERR;ERR;1.28; 0.0693; 0.3225; 0.0021; 0.0312;0.85; 0.0718; 0.0800; 0.0005; 0.0001;2.28; 0.456322292; 0.04374716; 0.002138082; false;2.03; 0.224056543; 0.104765352; 5.0542E-5; false
/home/experiments/nfa-bench/benchmarks/presburger/complement/UltimateAutomizer/nested9_true-unreach-call.i_1117.0.mata;ERR;0.15; 0.105278; 0.0277933; 1.4616e-05; false;0.38; 0.104312; 0.179411; 0.0849966; 0.00253294; false;0.15; 0.105925; 0.00877406; 0.0136288; 0.00463489; false;TO; 0.106473;ERR;ERR;ERR;ERR;1.32; 0.0721; 0.2762; 0.0024; 0.0240;1.11; 0.0722; 0.0900; 0.0009; 0.0001;1.92; 0.253981328; 0.041178324; 0.001666517; false;1.77; 0.180747567; 0.04859034; 2.6834E-5; false
/home/experiments/nfa-bench/benchmarks/presburger/complement/UltimateAutomizer/nested9_true-unreach-call.i_1170.0.mata;ERR;0.19; 0.141577; 0.0330182; 4.143e-06; false;0.5; 0.141023; 0.230578; 0.11041; 0.00300904; false;0.2; 0.141063; 0.0112404; 0.025072; 0.00520446; false;TO; 0.146468;ERR;ERR;ERR;ERR;1.4; 0.0944; 0.3650; 0.0029; 0.0340;1.14; 0.0926; 0.1061; 0.0010; 0.0001;1.97; 0.287242824; 0.026616667; 0.001899361; false;1.54; 0.200273928; 0.053184699; 2.7683E-5; false
/home/experiments/nfa-bench/benchmarks/presburger/complement/UltimateAutomizer/nested9_true-unreach-call.i_1172.0.mata;ERR;0.19; 0.142007; 0.032839; 5.327e-06; false;0.5; 0.141086; 0.229098; 0.109854; 0.00292383; false;0.21; 0.141715; 0.0112565; 0.025067; 0.00524885; false;TO; 0.142406;ERR;ERR;ERR;ERR;0.93; 0.0519; 0.1878; 0.0015; 0.0172;0.79; 0.0512; 0.0544; 0.0005; 0.0000;2.14; 0.430749732; 0.074029781; 0.008000801; false;1.64; 0.126534825; 0.041866302; 2.6911E-5; false
/home/experiments/nfa-bench/benchmarks/presburger/complement/UltimateAutomizer/nested9_true-unreach-call.i_1307.0.mata;ERR;0.04; 0.0550208; 0.0119279; 4.661e-06; false;0.14; 0.0310947; 0.0467763; 0.0612211; 0.00468642; false;0.03; 0.0190108; 0.0013845; 0.00410365; 0.00157853; false;TO; 0.0189597;ERR;ERR;ERR;ERR;1.08; 0.0253; 0.0941; 0.0012; 0.0065;1.0; 0.0257; 0.0417; 0.0009; 0.0000;1.42; 0.187946301; 0.031062579; 0.00164907; false;1.06; 0.039852122; 0.029268341; 2.5369E-5; false
/home/experiments/nfa-bench/benchmarks/presburger/complement/UltimateAutomizer/nested9_true-unreach-call.i_1317.0.mata;ERR;0.05; 0.0337116; 0.0150839; 3.636e-06; false;0.13; 0.0333042; 0.0509074; 0.0390135; 0.00319994; false;0.05; 0.0324996; 0.00242273; 0.00713254; 0.00256836; false;TO; 0.0324662;ERR;ERR;ERR;ERR;1.06; 0.0253; 0.1031; 0.0013; 0.0072;1.09; 0.0267; 0.0451; 0.0013; 0.0000;1.57; 0.218373345; 0.035313994; 0.001645959; false;1.16; 0.061456578; 0.039107193; 2.4266E-5; false
/home/experiments/nfa-bench/benchmarks/presburger/complement/UltimateAutomizer/nested9_true-unreach-call.i_1337.0.mata;ERR;0.16; 0.119825; 0.030196; 5.244e-06; false;0.43; 0.119202; 0.188403; 0.103749; 0.00342714; false;0.16; 0.119818; 0.00924686; 0.0145092; 0.0048679; false;TO; 0.121317;ERR;ERR;ERR;ERR;0.93; 0.0438; 0.1593; 0.0014; 0.0146;0.81; 0.0453; 0.0505; 0.0006; 0.0000;1.89; 0.30361408; 0.030893793; 0.001994122; false;1.62; 0.109115633; 0.089434483; 2.7583E-5; false
/home/experiments/nfa-bench/benchmarks/presburger/complement/UltimateAutomizer/nested9_true-unreach-call.i_1357.0.mata;ERR;0.16; 0.11788; 0.0304574; 4.462e-06; false;0.42; 0.119098; 0.189663; 0.104964; 0.00343718; false;0.17; 0.121231; 0.00935024; 0.0145686; 0.0048624; false;TO; 0.120641;ERR;ERR;ERR;ERR;0.92; 0.0437; 0.1593; 0.0014; 0.0149;0.85; 0.0438; 0.0497; 0.0006; 0.0000;1.98; 0.295818912; 0.041781284; 0.001688456; false;1.47; 0.085070759; 0.050099065; 3.546E-5; false
/home/experiments/nfa-bench/benchmarks/presburger/complement/UltimateAutomizer/nested9_true-unreach-call.i_1370.0.mata;ERR;0.18; 0.134396; 0.0342878; 4.427e-06; false;0.48; 0.133568; 0.214841; 0.115636; 0.00394092; false;0.2; 0.137823; 0.011001; 0.0269667; 0.00557782; false;TO; 0.139249;ERR;ERR;ERR;ERR;1.45; 0.0872; 0.3839; 0.0030; 0.0372;1.14; 0.0868; 0.1109; 0.0013; 0.0001;2.1; 0.304013108; 0.027943174; 0.00169652; false;1.91; 0.18939171; 0.093991028; 2.6028E-5; false
/home/experiments/nfa-bench/benchmarks/presburger/complement/UltimateAutomizer/nested9_true-unreach-call.i_1371.0.mata;ERR;0.19; 0.134684; 0.0343986; 4.199e-06; false;0.48; 0.133677; 0.215018; 0.11537; 0.00388388; false;0.2; 0.134307; 0.0106042; 0.0260883; 0.00544678; false;TO; 0.133413;ERR;ERR;ERR;ERR;0.94; 0.0494; 0.1981; 0.0015; 0.0188;0.8; 0.0494; 0.0552; 0.0006; 0.0000;2.24; 0.388120274; 0.029422134; 0.001890736; false;1.57; 0.106661169; 0.045032047; 2.5681E-5; false
/home/experiments/nfa-bench/benchmarks/presburger/complement/UltimateAutomizer/nested9_true-unreach-call.i_1375.0.mata;ERR;0.16; 0.123595; 0.0296257; 7.278e-06; false;0.27; 0.0719546; 0.119186; 0.0680729; 0.00225213; false;0.16; 0.117877; 0.00911478; 0.014439; 0.00500653; false;TO; 0.1198;ERR;ERR;ERR;ERR;1.36; 0.0750; 0.3004; 0.0026; 0.0279;1.07; 0.0773; 0.0940; 0.0011; 0.0001;1.97; 0.258471053; 0.041454932; 0.011818817; false;1.7; 0.167645059; 0.056807834; 3.2707E-5; false
/home/experiments/nfa-bench/benchmarks/presburger/complement/UltimateAutomizer/nested9_true-unreach-call.i_1379.0.mata;ERR;0.18; 0.134163; 0.0341776; 5.309e-06; false;0.48; 0.1325; 0.214048; 0.119249; 0.0041062; false;0.17; 0.123213; 0.00706477; 0.016968; 0.00371683; false;TO; 0.139388;ERR;ERR;ERR;ERR;1.0; 0.0505; 0.2075; 0.0016; 0.0199;0.8; 0.0516; 0.0571; 0.0006; 0.0000;2.04; 0.337010667; 0.051138811; 0.001805959; false;1.62; 0.100794922; 0.06323484; 2.501E-5; false
/home/experiments/nfa-bench/benchmarks/presburger/complement/UltimateAutomizer/nested9_true-unreach-call.i_1427.0.mata;ERR;0.19; 0.13757; 0.035213; 4.302e-06; false;0.48; 0.136918; 0.216514; 0.115204; 0.00388863; false;0.2; 0.134159; 0.0106692; 0.0261347; 0.00542874; false;TO; 0.133144;ERR;ERR;ERR;ERR;0.98; 0.0492; 0.2042; 0.0016; 0.0194;0.8; 0.0490; 0.0555; 0.0006; 0.0000;2.15; 0.327619374; 0.058436807; 0.001814809; false;1.59; 0.104344077; 0.074065219; 4.6593E-5; false
/home/experiments/nfa-bench/benchmarks/presburger/complement/UltimateAutomizer/nested9_true-unreach-call.i_1437.0.mata;ERR;0.1; 0.0708818; 0.0206714; 3.561e-06; false;0.27; 0.0715673; 0.114516; 0.0720793; 0.00348089; false;0.11; 0.0717084; 0.00555879; 0.0100038; 0.00345585; false;TO; 0.0721718;ERR;ERR;ERR;ERR;1.16; 0.0490; 0.1670; 0.0018; 0.0133;1.03; 0.0493; 0.0638; 0.0011; 0.0000;1.72; 0.240185617; 0.027907696; 0.001684699; false;1.26; 0.059733632; 0.03296805; 2.439E-5; false
/home/experiments/nfa-bench/benchmarks/presburger/complement/UltimateAutomizer/nested9_true-unreach-call.i_1471.0.mata;ERR;0.11; 0.0848469; 0.016793; 4.054e-06; false;0.39; 0.0847782; 0.13656; 0.166809; 0.00196227; false;0.13; 0.08443; 0.00706595; 0.0180794; 0.00431114; false;TO; 0.0859207;ERR;ERR;ERR;ERR;0.89; 0.0340; 0.1595; 0.0011; 0.0164;0.75; 0.0341; 0.0375; 0.0003; 0.0000;1.81; 0.322740723; 0.023932982; 0.002276821; false;1.23; 0.077697425; 0.053265296; 3.0305E-5; false
/home/experiments/nfa-bench/benchmarks/presburger/complement/UltimateAutomizer/nested9_true-unreach-call.i_1475.0.mata;ERR;0.25; 0.177668; 0.0485373; 4.984e-06; false;0.88; 0.181361; 0.309906; 0.36561; 0.00464589; false;0.26; 0.184363; 0.0155257; 0.0366568; 0.00764298; false;TO; 0.189856;ERR;ERR;ERR;ERR;1.77; 0.1155; 0.6461; 0.0043; 0.0728;1.22; 0.1196; 0.1466; 0.0010; 0.0001;2.29; 0.388728306; 0.037952841; 0.001735311; false;1.86; 0.124636118; 0.084618309; 3.6644E-5; false
/home/experiments/nfa-bench/benchmarks/presburger/complement/UltimateAutomizer/nested9_true-unreach-call.i_1477.0.mata;ERR;0.12; 0.118349; 0.0272466; 8.148e-06; false;0.34; 0.120469; 0.0941121; 0.156674; 0.00244283; false;0.14; 0.0896632; 0.00778223; 0.0194578; 0.00457208; false;TO; 0.089961;ERR;ERR;ERR;ERR;1.23; 0.0608; 0.2570; 0.0012; 0.0184;0.78; 0.0344; 0.0390; 0.0003; 0.0000;1.78; 0.252401501; 0.041541751; 0.001998158; false;1.46; 0.094509178; 0.067354971; 3.1747E-5; false
/home/experiments/nfa-bench/benchmarks/presburger/complement/UltimateAutomizer/nested9_true-unreach-call.i_1479.0.mata;ERR;0.26; 0.181107; 0.0483343; 6.299e-06; false;0.89; 0.181747; 0.311216; 0.366067; 0.00465552; false;0.27; 0.180623; 0.0151603; 0.0356102; 0.00742585; false;TO; 0.181816;ERR;ERR;ERR;ERR;1.77; 0.1152; 0.6507; 0.0043; 0.0730;1.19; 0.1162; 0.1422; 0.0010; 0.0001;2.3; 0.338222919; 0.040914401; 0.00325667; false;2.07; 0.128672831; 0.074860067; 3.515E-5; false
/home/experiments/nfa-bench/benchmarks/presburger/complement/UltimateAutomizer/nested9_true-unreach-call.i_1575.0.mata;ERR;0.23; 0.164729; 0.045711; 7.363e-06; false;0.54; 0.165138; 0.217523; 0.133079; 0.00323265; false;0.24; 0.228312; 0.0132025; 0.0363457; 0.00743079; false;TO; 0.0986806;ERR;ERR;ERR;ERR;1.78; 0.1019; 0.6284; 0.0040; 0.0700;1.19; 0.1032; 0.1390; 0.0010; 0.0001;2.46; 0.466557869; 0.045504912; 0.002003118; false;1.58; 0.112435414; 0.052986565; 3.6492E-5; false
/home/experiments/nfa-bench/benchmarks/presburger/complement/UltimateAutomizer/nested9_true-unreach-call.i_1578.0.mata;ERR;0.23; 0.157233; 0.0486999; 4.602e-06; false;0.58; 0.164447; 0.272551; 0.126559; 0.00310099; false;0.25; 0.164781; 0.0134264; 0.0370796; 0.00735277; false;TO; 0.161213;ERR;ERR;ERR;ERR;1.11; 0.0573; 0.3337; 0.0020; 0.0363;0.83; 0.0565; 0.0704; 0.0007; 0.0000;2.01; 0.385264681; 0.029587454; 0.001807096; false;1.59; 0.13347981; 0.072264445; 3.5329E-5; false
/home/experiments/nfa-bench/benchmarks/presburger/complement/UltimateAutomizer/nested9_true-unreach-call.i_1597.0.mata;ERR;0.33; 0.239325; 0.0552356; 6.301e-06; false;0.81; 0.239762; 0.384474; 0.166095; 0.00283236; false;0.34; 0.239426; 0.0190452; 0.0422749; 0.0086862; false;TO; 0.240387;ERR;ERR;ERR;ERR;2.09; 0.1501; 0.9243; 0.0050; 0.1003;1.26; 0.1507; 0.1816; 0.0011; 0.0001;2.78; 0.588685699; 0.061518677; 0.002415226; false;2.05; 0.261983654; 0.071806118; 2.6585E-5; false
/home/experiments/nfa-bench/benchmarks/presburger/complement/UltimateAutomizer/nested9_true-unreach-call.i_1676.0.mata;ERR;0.26; 0.195161; 0.0501806; 8.378e-06; false;0.45; 0.193441; 0.201577; 0.0908512; 0.00214455; false;0.26; 0.176275; 0.0146031; 0.037548; 0.00769572; false;TO; 0.171956;ERR;ERR;ERR;ERR;1.81; 0.1139; 0.7021; 0.0043; 0.0770;1.19; 0.1135; 0.1496; 0.0011; 0.0001;2.74; 0.431292051; 0.032723923; 0.002108099; false;1.88; 0.133204995; 0.057162137; 2.5834E-5; false
/home/experiments/nfa-bench/benchmarks/presburger/complement/UltimateAutomizer/nested9_true-unreach-call.i_1677.0.mata;ERR;0.22; 0.155765; 0.0393327; 6.333e-06; false;0.67; 0.233159; 0.366059; 0.120301; 0.0022044; false;0.36; 0.25573; 0.020604; 0.0456225; 0.00923708; false;TO; 0.164743;ERR;ERR;ERR;ERR;2.26; 0.1673; 1.0517; 0.0053; 0.1128;1.27; 0.1582; 0.1859; 0.0011; 0.0001;2.69; 0.516985587; 0.037420352; 0.001973454; false;2.14; 0.155274742; 0.072378559; 2.8856E-5; false
/home/experiments/nfa-bench/benchmarks/presburger/complement/UltimateAutomizer/nested9_true-unreach-call.i_1679.0.mata;ERR;0.33; 0.251011; 0.059269; 7.339e-06; false;0.63; 0.237239; 0.264657; 0.119873; 0.00213071; false;0.36; 0.255663; 0.0210896; 0.0449697; 0.00903616; false;TO; 0.257876;ERR;ERR;ERR;ERR;2.22; 0.1582; 1.0127; 0.0052; 0.1106;1.33; 0.1624; 0.1936; 0.0011; 0.0001;2.72; 0.465080045; 0.036145295; 0.002290571; false;2.23; 0.267778383; 0.071736743; 2.9943E-5; false
/home/experiments/nfa-bench/benchmarks/presburger/complement/UltimateAutomizer/nested9_true-unreach-call.i_17.0.mata;ERR;0.06; 0.0446145; 0.0161145; 4.788e-06; false;0.16; 0.044972; 0.0718671; 0.041799; 0.00230546; false;0.07; 0.0429056; 0.00340653; 0.00802637; 0.00284132; false;TO; 0.0441809;ERR;ERR;ERR;ERR;1.1; 0.0339; 0.1114; 0.0014; 0.0082;1.04; 0.0337; 0.0480; 0.0007; 0.0000;1.6; 0.258654187; 0.040243267; 0.001823357; false;1.24; 0.059440188; 0.040448323; 2.416E-5; false
/home/experiments/nfa-bench/benchmarks/presburger/complement/UltimateAutomizer/nested9_true-unreach-call.i_1703.0.mata;ERR;0.31; 0.230588; 0.0513073; 5.867e-06; false;0.79; 0.230296; 0.367457; 0.173863; 0.00323017; false;0.33; 0.235661; 0.0185539; 0.0405224; 0.00812223; false;TO; 0.236913;ERR;ERR;ERR;ERR;1.96; 0.1434; 0.8029; 0.0045; 0.0853;1.24; 0.1433; 0.1663; 0.0011; 0.0001;2.68; 0.511082327; 0.030752859; 0.001763734; false;1.94; 0.139615218; 0.103426529; 3.3894E-5; false
/home/experiments/nfa-bench/benchmarks/presburger/complement/UltimateAutomizer/nested9_true-unreach-call.i_1707.0.mata;ERR;0.34; 0.252199; 0.0582186; 4.885e-06; false;0.87; 0.250784; 0.40733; 0.18421; 0.0032979; false;0.36; 0.261182; 0.0208296; 0.045571; 0.00930078; false;TO; 0.253169;ERR;ERR;ERR;ERR;2.19; 0.1581; 1.0086; 0.0051; 0.1098;1.19; 0.1582; 0.1602; 0.0006; 0.0000;2.67; 0.452029488; 0.049004972; 0.001987185; false;1.92; 0.149867166; 0.065594724; 2.8997E-5; false
/home/experiments/nfa-bench/benchmarks/presburger/complement/UltimateAutomizer/nested9_true-unreach-call.i_1720.0.mata;ERR;0.25; 0.175259; 0.0444128; 7.892e-06; false;0.62; 0.173677; 0.287925; 0.141596; 0.00295109; false;0.25; 0.173497; 0.0143059; 0.0331071; 0.00671632; false;TO; 0.174447;ERR;ERR;ERR;ERR;1.11; 0.0626; 0.3203; 0.0019; 0.0320;0.81; 0.0634; 0.0721; 0.0006; 0.0000;2.23; 0.363411178; 0.048380788; 0.001746727; false;1.5; 0.136179367; 0.061265634; 2.872E-5; false
/home/experiments/nfa-bench/benchmarks/presburger/complement/UltimateAutomizer/nested9_true-unreach-call.i_1722.0.mata;ERR;0.25; 0.177026; 0.0442771; 4.306e-06; false;0.64; 0.176727; 0.295256; 0.142383; 0.00300284; false;0.25; 0.172968; 0.0144216; 0.0329898; 0.00660206; false;TO; 0.173545;ERR;ERR;ERR;ERR;1.73; 0.1157; 0.6053; 0.0038; 0.0623;1.18; 0.1127; 0.1371; 0.0011; 0.0001;2.56; 0.422836505; 0.037635089; 0.001777634; false;1.67; 0.129365353; 0.053662947; 4.2633E-5; false
/home/experiments/nfa-bench/benchmarks/presburger/complement/UltimateAutomizer/nested9_true-unreach-call.i_1723.0.mata;ERR;0.24; 0.174083; 0.0433518; 6.376e-06; false;0.63; 0.172472; 0.288181; 0.142071; 0.00297544; false;0.25; 0.172627; 0.0142391; 0.0330354; 0.00668743; false;TO; 0.172471;ERR;ERR;ERR;ERR;1.72; 0.1124; 0.6028; 0.0039; 0.0638;1.19; 0.1155; 0.1409; 0.0011; 0.0001;2.46; 0.427379596; 0.050358587; 0.00191177; false;2.07; 0.209041595; 0.106523995; 3.1164E-5; false
/home/experiments/nfa-bench/benchmarks/presburger/complement/UltimateAutomizer/nested9_true-unreach-call.i_1726.0.mata;ERR;0.17; 0.134167; 0.0282938; 6.785e-06; false;0.64; 0.172296; 0.297422; 0.14504; 0.00303059; false;0.16; 0.104163; 0.00894792; 0.0206464; 0.004274; false;TO; 0.108669;ERR;ERR;ERR;ERR;1.09; 0.0637; 0.3238; 0.0019; 0.0321;1.25; 0.1123; 0.1386; 0.0011; 0.0001;2.67; 0.535282055; 0.033196416; 0.001735798; false;1.63; 0.148703681; 0.052009497; 3.197E-5; false
/home/experiments/nfa-bench/benchmarks/presburger/complement/UltimateAutomizer/nested9_true-unreach-call.i_1728.0.mata;ERR;0.24; 0.172962; 0.0431081; 4.468e-06; false;0.62; 0.172521; 0.28766; 0.141019; 0.00294484; false;0.25; 0.171401; 0.014196; 0.0329609; 0.00660473; false;TO; 0.17152;ERR;ERR;ERR;ERR;1.69; 0.1119; 0.5895; 0.0037; 0.0608;1.18; 0.1142; 0.1373; 0.0011; 0.0001;2.58; 0.535316754; 0.037472023; 0.001617398; false;2.0; 0.228412373; 0.072756788; 2.8413E-5; false
/home/experiments/nfa-bench/benchmarks/presburger/complement/UltimateAutomizer/nested9_true-unreach-call.i_1729.0.mata;ERR;0.24; 0.17158; 0.0429235; 5.819e-06; false;0.62; 0.173787; 0.287591; 0.140526; 0.00295059; false;0.25; 0.172383; 0.0143389; 0.033053; 0.00661844; false;TO; 0.173318;ERR;ERR;ERR;ERR;1.14; 0.0651; 0.3227; 0.0020; 0.0320;1.18; 0.1124; 0.1374; 0.0011; 0.0001;2.67; 0.436063966; 0.060695934; 0.002185318; false;1.68; 0.126449552; 0.065191861; 2.8022E-5; false
/home/experiments/nfa-bench/benchmarks/presburger/complement/UltimateAutomizer/nested9_true-unreach-call.i_173.0.mata;ERR;0.08; 0.0573365; 0.0165969; 3.652e-06; false;0.2; 0.0568442; 0.0868497; 0.0500811; 0.00254631; false;0.08; 0.0567196; 0.00431388; 0.00807021; 0.00287711; false;TO; 0.0570744;ERR;ERR;ERR;ERR;1.13; 0.0406; 0.1282; 0.0015; 0.0095;1.04; 0.0403; 0.0520; 0.0008; 0.0000;1.62; 0.184847436; 0.028714471; 0.001800647; false;1.24; 0.059191521; 0.032763059; 3.1228E-5; false
/home/experiments/nfa-bench/benchmarks/presburger/complement/UltimateAutomizer/nested9_true-unreach-call.i_1732.0.mata;ERR;0.23; 0.171678; 0.042833; 4.254e-06; false;0.62; 0.170262; 0.286615; 0.140674; 0.00294267; false;0.25; 0.17186; 0.0145025; 0.0330695; 0.00656267; false;TO; 0.172312;ERR;ERR;ERR;ERR;1.69; 0.1134; 0.5877; 0.0037; 0.0606;1.18; 0.1129; 0.1369; 0.0011; 0.0001;2.41; 0.413082787; 0.031016945; 0.002111602; false;1.85; 0.126261672; 0.094064501; 2.5393E-5; false
/home/experiments/nfa-bench/benchmarks/presburger/complement/UltimateAutomizer/nested9_true-unreach-call.i_1736.0.mata;ERR;0.25; 0.175634; 0.0440347; 5.557e-06; false;0.64; 0.17734; 0.295044; 0.142836; 0.00298393; false;0.15; 0.104138; 0.00907086; 0.0201276; 0.00421897; false;TO; 0.175716;ERR;ERR;ERR;ERR;1.09; 0.0646; 0.3159; 0.0020; 0.0315;0.83; 0.0617; 0.0710; 0.0006; 0.0000;2.27; 0.394613961; 0.054555267; 0.001994852; false;1.77; 0.1243161; 0.053320267; 2.6289E-5; false
/home/experiments/nfa-bench/benchmarks/presburger/complement/UltimateAutomizer/nested9_true-unreach-call.i_1737.0.mata;ERR;0.24; 0.175671; 0.0439779; 5.587e-06; false;0.63; 0.174769; 0.29348; 0.144213; 0.00303329; false;0.26; 0.176143; 0.0145485; 0.0342184; 0.00687626; false;TO; 0.176514;ERR;ERR;ERR;ERR;1.1; 0.0647; 0.3180; 0.0019; 0.0319;1.21; 0.1147; 0.1410; 0.0011; 0.0001;2.52; 0.449221776; 0.029249375; 0.001730977; false;1.88; 0.216281041; 0.055247382; 3.4953E-5; false
/home/experiments/nfa-bench/benchmarks/presburger/complement/UltimateAutomizer/nested9_true-unreach-call.i_1738.0.mata;ERR;0.24; 0.177509; 0.0428467; 4.56e-06; false;0.62; 0.172736; 0.286673; 0.141914; 0.0029296; false;0.25; 0.172037; 0.0142779; 0.0329116; 0.00664249; false;TO; 0.172362;ERR;ERR;ERR;ERR;1.76; 0.1170; 0.6144; 0.0038; 0.0626;1.17; 0.1117; 0.1370; 0.0011; 0.0001;2.3; 0.366282662; 0.027742382; 0.001793273; false;1.67; 0.145371437; 0.052760618; 2.5574E-5; false
/home/experiments/nfa-bench/benchmarks/presburger/complement/UltimateAutomizer/nested9_true-unreach-call.i_1739.0.mata;ERR;0.24; 0.172932; 0.0431009; 3.957e-06; false;0.62; 0.171395; 0.289438; 0.143159; 0.00295118; false;0.25; 0.172374; 0.0144207; 0.0330122; 0.00661318; false;TO; 0.172484;ERR;ERR;ERR;ERR;1.13; 0.0638; 0.3146; 0.0019; 0.0314;1.19; 0.1177; 0.1409; 0.0012; 0.0001;2.61; 0.525407748; 0.036498513; 0.001692683; false;2.11; 0.237676251; 0.07594417; 3.1939E-5; false
/home/experiments/nfa-bench/benchmarks/presburger/complement/UltimateAutomizer/nested9_true-unreach-call.i_1741.0.mata;ERR;0.25; 0.176836; 0.0442942; 6.322e-06; false;0.64; 0.175492; 0.295862; 0.145961; 0.00301772; false;0.26; 0.177887; 0.0147691; 0.0340704; 0.00689771; false;TO; 0.177967;ERR;ERR;ERR;ERR;1.69; 0.1127; 0.5885; 0.0037; 0.0606;1.19; 0.1125; 0.1370; 0.0011; 0.0001;2.21; 0.345011384; 0.054226781; 0.001677311; false;1.63; 0.14336433; 0.05483318; 2.9459E-5; false
/home/experiments/nfa-bench/benchmarks/presburger/complement/UltimateAutomizer/nested9_true-unreach-call.i_1748.0.mata;ERR;0.19; 0.132142; 0.0389075; 5.178e-06; false;0.46; 0.129918; 0.208327; 0.10508; 0.00299597; false;0.2; 0.130697; 0.0102106; 0.0297428; 0.00609462; false;TO; 0.132477;ERR;ERR;ERR;ERR;1.0; 0.0480; 0.2479; 0.0017; 0.0258;0.8; 0.0479; 0.0596; 0.0005; 0.0000;2.09; 0.399519145; 0.030602558; 0.001724266; false;1.79; 0.164087138; 0.07969831; 2.7835E-5; false
/home/experiments/nfa-bench/benchmarks/presburger/complement/UltimateAutomizer/nested9_true-unreach-call.i_1749.0.mata;ERR;0.24; 0.17234; 0.0431723; 5.462e-06; false;0.62; 0.172809; 0.287573; 0.142187; 0.00297014; false;0.25; 0.172628; 0.0145784; 0.0332713; 0.0066746; false;TO; 0.172641;ERR;ERR;ERR;ERR;1.69; 0.1124; 0.5880; 0.0038; 0.0608;1.17; 0.1130; 0.1363; 0.0011; 0.0001;2.54; 0.539311494; 0.054514149; 0.001688743; false;1.97; 0.24541047; 0.069879499; 2.7636E-5; false
/home/experiments/nfa-bench/benchmarks/presburger/complement/UltimateAutomizer/nested9_true-unreach-call.i_175.0.mata;ERR;0.08; 0.0568726; 0.0166044; 3.454e-06; false;0.19; 0.0565591; 0.0864149; 0.0497356; 0.00256789; false;0.08; 0.0566369; 0.00422071; 0.00799716; 0.00284003; false;TO; 0.0566915;ERR;ERR;ERR;ERR;0.84; 0.0227; 0.0822; 0.0015; 0.0095;1.05; 0.0407; 0.0520; 0.0008; 0.0001;1.6; 0.235986632; 0.031257089; 0.00208911; false;1.17; 0.063833976; 0.033587378; 2.7845E-5; false
/home/experiments/nfa-bench/benchmarks/presburger/complement/UltimateAutomizer/nested9_true-unreach-call.i_1752.0.mata;ERR;0.19; 0.131362; 0.0393412; 4.572e-06; false;0.45; 0.130925; 0.207539; 0.105399; 0.00299049; false;0.19; 0.130435; 0.0102162; 0.0298288; 0.00608604; false;TO; 0.130762;ERR;ERR;ERR;ERR;1.53; 0.0861; 0.4748; 0.0034; 0.0511;1.13; 0.0846; 0.1177; 0.0011; 0.0001;2.12; 0.388833103; 0.028481757; 0.001761672; false;1.57; 0.106593796; 0.062399446; 3.6895E-5; false
/home/experiments/nfa-bench/benchmarks/presburger/complement/UltimateAutomizer/nested9_true-unreach-call.i_1755.0.mata;ERR;0.19; 0.130864; 0.0393397; 4.455e-06; false;0.46; 0.129712; 0.209576; 0.111098; 0.00332788; false;0.2; 0.140629; 0.010737; 0.0313642; 0.00631914; false;TO; 0.13736;ERR;ERR;ERR;ERR;1.58; 0.0877; 0.4785; 0.0034; 0.0509;1.11; 0.0866; 0.1119; 0.0006; 0.0000;2.16; 0.315973787; 0.034480274; 0.001838256; false;1.81; 0.167490074; 0.060743077; 2.7661E-5; false
/home/experiments/nfa-bench/benchmarks/presburger/complement/UltimateAutomizer/nested9_true-unreach-call.i_1758.0.mata;ERR;0.19; 0.130765; 0.0391241; 5.063e-06; false;0.46; 0.13099; 0.208204; 0.105752; 0.00301749; false;0.19; 0.134016; 0.0106026; 0.0306305; 0.00622755; false;TO; 0.135733;ERR;ERR;ERR;ERR;1.38; 0.0875; 0.4775; 0.0034; 0.0510;1.14; 0.0876; 0.1211; 0.0011; 0.0001;2.52; 0.483068213; 0.03896007; 0.001620718; false;1.8; 0.117309446; 0.117949271; 3.9799E-5; false
/home/experiments/nfa-bench/benchmarks/presburger/complement/UltimateAutomizer/nested9_true-unreach-call.i_1761.0.mata;ERR;0.17; 0.133243; 0.026468; 6.203e-06; false;0.47; 0.133652; 0.213261; 0.108006; 0.00310545; false;0.12; 0.082519; 0.00669091; 0.0187324; 0.00400517; false;TO; 0.0828156;ERR;ERR;ERR;ERR;1.56; 0.0858; 0.4744; 0.0035; 0.0519;1.13; 0.0854; 0.1172; 0.0011; 0.0001;2.07; 0.306633005; 0.029966944; 0.002181836; false;1.87; 0.179524749; 0.090589068; 3.0463E-5; false
/home/experiments/nfa-bench/benchmarks/presburger/complement/UltimateAutomizer/nested9_true-unreach-call.i_1764.0.mata;ERR;0.19; 0.134151; 0.0401105; 5.349e-06; false;0.46; 0.133515; 0.21167; 0.107945; 0.00309291; false;0.2; 0.133432; 0.0106341; 0.0307339; 0.00629039; false;TO; 0.133931;ERR;ERR;ERR;ERR;1.55; 0.0850; 0.4741; 0.0034; 0.0508;1.15; 0.0861; 0.1173; 0.0011; 0.0001;2.36; 0.441687842; 0.026952362; 0.001624137; false;1.55; 0.101596658; 0.046622369; 3.1232E-5; false
/home/experiments/nfa-bench/benchmarks/presburger/complement/UltimateAutomizer/nested9_true-unreach-call.i_1767.0.mata;ERR;0.19; 0.132744; 0.039331; 4.666e-06; false;0.28; 0.0796097; 0.133424; 0.0692641; 0.00200982; false;0.2; 0.131473; 0.0109217; 0.0300074; 0.00621857; false;TO; 0.0807203;ERR;ERR;ERR;ERR;1.53; 0.0843; 0.4763; 0.0034; 0.0511;1.15; 0.0875; 0.1211; 0.0011; 0.0001;2.17; 0.358523964; 0.031419605; 0.001653874; false;1.97; 0.189155021; 0.095177862; 2.7088E-5; false
/home/experiments/nfa-bench/benchmarks/presburger/complement/UltimateAutomizer/nested9_true-unreach-call.i_1770.0.mata;ERR;0.19; 0.133555; 0.0387212; 4.252e-06; false;0.47; 0.145496; 0.206839; 0.106048; 0.00303223; false;0.2; 0.131466; 0.0103868; 0.0297938; 0.00610226; false;TO; 0.130383;ERR;ERR;ERR;ERR;1.02; 0.0474; 0.2503; 0.0017; 0.0262;0.8; 0.0487; 0.0590; 0.0006; 0.0000;2.11; 0.36930749; 0.034312829; 0.001723206; false;1.48; 0.105406489; 0.060659649; 3.4909E-5; false
/home/experiments/nfa-bench/benchmarks/presburger/complement/UltimateAutomizer/nested9_true-unreach-call.i_1777.0.mata;ERR;0.26; 0.188623; 0.0487777; 6.059e-06; false;0.68; 0.188895; 0.321366; 0.15075; 0.00307215; false;0.28; 0.188727; 0.0159476; 0.0373651; 0.00753582; false;TO; 0.189182;ERR;ERR;ERR;ERR;1.91; 0.1267; 0.7356; 0.0043; 0.0783;1.18; 0.1240; 0.1538; 0.0011; 0.0001;2.39; 0.372249464; 0.036856469; 0.003801236; false;1.69; 0.155325816; 0.055166835; 2.6327E-5; false
/home/experiments/nfa-bench/benchmarks/presburger/complement/UltimateAutomizer/nested9_true-unreach-call.i_1778.0.mata;ERR;0.24; 0.171213; 0.0428307; 4.381e-06; false;0.65; 0.171556; 0.301572; 0.150096; 0.00308567; false;0.26; 0.174699; 0.0150308; 0.0347535; 0.00702836; false;TO; 0.181733;ERR;ERR;ERR;ERR;1.71; 0.1140; 0.5974; 0.0040; 0.0625;1.18; 0.1124; 0.1365; 0.0011; 0.0001;2.33; 0.36283059; 0.043625535; 0.001914217; false;1.61; 0.134687636; 0.05958504; 3.4417E-5; false
/home/experiments/nfa-bench/benchmarks/presburger/complement/UltimateAutomizer/nested9_true-unreach-call.i_1781.0.mata;ERR;0.26; 0.187912; 0.0484468; 5.44e-06; false;0.68; 0.188767; 0.32215; 0.150084; 0.0030304; false;0.28; 0.191404; 0.0161793; 0.0377293; 0.00751855; false;TO; 0.191221;ERR;ERR;ERR;ERR;1.87; 0.1238; 0.7255; 0.0043; 0.0777;1.21; 0.1237; 0.1544; 0.0011; 0.0001;2.5; 0.400401645; 0.064065578; 0.001919145; false;1.75; 0.159532905; 0.067824526; 3.0642E-5; false
/home/experiments/nfa-bench/benchmarks/presburger/complement/UltimateAutomizer/nested9_true-unreach-call.i_1784.0.mata;ERR;0.19; 0.132496; 0.0394874; 7.303e-06; false;0.47; 0.132468; 0.214732; 0.112291; 0.00321902; false;0.2; 0.131862; 0.0101892; 0.0298007; 0.00613145; false;TO; 0.0811411;ERR;ERR;ERR;ERR;1.55; 0.0866; 0.4728; 0.0034; 0.0512;1.14; 0.0868; 0.1161; 0.0011; 0.0001;1.98; 0.294415971; 0.052086219; 0.001648677; false;1.52; 0.099302746; 0.050817048; 3.4515E-5; false
/home/experiments/nfa-bench/benchmarks/presburger/complement/UltimateAutomizer/nested9_true-unreach-call.i_1785.0.mata;ERR;0.26; 0.193251; 0.0430317; 4.956e-06; false;0.7; 0.193531; 0.330595; 0.15354; 0.00311699; false;0.18; 0.11666; 0.0103317; 0.023445; 0.00495742; false;TO; 0.119591;ERR;ERR;ERR;ERR;1.87; 0.1280; 0.7328; 0.0043; 0.0784;1.22; 0.1254; 0.1592; 0.0011; 0.0001;2.57; 0.347074178; 0.057793643; 0.001955177; false;1.84; 0.123280952; 0.10425661; 3.6824E-5; false
/home/experiments/nfa-bench/benchmarks/presburger/complement/UltimateAutomizer/nested9_true-unreach-call.i_1786.0.mata;ERR;0.27; 0.188947; 0.0488016; 4.266e-06; false;0.68; 0.189664; 0.321121; 0.151547; 0.00304363; false;0.27; 0.188039; 0.0159514; 0.0372132; 0.0075278; false;TO; 0.18847;ERR;ERR;ERR;ERR;1.32; 0.0682; 0.4017; 0.0022; 0.0419;0.85; 0.0699; 0.0821; 0.0006; 0.0000;2.62; 0.494244596; 0.035070708; 0.002170192; false;1.61; 0.181838662; 0.061184705; 3.8374E-5; false
/home/experiments/nfa-bench/benchmarks/presburger/complement/UltimateAutomizer/nested9_true-unreach-call.i_1789.0.mata;ERR;0.27; 0.193331; 0.0502965; 5.394e-06; false;0.69; 0.192386; 0.327707; 0.152812; 0.00303097; false;0.28; 0.189063; 0.0159758; 0.0374485; 0.00756627; false;TO; 0.189401;ERR;ERR;ERR;ERR;1.88; 0.1223; 0.7270; 0.0043; 0.0776;1.21; 0.1233; 0.1560; 0.0011; 0.0001;2.23; 0.348978024; 0.023601629; 0.001350057; false;1.63; 0.13341863; 0.057215256; 2.6596E-5; false
/home/experiments/nfa-bench/benchmarks/presburger/complement/UltimateAutomizer/nested9_true-unreach-call.i_179.0.mata;ERR;0.08; 0.0592654; 0.0169175; 3.915e-06; false;0.21; 0.0589124; 0.0887127; 0.0513082; 0.0026154; false;0.09; 0.0583213; 0.00432446; 0.00828324; 0.00291285; false;TO; 0.0582511;ERR;ERR;ERR;ERR;0.78; 0.0243; 0.0675; 0.0008; 0.0051;0.75; 0.0239; 0.0264; 0.0004; 0.0000;1.53; 0.228336893; 0.029927856; 0.001833623; false;1.11; 0.059365707; 0.049992675; 2.6976E-5; false
/home/experiments/nfa-bench/benchmarks/presburger/complement/UltimateAutomizer/nested9_true-unreach-call.i_1792.0.mata;ERR;0.26; 0.189407; 0.0488415; 4.752e-06; false;0.69; 0.188988; 0.326006; 0.155131; 0.00313309; false;0.28; 0.194233; 0.0163832; 0.0384082; 0.00777454; false;TO; 0.194734;ERR;ERR;ERR;ERR;1.89; 0.1253; 0.7465; 0.0044; 0.0798;1.24; 0.1266; 0.1597; 0.0011; 0.0001;2.36; 0.34276093; 0.059114421; 0.002177769; false;1.79; 0.132352711; 0.060281825; 2.7754E-5; false
/home/experiments/nfa-bench/benchmarks/presburger/complement/UltimateAutomizer/nested9_true-unreach-call.i_1795.0.mata;ERR;0.16; 0.117492; 0.0319556; 5.162e-06; false;0.68; 0.189751; 0.322557; 0.150989; 0.00302094; false;0.17; 0.114031; 0.00997049; 0.0227071; 0.00471031; false;TO; 0.19099;ERR;ERR;ERR;ERR;1.2; 0.0679; 0.3971; 0.0023; 0.0415;0.84; 0.0698; 0.0808; 0.0006; 0.0000;2.72; 0.539868172; 0.043446858; 0.001998543; false;2.12; 0.320664742; 0.055299909; 3.2521E-5; false
/home/experiments/nfa-bench/benchmarks/presburger/complement/UltimateAutomizer/nested9_true-unreach-call.i_1798.0.mata;ERR;0.16; 0.11482; 0.0326684; 3.937e-06; false;0.53; 0.116543; 0.249727; 0.153287; 0.00312918; false;0.28; 0.195761; 0.0163408; 0.0372843; 0.00745374; false;TO; 0.18837;ERR;ERR;ERR;ERR;1.21; 0.0689; 0.3871; 0.0022; 0.0403;0.83; 0.0693; 0.0790; 0.0006; 0.0000;2.29; 0.3355143; 0.042329606; 0.001433306; false;1.71; 0.135163482; 0.06780702; 2.7033E-5; false
/home/experiments/nfa-bench/benchmarks/presburger/complement/UltimateAutomizer/nested9_true-unreach-call.i_1817.0.mata;ERR;0.27; 0.189637; 0.0491778; 4.969e-06; false;0.68; 0.187776; 0.321366; 0.151613; 0.00305668; false;0.28; 0.189303; 0.0160083; 0.0374676; 0.00752269; false;TO; 0.189294;ERR;ERR;ERR;ERR;1.88; 0.1242; 0.7341; 0.0043; 0.0778;1.2; 0.1250; 0.1543; 0.0011; 0.0001;2.6; 0.45453193; 0.042410653; 0.001968843; false;1.7; 0.184585327; 0.06035345; 2.5925E-5; false
/home/experiments/nfa-bench/benchmarks/presburger/complement/UltimateAutomizer/nested9_true-unreach-call.i_1847.0.mata;ERR;0.18; 0.131392; 0.0390036; 4.352e-06; false;0.46; 0.132532; 0.207657; 0.105727; 0.00301837; false;0.2; 0.130687; 0.0104191; 0.0297851; 0.00604914; false;TO; 0.131433;ERR;ERR;ERR;ERR;1.01; 0.0473; 0.2501; 0.0017; 0.0263;0.82; 0.0481; 0.0622; 0.0006; 0.0000;2.23; 0.472527731; 0.031946986; 0.004132553; false;1.7; 0.095126635; 0.081582042; 2.9265E-5; false
/home/experiments/nfa-bench/benchmarks/presburger/complement/UltimateAutomizer/nested9_true-unreach-call.i_187.0.mata;ERR;0.07; 0.0522284; 0.0165177; 3.577e-06; false;0.19; 0.0516325; 0.084889; 0.0494577; 0.00264075; false;0.08; 0.0515015; 0.00418847; 0.00778078; 0.00274866; false;TO; 0.0521926;ERR;ERR;ERR;ERR;0.81; 0.0222; 0.0610; 0.0007; 0.0045;1.04; 0.0393; 0.0503; 0.0008; 0.0000;1.64; 0.20710401; 0.03159086; 0.001712124; false;1.2; 0.052203301; 0.03442096; 2.4589E-5; false
/home/experiments/nfa-bench/benchmarks/presburger/complement/UltimateAutomizer/nested9_true-unreach-call.i_1874.0.mata;ERR;0.18; 0.129111; 0.0331571; 5.626e-06; false;0.46; 0.128305; 0.20531; 0.11504; 0.00371746; false;0.19; 0.129349; 0.0101283; 0.0258319; 0.00527017; false;TO; 0.130795;ERR;ERR;ERR;ERR;1.45; 0.0848; 0.3824; 0.0029; 0.0374;1.11; 0.0845; 0.1067; 0.0013; 0.0001;1.93; 0.282870899; 0.028754364; 0.00166992; false;1.71; 0.120787094; 0.086347762; 3.8107E-5; false
/home/experiments/nfa-bench/benchmarks/presburger/complement/UltimateAutomizer/nested9_true-unreach-call.i_1875.0.mata;ERR;0.18; 0.129758; 0.0331584; 5.374e-06; false;0.46; 0.128477; 0.206499; 0.115888; 0.00368456; false;0.19; 0.128977; 0.0101542; 0.0258223; 0.00539177; false;TO; 0.129829;ERR;ERR;ERR;ERR;1.44; 0.0837; 0.3822; 0.0029; 0.0373;1.14; 0.0854; 0.1066; 0.0013; 0.0001;2.41; 0.423433662; 0.05628393; 0.001840665; false;1.77; 0.154480344; 0.083232597; 5.6417E-5; false
/home/experiments/nfa-bench/benchmarks/presburger/complement/UltimateAutomizer/nested9_true-unreach-call.i_1877.0.mata;ERR;0.18; 0.129783; 0.0333116; 1.2642e-05; false;0.47; 0.131958; 0.208609; 0.115992; 0.00374584; false;0.19; 0.133236; 0.0104784; 0.026554; 0.00535276; false;TO; 0.13346;ERR;ERR;ERR;ERR;0.96; 0.0505; 0.2059; 0.0015; 0.0196;1.15; 0.0877; 0.1096; 0.0013; 0.0001;2.64; 0.487336267; 0.056280319; 0.001794182; false;1.61; 0.102779014; 0.063847921; 3.6417E-5; false
/home/experiments/nfa-bench/benchmarks/presburger/complement/UltimateAutomizer/nested9_true-unreach-call.i_1878.0.mata;ERR;0.18; 0.136322; 0.0349372; 5.535e-06; false;0.48; 0.136134; 0.212305; 0.118576; 0.0037765; false;0.2; 0.133073; 0.0105229; 0.026344; 0.00538037; false;TO; 0.132578;ERR;ERR;ERR;ERR;1.44; 0.0841; 0.3888; 0.0030; 0.0383;1.14; 0.0867; 0.1088; 0.0013; 0.0001;2.11; 0.30903941; 0.033684575; 0.001668495; false;1.94; 0.194898004; 0.114674617; 3.1519E-5; false
/home/experiments/nfa-bench/benchmarks/presburger/complement/UltimateAutomizer/nested9_true-unreach-call.i_1879.0.mata;ERR;0.18; 0.12995; 0.0333571; 4.439e-06; false;0.47; 0.133319; 0.209383; 0.117295; 0.00381144; false;0.19; 0.130059; 0.0112144; 0.0265542; 0.00540505; false;TO; 0.132571;ERR;ERR;ERR;ERR;1.45; 0.0853; 0.3826; 0.0029; 0.0374;1.1; 0.0841; 0.1062; 0.0013; 0.0001;2.05; 0.323403461; 0.057801994; 0.001810894; false;1.74; 0.13493639; 0.054941857; 2.9196E-5; false
/home/experiments/nfa-bench/benchmarks/presburger/complement/UltimateAutomizer/nested9_true-unreach-call.i_1887.0.mata;ERR;0.18; 0.131069; 0.0332102; 5.54e-06; false;0.47; 0.131329; 0.207487; 0.116772; 0.0037549; false;0.19; 0.13081; 0.0103263; 0.025952; 0.00532392; false;TO; 0.130976;ERR;ERR;ERR;ERR;1.42; 0.0847; 0.3832; 0.0029; 0.0373;1.1; 0.0855; 0.1063; 0.0013; 0.0001;2.28; 0.375507562; 0.032673718; 0.0019651; false;1.78; 0.123490623; 0.100169117; 4.7955E-5; false
/home/experiments/nfa-bench/benchmarks/presburger/complement/UltimateAutomizer/nested9_true-unreach-call.i_1897.0.mata;ERR;0.18; 0.130158; 0.0332603; 5.004e-06; false;0.46; 0.128628; 0.205911; 0.115168; 0.00365998; false;0.19; 0.129007; 0.0101644; 0.025855; 0.00527101; false;TO; 0.130847;ERR;ERR;ERR;ERR;1.47; 0.0862; 0.3937; 0.0030; 0.0384;1.13; 0.0839; 0.1066; 0.0013; 0.0001;2.12; 0.339099914; 0.036308191; 0.001902227; false;1.77; 0.099237388; 0.086169766; 2.8168E-5; false
/home/experiments/nfa-bench/benchmarks/presburger/complement/UltimateAutomizer/nested9_true-unreach-call.i_277.0.mata;ERR;0.13; 0.0909075; 0.0297968; 4.178e-06; false;0.33; 0.0925096; 0.15189; 0.0701102; 0.0022227; false;0.13; 0.0915253; 0.0074852; 0.0141642; 0.00480735; false;TO; 0.091119;ERR;ERR;ERR;ERR;1.31; 0.0637; 0.2848; 0.0026; 0.0286;1.09; 0.0629; 0.0862; 0.0007; 0.0000;1.83; 0.271659948; 0.039001372; 0.001967377; false;1.26; 0.073251979; 0.052500689; 2.9292E-5; false
/home/experiments/nfa-bench/benchmarks/presburger/complement/UltimateAutomizer/nested9_true-unreach-call.i_357.0.mata;ERR;0.09; 0.0616037; 0.0207442; 3.764e-06; false;0.22; 0.0613912; 0.0957301; 0.0576158; 0.00295896; false;0.09; 0.0606016; 0.00466126; 0.0100624; 0.00343737; false;TO; 0.0615481;ERR;ERR;ERR;ERR;0.99; 0.0242; 0.0823; 0.0009; 0.0071;0.73; 0.0244; 0.0318; 0.0005; 0.0000;1.48; 0.225312735; 0.035342575; 0.001778389; false;1.16; 0.100820703; 0.041174606; 2.365E-5; false
/home/experiments/nfa-bench/benchmarks/presburger/complement/UltimateAutomizer/nested9_true-unreach-call.i_378.0.mata;ERR;0.09; 0.0640743; 0.0221481; 3.909e-06; false;0.23; 0.0662808; 0.100076; 0.060195; 0.00318756; false;0.09; 0.0636671; 0.00491187; 0.0103917; 0.00360122; false;TO; 0.0641617;ERR;ERR;ERR;ERR;1.15; 0.0438; 0.1621; 0.0019; 0.0142;1.05; 0.0441; 0.0622; 0.0010; 0.0000;1.65; 0.220970797; 0.034740828; 0.001885195; false;1.25; 0.066159441; 0.034017952; 3.2496E-5; false
/home/experiments/nfa-bench/benchmarks/presburger/complement/UltimateAutomizer/nested9_true-unreach-call.i_379.0.mata;ERR;0.09; 0.0633407; 0.0209599; 3.779e-06; false;0.22; 0.061412; 0.0964183; 0.0575517; 0.0029729; false;0.09; 0.0613088; 0.00469049; 0.0101859; 0.00346796; false;TO; 0.0615856;ERR;ERR;ERR;ERR;1.17; 0.0423; 0.1644; 0.0018; 0.0141;1.03; 0.0421; 0.0619; 0.0010; 0.0000;1.73; 0.205835532; 0.050517835; 0.001882629; false;1.18; 0.068607494; 0.03559966; 2.4026E-5; false
/home/experiments/nfa-bench/benchmarks/presburger/complement/UltimateAutomizer/nested9_true-unreach-call.i_447.0.mata;ERR;0.04; 0.0345289; 0.00721501; 3.798e-06; false;0.15; 0.0346484; 0.0514215; 0.0620039; 0.00163092; false;0.05; 0.0331907; 0.00257501; 0.00554244; 0.0020879; false;TO; 0.0331013;ERR;ERR;ERR;ERR;1.03; 0.0262; 0.0784; 0.0010; 0.0064;0.99; 0.0271; 0.0303; 0.0003; 0.0000;1.38; 0.159176548; 0.043135129; 0.001597937; false;1.16; 0.043280709; 0.029925813; 2.8537E-5; false
/home/experiments/nfa-bench/benchmarks/presburger/complement/UltimateAutomizer/nested9_true-unreach-call.i_470.0.mata;ERR;0.12; 0.0878008; 0.0248763; 3.552e-06; false;0.42; 0.0872967; 0.145043; 0.180634; 0.00464957; false;0.13; 0.0873183; 0.00703067; 0.0118208; 0.00404232; false;TO; 0.0884197;ERR;ERR;ERR;ERR;1.22; 0.0573; 0.2160; 0.0021; 0.0190;1.06; 0.0569; 0.0720; 0.0007; 0.0000;1.95; 0.311833642; 0.029758559; 0.001848949; false;1.35; 0.073867849; 0.030841871; 2.656E-5; false
/home/experiments/nfa-bench/benchmarks/presburger/complement/UltimateAutomizer/nested9_true-unreach-call.i_473.0.mata;ERR;0.12; 0.0835905; 0.0237441; 3.952e-06; false;0.4; 0.0835464; 0.137859; 0.172055; 0.00445233; false;0.12; 0.0831253; 0.00670759; 0.0113599; 0.00387036; false;TO; 0.0837109;ERR;ERR;ERR;ERR;1.23; 0.0580; 0.2171; 0.0021; 0.0190;1.06; 0.0571; 0.0734; 0.0007; 0.0000;2.1; 0.370255842; 0.026489707; 0.00201157; false;1.32; 0.067436998; 0.035435653; 2.8344E-5; false
/home/experiments/nfa-bench/benchmarks/presburger/complement/UltimateAutomizer/nested9_true-unreach-call.i_497.0.mata;ERR;0.11; 0.0801446; 0.0237898; 4.03e-06; false;0.29; 0.0794458; 0.131428; 0.0663889; 0.00274076; false;0.11; 0.0799618; 0.00644457; 0.0114263; 0.0038961; false;TO; 0.0803724;ERR;ERR;ERR;ERR;1.23; 0.0561; 0.2061; 0.0021; 0.0183;1.04; 0.0549; 0.0717; 0.0008; 0.0000;1.74; 0.221689831; 0.052107761; 0.002029955; false;1.68; 0.143445067; 0.063121036; 3.4897E-5; false
/home/experiments/nfa-bench/benchmarks/presburger/complement/UltimateAutomizer/nested9_true-unreach-call.i_507.0.mata;ERR;0.17; 0.127972; 0.0300684; 4.973e-06; false;0.42; 0.123465; 0.19639; 0.0897579; 0.00281961; false;0.18; 0.124076; 0.00973612; 0.0225848; 0.0047786; false;TO; 0.124319;ERR;ERR;ERR;ERR;1.33; 0.0782; 0.2929; 0.0026; 0.0269;1.1; 0.0792; 0.0917; 0.0008; 0.0001;1.87; 0.254292341; 0.047839686; 0.001664693; false;1.74; 0.169056978; 0.064308062; 2.8922E-5; false
/home/experiments/nfa-bench/benchmarks/presburger/complement/UltimateAutomizer/nested9_true-unreach-call.i_527.0.mata;ERR;0.04; 0.0297757; 0.0123038; 3.626e-06; false;0.11; 0.029647; 0.0444828; 0.0333514; 0.00265847; false;0.04; 0.0297053; 0.00215995; 0.00603259; 0.00223164; false;TO; 0.0297024;ERR;ERR;ERR;ERR;1.03; 0.0246; 0.0781; 0.0011; 0.0051;1.01; 0.0236; 0.0368; 0.0011; 0.0000;1.39; 0.189723253; 0.036969646; 0.001669267; false;1.07; 0.038904424; 0.042873388; 2.4418E-5; false
/home/experiments/nfa-bench/benchmarks/presburger/complement/UltimateAutomizer/nested9_true-unreach-call.i_537.0.mata;ERR;0.06; 0.0374246; 0.0152705; 3.3e-06; false;0.14; 0.037118; 0.05857; 0.0385722; 0.00267399; false;0.06; 0.0371009; 0.0028349; 0.00729138; 0.00263589; false;TO; 0.0370691;ERR;ERR;ERR;ERR;1.09; 0.0296; 0.1029; 0.0013; 0.0076;1.04; 0.0293; 0.0450; 0.0010; 0.0000;1.55; 0.196791888; 0.037026897; 0.001640716; false;1.14; 0.045623941; 0.033889295; 2.3735E-5; false
/home/experiments/nfa-bench/benchmarks/presburger/complement/UltimateAutomizer/nested9_true-unreach-call.i_573.0.mata;ERR;0.05; 0.0332379; 0.0141565; 3.309e-06; false;0.14; 0.0329927; 0.0509891; 0.053426; 0.0040508; false;0.05; 0.0331991; 0.00240645; 0.0068725; 0.0024809; false;TO; 0.0327693;ERR;ERR;ERR;ERR;1.06; 0.0263; 0.0936; 0.0013; 0.0067;1.01; 0.0269; 0.0417; 0.0009; 0.0000;1.48; 0.170868427; 0.038292216; 0.00173442; false;1.08; 0.040099902; 0.029014199; 2.323E-5; false
/home/experiments/nfa-bench/benchmarks/presburger/complement/UltimateAutomizer/nested9_true-unreach-call.i_574.0.mata;ERR;0.06; 0.0419118; 0.0179411; 3.4e-06; false;0.17; 0.042017; 0.0683404; 0.0598669; 0.00404855; false;0.07; 0.0420875; 0.00329075; 0.00864559; 0.00305244; false;TO; 0.0426262;ERR;ERR;ERR;ERR;1.15; 0.0324; 0.1355; 0.0016; 0.0108;1.02; 0.0317; 0.0528; 0.0010; 0.0000;1.65; 0.258003663; 0.029883935; 0.001896365; false;1.2; 0.055270623; 0.034841581; 3.0082E-5; false
/home/experiments/nfa-bench/benchmarks/presburger/complement/UltimateAutomizer/nested9_true-unreach-call.i_575.0.mata;ERR;0.06; 0.0384575; 0.015734; 3.309e-06; false;0.14; 0.0381218; 0.0601558; 0.0398024; 0.00274115; false;0.06; 0.038066; 0.00288607; 0.007562; 0.0026912; false;TO; 0.0382401;ERR;ERR;ERR;ERR;1.09; 0.0305; 0.1054; 0.0014; 0.0076;1.03; 0.0287; 0.0455; 0.0010; 0.0000;1.51; 0.184517926; 0.028237995; 0.001696269; false;1.14; 0.047491852; 0.036760958; 2.583E-5; false
/home/experiments/nfa-bench/benchmarks/presburger/complement/UltimateAutomizer/nested9_true-unreach-call.i_627.0.mata;ERR;0.09; 0.0607071; 0.019172; 3.689e-06; false;0.21; 0.0606928; 0.0931932; 0.0550453; 0.00290814; false;0.09; 0.0598068; 0.0045926; 0.00926475; 0.00319705; false;TO; 0.0598192;ERR;ERR;ERR;ERR;1.19; 0.0425; 0.1472; 0.0017; 0.0118;1.06; 0.0413; 0.0574; 0.0009; 0.0000;1.69; 0.224549925; 0.026353029; 0.001676321; false;1.26; 0.081243179; 0.046034458; 2.6036E-5; false
/home/experiments/nfa-bench/benchmarks/presburger/complement/UltimateAutomizer/nested9_true-unreach-call.i_637.0.mata;ERR;0.12; 0.0886232; 0.0252349; 3.99e-06; false;0.32; 0.0879434; 0.146283; 0.0760911; 0.00290196; false;0.13; 0.0874449; 0.00714676; 0.0119967; 0.00404287; false;TO; 0.0895693;ERR;ERR;ERR;ERR;1.26; 0.0611; 0.2319; 0.0023; 0.0207;1.12; 0.0623; 0.0789; 0.0009; 0.0000;1.78; 0.248303978; 0.040113185; 0.001738358; false;1.51; 0.070727381; 0.077444909; 2.9093E-5; false
/home/experiments/nfa-bench/benchmarks/presburger/complement/UltimateAutomizer/nested9_true-unreach-call.i_670.0.mata;ERR;0.06; 0.0478085; 0.0120536; 4.079e-06; false;0.25; 0.04876; 0.0782149; 0.116348; 0.0027596; false;0.07; 0.0487908; 0.00400459; 0.00881804; 0.00321806; false;TO; 0.0481054;ERR;ERR;ERR;ERR;1.18; 0.0358; 0.1716; 0.0016; 0.0178;1.05; 0.0355; 0.0492; 0.0006; 0.0000;1.62; 0.267990629; 0.034415736; 0.001701032; false;1.25; 0.054060935; 0.044777135; 2.5851E-5; false
/home/experiments/nfa-bench/benchmarks/presburger/complement/UltimateAutomizer/nested9_true-unreach-call.i_7.0.mata;ERR;0.03; 0.0235395; 0.00611784; 3.405e-06; false;0.08; 0.022092; 0.0349971; 0.0204374; 0.00115941; false;0.04; 0.0220063; 0.00175737; 0.00478339; 0.00183858; false;TO; 0.0223094;ERR;ERR;ERR;ERR;1.03; 0.0195; 0.0575; 0.0008; 0.0042;0.98; 0.0194; 0.0247; 0.0004; 0.0000;1.29; 0.145560994; 0.025703036; 0.001540035; false;1.11; 0.032401399; 0.03477406; 2.3476E-5; false
/home/experiments/nfa-bench/benchmarks/presburger/complement/UltimateAutomizer/nested9_true-unreach-call.i_703.0.mata;ERR;0.26; 0.184823; 0.0450072; 4.686e-06; false;0.66; 0.183403; 0.312893; 0.139057; 0.00293376; false;0.26; 0.189478; 0.0155418; 0.034052; 0.00704906; false;TO; 0.18981;ERR;ERR;ERR;ERR;1.29; 0.0686; 0.3094; 0.0020; 0.0308;0.83; 0.0672; 0.0723; 0.0005; 0.0000;2.4; 0.398019111; 0.067683898; 0.001876887; false;1.98; 0.238590223; 0.057904928; 2.6986E-5; false
/home/experiments/nfa-bench/benchmarks/presburger/complement/UltimateAutomizer/nested9_true-unreach-call.i_707.0.mata;ERR;0.26; 0.185713; 0.0447229; 5.778e-06; false;0.66; 0.183977; 0.309401; 0.139525; 0.00295947; false;0.2; 0.111928; 0.0156903; 0.0348406; 0.00716191; false;TO; 0.196788;ERR;ERR;ERR;ERR;1.1; 0.0667; 0.3085; 0.0020; 0.0308;1.2; 0.1208; 0.1424; 0.0010; 0.0001;2.36; 0.45719618; 0.028127923; 0.001714185; false;1.67; 0.146642473; 0.052724998; 2.4324E-5; false
/home/experiments/nfa-bench/benchmarks/presburger/complement/UltimateAutomizer/nested9_true-unreach-call.i_71.0.mata;ERR;0.09; 0.0600547; 0.020444; 3.76e-06; false;0.21; 0.0593475; 0.0925645; 0.0532372; 0.00273605; false;0.09; 0.0603813; 0.00455422; 0.00968205; 0.00333995; false;TO; 0.0597065;ERR;ERR;ERR;ERR;0.81; 0.0254; 0.0864; 0.0009; 0.0079;0.78; 0.0251; 0.0313; 0.0004; 0.0000;1.59; 0.313895518; 0.03817679; 0.001761508; false;1.04; 0.063146528; 0.029877802; 3.1868E-5; false
/home/experiments/nfa-bench/benchmarks/presburger/complement/UltimateAutomizer/nested9_true-unreach-call.i_713.0.mata;ERR;0.26; 0.183677; 0.0465183; 5.416e-06; false;0.67; 0.18732; 0.319952; 0.142708; 0.00302745; false;0.27; 0.188247; 0.0156146; 0.0339659; 0.00694002; false;TO; 0.184316;ERR;ERR;ERR;ERR;1.71; 0.1226; 0.5967; 0.0040; 0.0603;1.22; 0.1218; 0.1460; 0.0010; 0.0001;2.64; 0.549054182; 0.043890702; 0.001738803; false;1.78; 0.126602621; 0.066752403; 2.4965E-5; false
/home/experiments/nfa-bench/benchmarks/presburger/complement/UltimateAutomizer/nested9_true-unreach-call.i_720.0.mata;ERR;0.24; 0.176982; 0.0450778; 4.932e-06; false;0.47; 0.106955; 0.221675; 0.130741; 0.00274703; false;0.26; 0.180093; 0.0145736; 0.0347465; 0.0072323; false;TO; 0.135824;ERR;ERR;ERR;ERR;1.75; 0.1216; 0.6037; 0.0040; 0.0618;1.19; 0.1159; 0.1391; 0.0009; 0.0001;2.38; 0.412439685; 0.025771304; 0.001714751; false;2.02; 0.244810489; 0.057761972; 2.478E-5; false
/home/experiments/nfa-bench/benchmarks/presburger/complement/UltimateAutomizer/nested9_true-unreach-call.i_725.0.mata;ERR;0.25; 0.179903; 0.0456735; 4.606e-06; false;0.63; 0.179897; 0.301671; 0.133045; 0.00298312; false;0.26; 0.180204; 0.0150137; 0.0345578; 0.00702327; false;TO; 0.180725;ERR;ERR;ERR;ERR;1.72; 0.1154; 0.5946; 0.0041; 0.0619;1.18; 0.1169; 0.1389; 0.0009; 0.0001;2.65; 0.489306549; 0.038694159; 0.001864513; false;1.62; 0.139262745; 0.053673011; 2.8001E-5; false
/home/experiments/nfa-bench/benchmarks/presburger/complement/UltimateAutomizer/nested9_true-unreach-call.i_728.0.mata;ERR;0.26; 0.188377; 0.045805; 4.581e-06; false;0.66; 0.184581; 0.30956; 0.14064; 0.00291029; false;0.27; 0.185823; 0.0156905; 0.0345255; 0.00713259; false;TO; 0.188264;ERR;ERR;ERR;ERR;1.72; 0.1226; 0.6074; 0.0041; 0.0615;1.21; 0.1246; 0.1466; 0.0010; 0.0001;2.28; 0.350848096; 0.058783151; 0.00159813; false;1.77; 0.158880058; 0.054186299; 2.6876E-5; false
/home/experiments/nfa-bench/benchmarks/presburger/complement/UltimateAutomizer/nested9_true-unreach-call.i_73.0.mata;ERR;0.09; 0.0700112; 0.0254596; 7.953e-06; false;0.23; 0.0806721; 0.134048; 0.0544943; 0.00306432; false;0.09; 0.0606608; 0.00483233; 0.00949582; 0.00325406; false;TO; 0.0605975;ERR;ERR;ERR;ERR;1.2; 0.0418; 0.1562; 0.0017; 0.0135;1.04; 0.0427; 0.0601; 0.0010; 0.0000;1.69; 0.247137168; 0.041345116; 0.00181102; false;1.27; 0.084785512; 0.06475417; 2.8014E-5; false
/home/experiments/nfa-bench/benchmarks/presburger/complement/UltimateAutomizer/nested9_true-unreach-call.i_744.0.mata;ERR;0.22; 0.156515; 0.0387614; 4.544e-06; false;0.55; 0.156367; 0.256608; 0.121702; 0.00282753; false;0.23; 0.157366; 0.0126717; 0.0293835; 0.00602675; false;TO; 0.156281;ERR;ERR;ERR;ERR;1.01; 0.0559; 0.2241; 0.0016; 0.0211;0.81; 0.0581; 0.0616; 0.0005; 0.0000;2.09; 0.321100899; 0.033948738; 0.001875785; false;1.86; 0.196944058; 0.09307977; 4.1695E-5; false
/home/experiments/nfa-bench/benchmarks/presburger/complement/UltimateAutomizer/nested9_true-unreach-call.i_746.0.mata;ERR;0.13; 0.0921888; 0.024362; 3.355e-06; false;0.34; 0.0917812; 0.159321; 0.0780298; 0.00186839; false;0.13; 0.091924; 0.00767644; 0.0173548; 0.00369325; false;TO; 0.0940387;ERR;ERR;ERR;ERR;1.5; 0.0995; 0.4327; 0.0033; 0.0415;1.13; 0.0987; 0.1189; 0.0010; 0.0001;2.56; 0.415586543; 0.05199459; 0.00172733; false;1.6; 0.114303902; 0.052071009; 3.2789E-5; false
/home/experiments/nfa-bench/benchmarks/presburger/complement/UltimateAutomizer/nested9_true-unreach-call.i_751.0.mata;ERR;0.21; 0.152194; 0.0374319; 4.06e-06; false;0.54; 0.151256; 0.250173; 0.118607; 0.00275603; false;0.22; 0.152223; 0.0123422; 0.0285091; 0.00583365; false;TO; 0.152604;ERR;ERR;ERR;ERR;1.53; 0.1037; 0.4325; 0.0033; 0.0416;1.15; 0.0995; 0.1188; 0.0010; 0.0001;2.47; 0.485964542; 0.027380961; 0.001789098; false;2.02; 0.250358412; 0.083768369; 4.4294E-5; false
/home/experiments/nfa-bench/benchmarks/presburger/complement/UltimateAutomizer/nested9_true-unreach-call.i_753.0.mata;ERR;0.21; 0.152954; 0.0375282; 4.723e-06; false;0.56; 0.155816; 0.262865; 0.125238; 0.00291476; false;0.24; 0.16; 0.0130115; 0.0302831; 0.00621905; false;TO; 0.161307;ERR;ERR;ERR;ERR;1.51; 0.0994; 0.4398; 0.0033; 0.0425;1.15; 0.0990; 0.1186; 0.0010; 0.0001;2.33; 0.429515878; 0.031986195; 0.001711234; false;1.88; 0.22701946; 0.061366204; 2.7671E-5; false
/home/experiments/nfa-bench/benchmarks/presburger/complement/UltimateAutomizer/nested9_true-unreach-call.i_755.0.mata;ERR;0.21; 0.153341; 0.0371305; 4.434e-06; false;0.54; 0.151494; 0.249273; 0.119484; 0.0027716; false;0.22; 0.152863; 0.0125595; 0.0291256; 0.00595095; false;TO; 0.15394;ERR;ERR;ERR;ERR;1.55; 0.1018; 0.4378; 0.0032; 0.0414;1.15; 0.0998; 0.1180; 0.0010; 0.0001;2.13; 0.35420127; 0.027038521; 0.001873748; false;1.55; 0.117618203; 0.058661436; 3.3844E-5; false
/home/experiments/nfa-bench/benchmarks/presburger/complement/UltimateAutomizer/nested9_true-unreach-call.i_762.0.mata;ERR;0.16; 0.108015; 0.0375283; 8.129e-06; false;0.36; 0.130951; 0.149445; 0.071513; 0.00178601; false;0.21; 0.143145; 0.0113452; 0.0284001; 0.00588104; false;TO; 0.144428;ERR;ERR;ERR;ERR;1.47; 0.0936; 0.4221; 0.0032; 0.0417;1.15; 0.0958; 0.1145; 0.0009; 0.0001;2.19; 0.292674249; 0.029266738; 0.001881842; false;1.79; 0.134923236; 0.059015778; 2.8255E-5; false
/home/experiments/nfa-bench/benchmarks/presburger/complement/UltimateAutomizer/nested9_true-unreach-call.i_763.0.mata;ERR;0.21; 0.151363; 0.0371608; 5.897e-06; false;0.54; 0.15085; 0.248277; 0.121711; 0.00279725; false;0.23; 0.156868; 0.0126138; 0.0293923; 0.00616957; false;TO; 0.156268;ERR;ERR;ERR;ERR;1.49; 0.0998; 0.4307; 0.0033; 0.0415;1.17; 0.1001; 0.1188; 0.0010; 0.0001;2.18; 0.333544162; 0.03291719; 0.001803758; false;1.58; 0.115231907; 0.053637748; 2.8721E-5; false
/home/experiments/nfa-bench/benchmarks/presburger/complement/UltimateAutomizer/nested9_true-unreach-call.i_766.0.mata;ERR;0.19; 0.142361; 0.0368856; 4.116e-06; false;0.49; 0.141775; 0.230604; 0.107687; 0.00263947; false;0.21; 0.142125; 0.0113654; 0.0281831; 0.00586052; false;TO; 0.143002;ERR;ERR;ERR;ERR;1.5; 0.0945; 0.4190; 0.0032; 0.0417;0.8; 0.0524; 0.0585; 0.0005; 0.0000;2.33; 0.464536727; 0.042480891; 0.002470742; false;1.86; 0.210337833; 0.060461267; 2.8146E-5; false
/home/experiments/nfa-bench/benchmarks/presburger/complement/UltimateAutomizer/nested9_true-unreach-call.i_775.0.mata;ERR;0.2; 0.147109; 0.0384564; 4.268e-06; false;0.51; 0.146811; 0.238131; 0.110133; 0.00271524; false;0.21; 0.146932; 0.0117177; 0.0290006; 0.00591068; false;TO; 0.147192;ERR;ERR;ERR;ERR;1.32; 0.0983; 0.2849; 0.0016; 0.0219;1.16; 0.0971; 0.1212; 0.0010; 0.0001;2.18; 0.353974226; 0.033245474; 0.001789384; false;1.53; 0.109578311; 0.05362548; 2.4136E-5; false
/home/experiments/nfa-bench/benchmarks/presburger/complement/UltimateAutomizer/nested9_true-unreach-call.i_780.0.mata;ERR;0.2; 0.146515; 0.0381292; 5.17e-06; false;0.51; 0.146015; 0.236414; 0.110029; 0.00274035; false;0.21; 0.146322; 0.0118615; 0.0290276; 0.00588168; false;TO; 0.147819;ERR;ERR;ERR;ERR;1.52; 0.0927; 0.4199; 0.0032; 0.0419;1.16; 0.0944; 0.1156; 0.0009; 0.0001;2.14; 0.297387721; 0.039052267; 0.00170539; false;1.57; 0.124542866; 0.052630536; 3.2423E-5; false
/home/experiments/nfa-bench/benchmarks/presburger/complement/UltimateAutomizer/nested9_true-unreach-call.i_785.0.mata;ERR;0.2; 0.152116; 0.0372179; 4.921e-06; false;0.55; 0.150677; 0.256271; 0.121423; 0.00285067; false;0.23; 0.157112; 0.0127726; 0.0293741; 0.00601717; false;TO; 0.157899;ERR;ERR;ERR;ERR;1.52; 0.1016; 0.4435; 0.0033; 0.0426;1.18; 0.1015; 0.1216; 0.0010; 0.0001;2.37; 0.388591019; 0.033045135; 0.001874779; false;1.73; 0.249186593; 0.056655246; 2.7733E-5; false
/home/experiments/nfa-bench/benchmarks/presburger/complement/UltimateAutomizer/nested9_true-unreach-call.i_788.0.mata;ERR;0.23; 0.166338; 0.0429192; 4.665e-06; false;0.43; 0.160435; 0.17497; 0.0822978; 0.00294207; false;0.24; 0.16308; 0.0132847; 0.0324908; 0.0067165; false;TO; 0.1766;ERR;ERR;ERR;ERR;1.6; 0.1093; 0.5263; 0.0037; 0.0533;1.16; 0.1057; 0.1316; 0.0010; 0.0001;2.04; 0.320908842; 0.023990083; 0.001588991; false;1.59; 0.113773616; 0.051161755; 3.2947E-5; false
/home/experiments/nfa-bench/benchmarks/presburger/complement/UltimateAutomizer/nested9_true-unreach-call.i_807.0.mata;ERR;0.21; 0.152199; 0.0374288; 4.491e-06; false;0.54; 0.15141; 0.253361; 0.119272; 0.00277181; false;0.22; 0.153277; 0.0124916; 0.0285615; 0.00583034; false;TO; 0.15293;ERR;ERR;ERR;ERR;1.51; 0.1011; 0.4358; 0.0033; 0.0425;1.14; 0.1009; 0.1187; 0.0010; 0.0001;2.37; 0.413533051; 0.024592065; 0.001700858; false;1.44; 0.13904522; 0.048416746; 2.5785E-5; false
/home/experiments/nfa-bench/benchmarks/presburger/complement/UltimateAutomizer/nested9_true-unreach-call.i_817.0.mata;ERR;0.22; 0.161632; 0.0431673; 1.2176e-05; false;0.57; 0.16057; 0.275663; 0.121919; 0.00286833; false;0.24; 0.162193; 0.013304; 0.0318701; 0.00648446; false;TO; 0.162488;ERR;ERR;ERR;ERR;1.04; 0.0594; 0.2751; 0.0019; 0.0276;0.83; 0.0609; 0.0686; 0.0005; 0.0000;2.5; 0.445578899; 0.044481994; 0.001421734; false;1.8; 0.213411714; 0.077344057; 3.6174E-5; false
/home/experiments/nfa-bench/benchmarks/presburger/complement/UltimateAutomizer/nested9_true-unreach-call.i_870.0.mata;ERR;0.12; 0.0855252; 0.0238316; 4.5e-06; false;0.36; 0.0847723; 0.145406; 0.120492; 0.00303208; false;0.12; 0.0845272; 0.00685733; 0.0170081; 0.00365681; false;TO; 0.0860221;ERR;ERR;ERR;ERR;1.53; 0.0928; 0.4259; 0.0033; 0.0412;1.17; 0.0923; 0.1160; 0.0011; 0.0001;2.14; 0.317366765; 0.031142163; 0.001805552; false;1.56; 0.108047752; 0.071206141; 3.269E-5; false
/home/experiments/nfa-bench/benchmarks/presburger/complement/UltimateAutomizer/nested9_true-unreach-call.i_887.0.mata;ERR;0.12; 0.0797486; 0.0273221; 3.88e-06; false;0.34; 0.0806354; 0.132188; 0.117364; 0.00468671; false;0.12; 0.0800187; 0.00644684; 0.0129823; 0.00470926; false;TO; 0.0799826;ERR;ERR;ERR;ERR;1.02; 0.0309; 0.1247; 0.0012; 0.0113;1.07; 0.0550; 0.0795; 0.0010; 0.0001;1.82; 0.293608427; 0.04291803; 0.001757195; false;1.53; 0.13919476; 0.03595695; 2.6934E-5; false
/home/experiments/nfa-bench/benchmarks/presburger/complement/UltimateAutomizer/nested9_true-unreach-call.i_927.0.mata;ERR;0.08; 0.0659451; 0.0121719; 3.655e-06; false;0.29; 0.0652814; 0.10066; 0.127467; 0.00179847; false;0.1; 0.0658606; 0.00537399; 0.0136204; 0.00325235; false;TO; 0.0659691;ERR;ERR;ERR;ERR;0.82; 0.0256; 0.0940; 0.0008; 0.0086;1.03; 0.0443; 0.0537; 0.0005; 0.0000;1.62; 0.210654991; 0.021512934; 0.001748302; false;1.25; 0.057552975; 0.039067361; 2.5021E-5; false
/home/experiments/nfa-bench/benchmarks/presburger/complement/UltimateAutomizer/nested9_true-unreach-call.i_947.0.mata;ERR;0.2; 0.149338; 0.0365587; 4.757e-06; false;0.72; 0.146745; 0.241319; 0.316886; 0.0048766; false;0.21; 0.147233; 0.0119065; 0.0259896; 0.00546892; false;TO; 0.14826;ERR;ERR;ERR;ERR;1.47; 0.0983; 0.4146; 0.0031; 0.0401;1.14; 0.0955; 0.1129; 0.0011; 0.0001;2.15; 0.313164762; 0.037391774; 0.00187506; false;1.63; 0.172387074; 0.046936429; 2.6828E-5; false
/home/experiments/nfa-bench/benchmarks/presburger/complement/UltimateAutomizer/recHanoi03_true-unreach-call_true-termination.c_1478.0.mata;ERR;0.77; 0.619628; 0.0507389; 4.015e-06; false;2.08; 0.609064; 1.08113; 0.286255; 0.0111963; false;0.8; 0.632283; 0.0589598; 0.0113826; 0.00292815; false;TO; 0.386243;ERR;ERR;ERR;ERR;1.78; 0.3780; 0.5100; 0.0014; 0.0037;1.46; 0.3789; 0.1933; 0.0021; 0.0001;2.72; 0.460071731; 0.064250041; 0.014646509; false;2.62; 0.469842739; 0.056564574; 2.5448E-5; false
/home/experiments/nfa-bench/benchmarks/presburger/complement/UltimateAutomizer/recHanoi03_true-unreach-call_true-termination.c_1735.0.mata;ERR;0.01; 0.0124538; 0.00122991; 2.983e-06; false;0.04; 0.0124868; 0.0197704; 0.00918979; 0.00117688; false;0.02; 0.0124354; 0.000948201; 0.00126294; 0.000664572; false;TO; 0.0124963;ERR;ERR;ERR;ERR;0.94; 0.0146; 0.0066; 0.0002; 0.0001;0.96; 0.0146; 0.0066; 0.0002; 0.0000;1.14; 0.114001012; 0.030075957; 0.001683701; false;0.92; 0.021463924; 0.00652415; 1.9234E-5; false
/home/experiments/nfa-bench/benchmarks/presburger/complement/UltimateAutomizer/recHanoi03_true-unreach-call_true-termination.c_1757.0.mata;ERR;0.43; 0.341574; 0.0283832; 3.9e-06; false;1.19; 0.338828; 0.610793; 0.178053; 0.00894398; false;0.45; 0.341819; 0.0330116; 0.00658882; 0.0018411; false;TO; 0.34153;ERR;ERR;ERR;ERR;0.91; 0.1215; 0.1198; 0.0005; 0.0007;0.85; 0.1205; 0.0539; 0.0007; 0.0000;2.54; 0.430633462; 0.04535583; 0.001827191; false;2.01; 0.275342499; 0.009737802; 2.1583E-5; false
/home/experiments/nfa-bench/benchmarks/presburger/complement/UltimateAutomizer/recHanoi03_true-unreach-call_true-termination.c_2147.0.mata;ERR;0.03; 0.0242137; 0.00224613; 3.102e-06; false;0.09; 0.0238652; 0.038391; 0.0210803; 0.00193198; false;0.03; 0.0240307; 0.00187502; 0.00178879; 0.000827203; false;TO; 0.0243569;ERR;ERR;ERR;ERR;1.0; 0.0219; 0.0138; 0.0003; 0.0003;0.98; 0.0212; 0.0120; 0.0004; 0.0000;1.2; 0.115047429; 0.022585265; 0.001678467; false;1.0; 0.040933053; 0.007183719; 1.9512E-5; false
/home/experiments/nfa-bench/benchmarks/presburger/complement/UltimateAutomizer/recHanoi03_true-unreach-call_true-termination.c_2175.0.mata;ERR;0.33; 0.263997; 0.0233132; 4.986e-06; false;0.88; 0.262313; 0.450308; 0.121146; 0.00667419; false;0.34; 0.265382; 0.0242231; 0.00535558; 0.00158106; false;TO; 0.263637;ERR;ERR;ERR;ERR;0.86; 0.0932; 0.0952; 0.0004; 0.0005;0.81; 0.0929; 0.0425; 0.0005; 0.0000;2.36; 0.354350404; 0.036220677; 0.001949184; false;1.91; 0.301696475; 0.006419206; 1.8813E-5; false
/home/experiments/nfa-bench/benchmarks/presburger/complement/UltimateAutomizer/recHanoi03_true-unreach-call_true-termination.c_2715.0.mata;ERR;0.42; 0.342364; 0.028494; 5.436e-06; false;1.2; 0.341091; 0.616631; 0.180062; 0.00901707; false;0.45; 0.345651; 0.0332779; 0.0065659; 0.00183544; false;TO; 0.34953;ERR;ERR;ERR;ERR;1.39; 0.2173; 0.2522; 0.0009; 0.0015;1.25; 0.2149; 0.1095; 0.0013; 0.0001;2.37; 0.421618392; 0.047883984; 0.001737607; false;2.14; 0.284211277; 0.008320577; 3.4636E-5; false
/home/experiments/nfa-bench/benchmarks/presburger/complement/UltimateAutomizer/recHanoi03_true-unreach-call_true-termination.c_2746.0.mata;ERR;10.91; 8.22425; 0.64297; 8.18e-06; false;29.66; 8.21815; 15.3746; 3.90656; 0.0507909; false;ERR;ERR;ERR;ERR;ERR;ERR;TO; 8.0662;ERR;ERR;ERR;ERR;14.67; 4.8385; 9.5828; 0.0046; 0.0113;6.23; 3.2297; 2.6329; 0.0032; 0.0001;7.54; 2.570161534; 0.077756254; 0.001847949; false;6.76; 1.923356015; 0.03954378; 4.3809E-5; false
/home/experiments/nfa-bench/benchmarks/presburger/complement/UltimateAutomizer/recHanoi03_true-unreach-call_true-termination.c_278.0.mata;ERR;0.68; 0.518297; 0.0582317; 8.368e-06; false;2.19; 0.639683; 1.03497; 0.427546; 0.0174096; false;0.71; 0.592672; 0.0341074; 0.00696306; 0.00185031; false;TO; 0.375642;ERR;ERR;ERR;ERR;1.2; 0.2120; 0.2974; 0.0007; 0.0018;1.18; 0.2112; 0.1021; 0.0012; 0.0001;3.14; 0.497294241; 0.056990079; 0.003005758; false;2.5; 0.349530371; 0.022867429; 2.749E-5; false
/home/experiments/nfa-bench/benchmarks/presburger/complement/UltimateAutomizer/recHanoi03_true-unreach-call_true-termination.c_287.0.mata;ERR;10.7; 7.88116; 0.713263; 9.363e-06; false;23.6; 5.35476; 12.6926; 3.98162; 0.0836741; false;ERR;ERR;ERR;ERR;ERR;ERR;TO; 8.29326;ERR;ERR;ERR;ERR;9.86; 2.7195; 6.8183; 0.0049; 0.0125;7.74; 4.5775; 3.3086; 0.0077; 0.0001;7.03; 2.610685637; 0.067620617; 0.002024744; false;7.17; 1.953237898; 0.053005549; 2.815E-5; false
/home/experiments/nfa-bench/benchmarks/presburger/complement/UltimateAutomizer/recHanoi03_true-unreach-call_true-termination.c_3227.0.mata;ERR;0.33; 0.303286; 0.0232551; 1.4468e-05; false;0.89; 0.295487; 0.466028; 0.127775; 0.00817587; false;0.35; 0.301325; 0.024455; 0.00567374; 0.0017557; false;TO; 0.271008;ERR;ERR;ERR;ERR;1.11; 0.0931; 0.0942; 0.0004; 0.0005;1.06; 0.0927; 0.0430; 0.0005; 0.0001;2.2; 0.332810976; 0.034908398; 0.001837767; false;2.25; 0.240327057; 0.018942928; 2.1142E-5; false
/home/experiments/nfa-bench/benchmarks/presburger/complement/UltimateAutomizer/recHanoi03_true-unreach-call_true-termination.c_367.0.mata;ERR;10.71; 8.15123; 0.628999; 9.219e-06; false;19.96; 5.15068; 10.3368; 2.83814; 0.0743606; false;ERR;ERR;ERR;ERR;ERR;ERR;TO; 8.30157;ERR;ERR;ERR;ERR;12.07; 4.8034; 6.9060; 0.0045; 0.0116;8.49; 5.0693; 3.1006; 0.0069; 0.0001;7.11; 2.441082284; 0.063917959; 0.001712505; false;7.61; 2.11402417; 0.029424102; 3.1641E-5; false
/home/experiments/nfa-bench/benchmarks/presburger/complement/UltimateAutomizer/recHanoi03_true-unreach-call_true-termination.c_3872.0.mata;ERR;0.01; 0.0125939; 0.00124387; 4.151e-06; false;0.04; 0.0124278; 0.020059; 0.00922595; 0.00100252; false;0.02; 0.0125638; 0.000952133; 0.00129913; 0.00081341; false;TO; 0.012596;ERR;ERR;ERR;ERR;0.91; 0.0090; 0.0033; 0.0001; 0.0001;0.98; 0.0103; 0.0037; 0.0001; 0.0000;1.24; 0.106596676; 0.018901748; 0.001719098; false;1.02; 0.029270094; 0.00437758; 1.9231E-5; false
/home/experiments/nfa-bench/benchmarks/presburger/complement/UltimateAutomizer/recHanoi03_true-unreach-call_true-termination.c_557.0.mata;ERR;10.66; 7.96283; 0.672025; 9.793e-06; false;24.67; 6.07954; 13.7023; 2.62532; 0.0489579; false;ERR;ERR;ERR;ERR;ERR;ERR;TO; 5.76601;ERR;ERR;ERR;ERR;14.39; 4.8517; 9.1919; 0.0052; 0.0136;7.7; 4.9107; 2.4461; 0.0045; 0.0001;6.92; 2.65698185; 0.065904566; 0.00213277; false;6.8; 1.921106221; 0.062792434; 4.9378E-5; false
/home/experiments/nfa-bench/benchmarks/presburger/complement/UltimateAutomizer/recHanoi03_true-unreach-call_true-termination.c_597.0.mata;ERR;19.16; 15.3654; 0.934095; 8.666e-06; false;51.46; 14.5118; 24.8211; 8.70326; 0.175881; false;ERR;ERR;ERR;ERR;ERR;ERR;TO; 16.1584;ERR;ERR;ERR;ERR;28.26; 9.9320; 18.6928; 0.0091; 0.0381;13.22; 7.2117; 6.4384; 0.0116; 0.0001;10.04; 4.716851742; 0.094023009; 0.002124983; false;10.47; 3.755345291; 0.12525244; 2.5524E-5; false
/home/experiments/nfa-bench/benchmarks/presburger/complement/UltimateAutomizer/recHanoi03_true-unreach-call_true-termination.c_73.0.mata;ERR;0.01; 0.0131012; 0.00144149; 5.071e-06; false;0.04; 0.013083; 0.0201514; 0.00923458; 0.00102627; false;0.02; 0.0129717; 0.000955545; 0.00147163; 0.000791674; false;TO; 0.0130951;ERR;ERR;ERR;ERR;1.08; 0.0135; 0.0060; 0.0002; 0.0001;0.98; 0.0099; 0.0038; 0.0001; 0.0000;1.26; 0.116504568; 0.026292515; 0.006063779; false;0.89; 0.024853211; 0.00420489; 2.5247E-5; false
/home/experiments/nfa-bench/benchmarks/presburger/complement/UltimateAutomizer/recHanoi03_true-unreach-call_true-termination.c_847.0.mata;ERR;0.01; 0.0118131; 0.00130279; 3.097e-06; false;0.03; 0.00780022; 0.0127625; 0.0057626; 0.00067432; false;0.02; 0.0123247; 0.000941535; 0.00139302; 0.000721757; false;TO; 0.00781631;ERR;ERR;ERR;ERR;0.98; 0.0140; 0.0072; 0.0002; 0.0002;0.96; 0.0140; 0.0070; 0.0003; 0.0000;1.21; 0.117301095; 0.019730944; 0.001765963; false;0.99; 0.025424824; 0.004619256; 1.9512E-5; false
/home/experiments/nfa-bench/benchmarks/presburger/complement/UltimateAutomizer/recHanoi03_true-unreach-call_true-termination.c_874.0.mata;ERR;0.01; 0.0125004; 0.0012183; 3.366e-06; false;0.04; 0.0124263; 0.0197029; 0.00912642; 0.000993124; false;0.02; 0.0124432; 0.000952994; 0.0012836; 0.000707781; false;TO; 0.0127154;ERR;ERR;ERR;ERR;0.98; 0.0146; 0.0066; 0.0002; 0.0001;0.96; 0.0140; 0.0066; 0.0002; 0.0000;1.22; 0.145937947; 0.042444436; 0.002179904; false;0.99; 0.031017903; 0.009656678; 1.9456E-5; false
/home/experiments/nfa-bench/benchmarks/presburger/complement/UltimateAutomizer/recHanoi03_true-unreach-call_true-termination.c_876.0.mata;ERR;0.03; 0.0247452; 0.00227614; 4.54e-06; false;0.09; 0.0250425; 0.0390751; 0.0228802; 0.00199717; false;0.04; 0.0243303; 0.00171329; 0.00186719; 0.000853006; false;TO; 0.0248641;ERR;ERR;ERR;ERR;0.97; 0.0219; 0.0135; 0.0003; 0.0003;0.98; 0.0220; 0.0120; 0.0004; 0.0000;1.19; 0.115670977; 0.028443867; 0.001623643; false;1.04; 0.049002871; 0.011111508; 2.1079E-5; false
/home/experiments/nfa-bench/benchmarks/presburger/complement/tptp/ARI056_1.mata;ERR;0.0; 0.000169684; 4.9516e-05; 2.782e-06; false;0.0; 0.000202252; 0.000249664; 0.000270429; 5.7199e-05; false;0.0; 0.000159; 1.9717e-05; 0.000679928; 0.000549978; false;TO; 0.000153244;ERR;ERR;ERR;ERR;0.95; 0.0062; 0.0002; 0.0001; 0.0000;0.93; 0.0062; 0.0006; 0.0001; 0.0000;0.82; 0.052616068; 0.012726434; 0.0014323; false;0.76; 0.004973249; 0.002488322; 2.8175E-5; false
/home/experiments/nfa-bench/benchmarks/presburger/complement/tptp/ARI083_1.mata;ERR;0.0; 0.00108053; 0.00220487; 3.263e-06; false;0.0; 0.00106974; 0.00177335; 0.00305251; 0.00101921; false;0.01; 0.00106768; 7.963e-05; 0.00122574; 0.000757329; false;TO; 0.00107554;ERR;ERR;ERR;ERR;0.97; 0.0073; 0.0016; 0.0005; 0.0002;0.96; 0.0073; 0.0026; 0.0010; 0.0000;0.96; 0.089984737; 0.024434666; 0.001708287; false;0.81; 0.014758618; 0.004812514; 1.4994E-5; false
/home/experiments/nfa-bench/benchmarks/presburger/complement/tptp/ARI572_1.mata;ERR;0.0; 0.000602329; 6.46e-05; 5.104e-06; true;0.0; 0.000598111; 0.000849976; 0.000399096; 3.078e-06; true;0.0; 0.00058719; 5.362e-05; 0.000696372; 0.000558263; true;TO; 0.000621507;ERR;ERR;ERR;ERR;0.95; 0.0065; 0.0005; 0.0001; 0.0000;ERR;ERR;ERR;ERR;ERR;0.84; 0.053462194; 0.011543174; 0.001482137; true;0.73; 0.005832527; 0.002060594; 1.4204E-5; false
/home/experiments/nfa-bench/benchmarks/presburger/complement/tptp/ARI590_1.mata;ERR;0.0; 0.00081375; 6.0994e-05; 3.368e-06; false;0.0; 0.000756142; 0.00105299; 0.000291386; 1.1215e-05; false;0.01; 0.000785964; 6.6045e-05; 0.000680647; 0.000552818; false;TO; 0.000817649;ERR;ERR;ERR;ERR;0.7; 0.0049; 0.0003; 0.0000; 0.0000;0.71; 0.0049; 0.0005; 0.0000; 0.0000;0.87; 0.052275854; 0.012233177; 0.00142328; false;0.76; 0.008225968; 0.002592238; 1.7219E-5; false
/home/experiments/nfa-bench/benchmarks/presburger/complement/tptp/ARI591_1.mata;ERR;0.0; 0.000634947; 8.6653e-05; 2.942e-06; false;0.0; 0.000655788; 0.000897053; 0.000393322; 9.512e-06; false;0.01; 0.00061291; 6.522e-05; 0.000703252; 0.000517715; false;TO; 0.000638366;ERR;ERR;ERR;ERR;0.82; 0.0048; 0.0003; 0.0000; 0.0000;0.7; 0.0048; 0.0005; 0.0000; 0.0000;0.67; 0.041475104; 0.009330523; 0.001071536; false;0.76; 0.007491557; 0.002817431; 1.4896E-5; false
/home/experiments/nfa-bench/benchmarks/presburger/complement/tptp/ARI592_1.mata;ERR;0.0; 0.00247806; 0.00033074; 1.1559e-05; true;0.0; 0.00248937; 0.00351435; 0.00203554; 3.245e-06; true;0.01; 0.0024593; 0.000194843; 0.000960144; 0.00055547; true;TO; 0.00244774;ERR;ERR;ERR;ERR;0.97; 0.0080; 0.0029; 0.0001; 0.0001;ERR;ERR;ERR;ERR;ERR;0.93; 0.080514369; 0.018534734; 0.001545188; true;0.84; 0.018521998; 0.005025168; 1.9866E-5; false
/home/experiments/nfa-bench/benchmarks/presburger/complement/tptp/NUM865_1.mata;ERR;0.05; 0.0240044; 0.0149976; 3.6833e-05; true;0.11; 0.0234527; 0.0379209; 0.0348146; 3.476e-06; true;0.05; 0.0238083; 0.00188016; 0.00350267; 0.00065315; true;TO; 0.0237067;ERR;ERR;ERR;ERR;1.0; 0.0226; 0.0188; 0.0005; 0.0005;ERR;ERR;ERR;ERR;ERR;1.25; 0.128912818; 0.025333311; 0.00159642; true;1.12; 0.043087117; 0.02651704; 3.2733E-5; false
/home/experiments/nfa-bench/benchmarks/presburger/complement/tptp/NUM868_1.mata;ERR;0.0; 0.000162742; 5.5806e-05; 2.286e-06; false;0.0; 0.000163817; 0.000270717; 0.000260004; 7.066e-05; false;0.01; 0.000172933; 1.7802e-05; 0.00068879; 0.000555001; false;TO; 0.000158559;ERR;ERR;ERR;ERR;0.97; 0.0063; 0.0002; 0.0001; 0.0000;0.95; 0.0064; 0.0005; 0.0001; 0.0000;0.84; 0.051901851; 0.01727133; 0.001510766; false;0.74; 0.004973866; 0.002372619; 1.5148E-5; false
/home/experiments/nfa-bench/benchmarks/presburger/complement/tptp/NUM869_1.mata;ERR;0.0; 0.000119908; 2.6145e-05; 2.747e-06; false;0.0; 0.00010487; 0.000195723; 0.000117588; 9.699e-06; false;0.0; 0.000101838; 1.7275e-05; 0.000652008; 0.000514669; false;TO; 0.000114834;ERR;ERR;ERR;ERR;0.96; 0.0063; 0.0001; 0.0000; 0.0000;0.97; 0.0063; 0.0005; 0.0000; 0.0000;0.84; 0.050816025; 0.018856928; 0.001443249; false;0.78; 0.004838726; 0.002080446; 1.721E-5; false
/home/experiments/nfa-bench/benchmarks/presburger/complement/tptp/NUM870_1.mata;ERR;0.0; 0.000184191; 2.9923e-05; 2.317e-06; false;0.0; 0.00020955; 0.000296269; 0.000184483; 6.921e-06; false;0.0; 0.000182882; 1.6858e-05; 0.000459958; 0.000374017; false;TO; 0.000185568;ERR;ERR;ERR;ERR;0.97; 0.0064; 0.0002; 0.0000; 0.0000;0.96; 0.0065; 0.0006; 0.0000; 0.0000;0.86; 0.052343543; 0.017802341; 0.001639483; false;0.76; 0.006026813; 0.002210373; 1.6625E-5; false
/home/experiments/nfa-bench/benchmarks/presburger/complement/tptp/NUM871_1.mata;ERR;0.0; 0.00170298; 0.000581225; 2.753e-06; false;0.0; 0.00170043; 0.00300301; 0.001426; 1.0202e-05; false;0.01; 0.00173656; 0.000123593; 0.000796901; 0.000508359; false;TO; 0.0017421;ERR;ERR;ERR;ERR;0.75; 0.0076; 0.0007; 0.0000; 0.0000;0.97; 0.0077; 0.0016; 0.0001; 0.0000;0.93; 0.067552183; 0.020077747; 0.001504308; false;0.79; 0.011954445; 0.002117035; 1.6333E-5; false
/home/experiments/nfa-bench/benchmarks/presburger/complement/tptp/NUM874_1.mata;ERR;0.0; 0.000108005; 2.6349e-05; 2.367e-06; false;0.0; 0.000108542; 0.00016708; 0.00012134; 8.335e-06; false;0.01; 0.000103445; 1.6862e-05; 0.000637743; 0.000505801; false;TO; 0.000105599;ERR;ERR;ERR;ERR;0.95; 0.0063; 0.0001; 0.0000; 0.0000;0.97; 0.0062; 0.0003; 0.0000; 0.0000;0.84; 0.052220177; 0.012069703; 0.005724207; false;0.75; 0.004524119; 0.002013411; 1.5178E-5; false
/home/experiments/nfa-bench/benchmarks/presburger/complement/tptp/NUM895_1.mata;ERR;0.0; 0.000812089; 8.8236e-05; 4.329e-06; true;0.0; 0.000801329; 0.00115368; 0.000661085; 3.076e-06; true;0.01; 0.000814373; 6.63e-05; 0.000695086; 0.000546634; true;TO; 0.000801278;ERR;ERR;ERR;ERR;0.97; 0.0069; 0.0007; 0.0001; 0.0000;ERR;ERR;ERR;ERR;ERR;0.85; 0.056120864; 0.012105694; 0.00559056; true;0.77; 0.008745505; 0.002887852; 1.7681E-5; false
/home/experiments/nfa-bench/benchmarks/presburger/complement/tptp/NUM896_1.mata;ERR;0.0; 0.00119576; 0.00026533; 4.907e-06; false;0.0; 0.00118018; 0.00168864; 0.00272861; 0.000124012; false;0.01; 0.00118678; 9.6925e-05; 0.000928714; 0.00059129; false;TO; 0.00119037;ERR;ERR;ERR;ERR;0.97; 0.0071; 0.0013; 0.0001; 0.0001;ERR;ERR;ERR;ERR;ERR;0.88; 0.064683296; 0.020576176; 0.001406303; false;0.8; 0.015180865; 0.005051236; 1.643E-5; false
/home/experiments/nfa-bench/benchmarks/presburger/complement/tptp/NUM897_1.mata;ERR;0.0; 0.000453889; 0.000323462; 3.21e-06; false;0.0; 0.000462843; 0.000773029; 0.000969626; 0.000260739; false;0.01; 0.000477403; 4.199e-05; 0.000822977; 0.000603285; false;TO; 0.000462964;ERR;ERR;ERR;ERR;0.68; 0.0048; 0.0003; 0.0001; 0.0000;0.94; 0.0064; 0.0011; 0.0003; 0.0000;0.85; 0.057318218; 0.016343101; 0.001618598; false;0.75; 0.006976931; 0.003593478; 1.5218E-5; false
/home/experiments/nfa-bench/benchmarks/presburger/complement/tptp/NUM898_1.mata;ERR;0.0; 0.000541203; 0.000345371; 2.845e-06; false;0.0; 0.000586568; 0.000840218; 0.00106035; 0.000297429; false;0.01; 0.000533898; 4.6541e-05; 0.000840093; 0.000616566; false;TO; 0.000538213;ERR;ERR;ERR;ERR;0.71; 0.0050; 0.0004; 0.0001; 0.0000;0.73; 0.0049; 0.0008; 0.0002; 0.0000;0.72; 0.050688304; 0.016272373; 0.001365978; false;0.62; 0.007477938; 0.00389349; 1.8737E-5; false
/home/experiments/nfa-bench/benchmarks/presburger/complement/tptp/NUM899_1.mata;ERR;0.0; 0.00263824; 0.000610503; 5.148e-06; false;0.01; 0.00255529; 0.00367456; 0.00573837; 9.3162e-05; false;0.01; 0.00259957; 0.000202554; 0.00112941; 0.00058565; false;TO; 0.0025551;ERR;ERR;ERR;ERR;0.96; 0.0081; 0.0028; 0.0001; 0.0001;ERR;ERR;ERR;ERR;ERR;0.93; 0.080777517; 0.022305952; 0.001480587; false;0.83; 0.017623434; 0.006574916; 1.8353E-5; false
/home/experiments/nfa-bench/benchmarks/presburger/complement/tptp/NUM915_1.mata;ERR;0.0; 0.00049151; 8.3716e-05; 2.685e-06; false;0.0; 0.000490052; 0.000747233; 0.000313001; 1.0997e-05; false;0.01; 0.000498834; 4.3215e-05; 0.000716254; 0.000535304; false;TO; 0.000485664;ERR;ERR;ERR;ERR;1.0; 0.0068; 0.0005; 0.0001; 0.0000;1.01; 0.0067; 0.0008; 0.0000; 0.0000;0.88; 0.058315866; 0.012873502; 0.001547114; false;0.76; 0.006841689; 0.002545951; 1.4624E-5; false
/home/experiments/nfa-bench/benchmarks/presburger/complement/tptp/NUM916_1.mata;ERR;0.0; 0.000491262; 9.4186e-05; 3.039e-06; false;0.0; 0.000478741; 0.000767157; 0.000323231; 9.677e-06; false;0.0; 0.000488016; 4.0547e-05; 0.000713492; 0.000508804; false;TO; 0.000485888;ERR;ERR;ERR;ERR;0.99; 0.0066; 0.0004; 0.0001; 0.0000;0.98; 0.0066; 0.0008; 0.0000; 0.0000;0.88; 0.058479596; 0.012839354; 0.001692952; false;0.77; 0.007083544; 0.002549747; 1.5741E-5; false
/home/experiments/nfa-bench/benchmarks/presburger/complement/tptp/NUM917_1.mata;ERR;0.0; 0.000487501; 8.4945e-05; 2.578e-06; false;0.0; 0.000485415; 0.000746394; 0.000331577; 1.0525e-05; false;0.01; 0.000477674; 4.0523e-05; 0.000719165; 0.000519779; false;TO; 0.000472729;ERR;ERR;ERR;ERR;0.97; 0.0065; 0.0004; 0.0001; 0.0000;0.95; 0.0065; 0.0008; 0.0000; 0.0000;0.84; 0.051322889; 0.012384127; 0.0014532; false;0.76; 0.007298461; 0.002518941; 2.3879E-5; false
/home/experiments/nfa-bench/benchmarks/presburger/complement/tptp/NUM918_1.mata;ERR;0.0; 0.000515997; 8.3976e-05; 2.733e-06; false;0.0; 0.000481279; 0.000755391; 0.000315107; 9.624e-06; false;0.01; 0.000482273; 4.154e-05; 0.000701958; 0.000517129; false;TO; 0.000471603;ERR;ERR;ERR;ERR;0.73; 0.0049; 0.0002; 0.0000; 0.0000;0.75; 0.0048; 0.0004; 0.0000; 0.0000;0.81; 0.052228233; 0.013812916; 0.001901692; false;0.64; 0.007106568; 0.002741917; 1.9754E-5; false
