name;automata-runtime;automata-construction;automata-trim;automata-inclusion_check;automata-inclusion_result;automata-interpretation;automata-overall;automata-min-runtime;automata-min-construction;automata-min-trim;automata-min-inclusion_check;automata-min-inclusion_result;automata-min-interpretation;automata-min-overall;java-automatalib-runtime;java-automatalib-construction;java-automatalib-determinize;java-automatalib-inclusion_check;java-automatalib-inclusion_result;java-automatalib-interpretation;java-automatalib-overall
/home/experiments/nfa-bench/benchmarks/automata_inclusion/false-Bakery4pBinEnc-FbOneOne-Nondet-Partial-A-0-lhs.mata,/home/experiments/nfa-bench/benchmarks/automata_inclusion/false-Bakery4pBinEnc-FbOneOne-Nondet-Partial-A-0-rhs.mata;0.59;0.4817624;0.0151325; 0.0942034000; False; 0.1117434000; 0.6475551000;2.17;0.2204159;0.017545; 0.1142905000; False; 0.1346022000; 0.4475645000;6.6;0.559468082;0.9039424599999999; 0.133346833; false; 1.043338488; 2.082741312
/home/experiments/nfa-bench/benchmarks/automata_inclusion/false-Bakery4pBinEnc-FbOneOne-Nondet-Partial-A-1-lhs.mata,/home/experiments/nfa-bench/benchmarks/automata_inclusion/false-Bakery4pBinEnc-FbOneOne-Nondet-Partial-A-1-rhs.mata;0.58;0.4833128;0.014903699999999999; 0.0967199000; False; 0.1140784000; 0.6349600000;1.57;0.19790439999999998;0.009954699999999999; 0.0702782000; False; 0.0828789000; 0.3755458000;5.07;0.298627166;1.064983571; 0.073545259; false; 1.151884654; 1.886306147
/home/experiments/nfa-bench/benchmarks/automata_inclusion/false-Bakery4pBinEnc-FbOneOne-Nondet-Partiali-B-2-lhs.mata,/home/experiments/nfa-bench/benchmarks/automata_inclusion/false-Bakery4pBinEnc-FbOneOne-Nondet-Partiali-B-2-rhs.mata;0.55;0.399621;0.0189169; 0.1017131000; False; 0.1238374000; 0.5628168000;2.14;0.2009712;0.0136169; 0.0748257000; False; 0.0909449000; 0.4602693000;6.4;0.441267129;0.677084249; 0.120187985; false; 0.803658598; 1.754722295
/home/experiments/nfa-bench/benchmarks/automata_inclusion/false-Bakery4pBinEnc-FbOneOne-Nondet-Partiali-B-3-lhs.mata,/home/experiments/nfa-bench/benchmarks/automata_inclusion/false-Bakery4pBinEnc-FbOneOne-Nondet-Partiali-B-3-rhs.mata;0.62;0.5301625999999999;0.0149021; 0.1120538000; False; 0.1294278000; 0.7262126000;2.2;0.22574260000000002;0.0337594; 0.1003167000; False; 0.1368801000; 0.5263599000;6.3;0.35443767800000003;0.871215084; 0.127800224; false; 1.031167682; 1.825375832
/home/experiments/nfa-bench/benchmarks/automata_inclusion/false-Bakery4pBinEnc-FbOneOne-Nondet-Partiali-B-4-lhs.mata,/home/experiments/nfa-bench/benchmarks/automata_inclusion/false-Bakery4pBinEnc-FbOneOne-Nondet-Partiali-B-4-rhs.mata;0.61;0.7658959;0.014450099999999999; 0.1323376000; False; 0.1492101000; 0.9551825000;2.24;0.1937797;0.01491; 0.0838808000; False; 0.1008112000; 0.3855136000;5.95;0.307021452;0.759194514; 0.089828823; false; 0.861299642; 1.687141119
/home/experiments/nfa-bench/benchmarks/automata_inclusion/false-Bakery5PUnrEnc-Rev-FbOneOne-Nondet-Partial-A-0-lhs.mata,/home/experiments/nfa-bench/benchmarks/automata_inclusion/false-Bakery5PUnrEnc-Rev-FbOneOne-Nondet-Partial-A-0-rhs.mata;0.37;0.267109;0.0096016; 0.0442147000; False; 0.0560998000; 0.3639818000;1.87;0.1335014;0.0098861; 0.0487420000; False; 0.0610894000; 0.3480259000;10.89;0.260948607;5.36330396; 0.061942388; false; 5.431462123; 6.21214316
/home/experiments/nfa-bench/benchmarks/automata_inclusion/false-IBakery-4P-BinEnc-BwBad-A-1-lhs.mata,/home/experiments/nfa-bench/benchmarks/automata_inclusion/false-IBakery-4P-BinEnc-BwBad-A-1-rhs.mata;TO;0.2062596;0.0092876;MISSING;MISSING;MISSING;MISSING;TO;0.0928156;0.0188119;MISSING;MISSING;MISSING;MISSING;7.66;0.149326996;3.403038791; 0.229430298; false; 3.647836961; 4.082732959
/home/experiments/nfa-bench/benchmarks/automata_inclusion/false-IBakery-4P-BinEnc-BwBad-A-3-lhs.mata,/home/experiments/nfa-bench/benchmarks/automata_inclusion/false-IBakery-4P-BinEnc-BwBad-A-3-rhs.mata;11.69;0.1197869;0.0094805; 11.8844367000; False; 11.8965175000; 12.0705917000;1.19;0.0654098;0.0092263; 0.1957211000; False; 0.2077986000; 0.3328118000;8.63;0.075529955;4.068559505; 0.11425894; false; 4.189373219; 4.476465229
/home/experiments/nfa-bench/benchmarks/automata_inclusion/false-IBakery-4P-BinEnc-BwBad-A-4-lhs.mata,/home/experiments/nfa-bench/benchmarks/automata_inclusion/false-IBakery-4P-BinEnc-BwBad-A-4-rhs.mata;11.31;0.0706216;0.0062258; 11.4280691000; False; 11.4361339000; 11.5335073000;1.18;0.0606719;0.008773900000000001; 0.1942126000; False; 0.2055406000; 0.3367182000;8.01;0.087185029;3.5741597369999996; 0.131386478; false; 3.712272085; 3.963178004
/home/experiments/nfa-bench/benchmarks/automata_inclusion/false-IBakery-4P-BinEnc-BwBadi-B-0-lhs.mata,/home/experiments/nfa-bench/benchmarks/automata_inclusion/false-IBakery-4P-BinEnc-BwBadi-B-0-rhs.mata;11.72;0.1321681;0.0089477; 11.6784502000; False; 11.6896496000; 11.8678001000;0.88;0.0412818;0.0060204; 0.1050780000; False; 0.1129316000; 0.1937164000;8.22;0.085030673;3.6325512250000003; 0.181647148; false; 3.820708141; 4.097980928
/home/experiments/nfa-bench/benchmarks/automata_inclusion/false-IBakery-4P-BinEnc-BwBadi-B-1-lhs.mata,/home/experiments/nfa-bench/benchmarks/automata_inclusion/false-IBakery-4P-BinEnc-BwBadi-B-1-rhs.mata;11.87;0.0626697;0.007573; 12.1106815000; False; 12.1199073000; 12.2084958000;1.31;0.0949661;0.0089394; 0.3204682000; False; 0.3318033000; 0.4823070000;7.64;0.101772275;3.477502486; 0.160060836; false; 3.643858161; 3.915825394
/home/experiments/nfa-bench/benchmarks/automata_inclusion/false-IBakery-4P-BinEnc-BwBadi-B-2-lhs.mata,/home/experiments/nfa-bench/benchmarks/automata_inclusion/false-IBakery-4P-BinEnc-BwBadi-B-2-rhs.mata;11.27;0.0922841;0.0065433999999999996; 11.6089782000; False; 11.6177389000; 11.7473615000;1.11;0.0636118;0.0093777; 0.1790418000; False; 0.1910031000; 0.3303113000;7.67;0.125653633;3.597262753; 0.145008439; false; 3.758037408; 4.100113718
/home/experiments/nfa-bench/benchmarks/automata_inclusion/false-IBakery4pBinEnc-FbOneOne-Nondet-Partial-A-0-lhs.mata,/home/experiments/nfa-bench/benchmarks/automata_inclusion/false-IBakery4pBinEnc-FbOneOne-Nondet-Partial-A-0-rhs.mata;0.57;0.26434810000000003;0.009799599999999999; 0.2818098000; False; 0.2936932000; 0.5847494000;2.18;0.2086033;0.0149841; 0.4948634000; False; 0.5125898000; 0.8085814000;6.14;0.414890499;0.850933964; 0.08863317; false; 0.945727554; 1.70912366
/home/experiments/nfa-bench/benchmarks/automata_inclusion/false-IBakery4pBinEnc-FbOneOne-Nondet-Partial-A-1-lhs.mata,/home/experiments/nfa-bench/benchmarks/automata_inclusion/false-IBakery4pBinEnc-FbOneOne-Nondet-Partial-A-1-rhs.mata;0.98;0.4534399;0.0227654; 0.4454930000; False; 0.4745166000; 0.9711114000;2.61;0.2695653;0.0154362; 0.4704122000; False; 0.4886106000; 0.8762221000;5.93;0.322683474;0.956083425; 0.088837584; false; 1.064574505; 1.861794928
/home/experiments/nfa-bench/benchmarks/automata_inclusion/false-IBakery4pBinEnc-FbOneOne-Nondet-Partiali-B-2-lhs.mata,/home/experiments/nfa-bench/benchmarks/automata_inclusion/false-IBakery4pBinEnc-FbOneOne-Nondet-Partiali-B-2-rhs.mata;0.92;0.47439470000000006;0.0144543; 0.4831743000; False; 0.5003045000; 1.0450960000;2.36;0.2263815;0.0141729; 0.4244328000; False; 0.4409472000; 0.7518678000;5.68;0.358979343;0.748768455; 0.058669947; false; 0.814626769; 1.551571628
/home/experiments/nfa-bench/benchmarks/automata_inclusion/false-IBakery4pBinEnc-FbOneOne-Nondet-Partiali-B-3-lhs.mata,/home/experiments/nfa-bench/benchmarks/automata_inclusion/false-IBakery4pBinEnc-FbOneOne-Nondet-Partiali-B-3-rhs.mata;1.3;0.4789559;0.024831600000000002; 0.7469877000; False; 0.7748119000; 1.2975152000;2.76;0.3016874;0.0291895; 0.6012121000; False; 0.6335351000; 1.0438303000;5.35;0.33013957;0.645886635; 0.068181379; false; 0.720303986; 1.484544799
/home/experiments/nfa-bench/benchmarks/automata_inclusion/false-IBakery4pBinEnc-FbtOneOne-Nondet-A-3-lhs.mata,/home/experiments/nfa-bench/benchmarks/automata_inclusion/false-IBakery4pBinEnc-FbtOneOne-Nondet-A-3-rhs.mata;0.34;0.1670279;0.010885800000000001; 0.1289507000; False; 0.1420896000; 0.3492547000;1.59;0.1597247;0.012094299999999999; 0.1476325000; False; 0.1620073000; 0.3742233000;4.06;0.180312937;0.399996582; 0.057314242; false; 0.463914964; 0.947584961
/home/experiments/nfa-bench/benchmarks/automata_inclusion/false-IBakery4pBinEnc-FbtOneOne-Nondet-A-4-lhs.mata,/home/experiments/nfa-bench/benchmarks/automata_inclusion/false-IBakery4pBinEnc-FbtOneOne-Nondet-A-4-rhs.mata;0.47;0.3459559;0.012371700000000001; 0.1594362000; False; 0.1742653000; 0.5741502000;1.61;0.12137529999999999;0.0118597; 0.1442974000; False; 0.1587687000; 0.4178589000;4.4;0.219392378;0.437711852; 0.088149444; false; 0.531692167; 1.097284798
/home/experiments/nfa-bench/benchmarks/automata_inclusion/false-IBakery4pBinEnc-FbtOneOne-Nondeti-B-0-lhs.mata,/home/experiments/nfa-bench/benchmarks/automata_inclusion/false-IBakery4pBinEnc-FbtOneOne-Nondeti-B-0-rhs.mata;0.48;0.321419;0.013497; 0.1649994000; False; 0.1817875000; 0.5573806000;1.71;0.1400077;0.013420600000000001; 0.2070308000; False; 0.2234012000; 0.4502221000;3.77;0.247416991;0.38319886000000003; 0.071423022; false; 0.461133975; 0.996493206
/home/experiments/nfa-bench/benchmarks/automata_inclusion/false-IBakery4pBinEnc-FbtOneOne-Nondeti-B-1-lhs.mata,/home/experiments/nfa-bench/benchmarks/automata_inclusion/false-IBakery4pBinEnc-FbtOneOne-Nondeti-B-1-rhs.mata;0.48;0.45678030000000003;0.0128387; 0.1799740000; False; 0.1956518000; 0.7084120000;1.6;0.1221528;0.0120752; 0.1883292000; False; 0.2029544000; 0.3998261000;4.19;0.312218989;0.385368557; 0.067013752; false; 0.458909234; 1.039416355
/home/experiments/nfa-bench/benchmarks/automata_inclusion/false-IBakery4pBinEnc-FbtOneOne-Nondeti-B-2-lhs.mata,/home/experiments/nfa-bench/benchmarks/automata_inclusion/false-IBakery4pBinEnc-FbtOneOne-Nondeti-B-2-rhs.mata;0.43;0.2632463;0.011003800000000001; 0.1885139000; False; 0.2034970000; 0.4996424000;1.56;0.1142084;0.0122326; 0.1425592000; False; 0.1574852000; 0.3439764000;4.64;0.326307325;0.480371527; 0.116159567; false; 0.603562482; 1.190180573
/home/experiments/nfa-bench/benchmarks/automata_inclusion/false-IBakery4pBinEnc-FlOneOne-Nondet-A-3-lhs.mata,/home/experiments/nfa-bench/benchmarks/automata_inclusion/false-IBakery4pBinEnc-FlOneOne-Nondet-A-3-rhs.mata;0.45;0.2699278;0.0105659; 0.1650651000; False; 0.1782668000; 0.4927087000;1.41;0.1204047;0.012441299999999999; 0.1755686000; False; 0.1916587000; 0.4072985000;4.45;0.272452034;0.578103015; 0.089582539; false; 0.680481704; 1.356088413
/home/experiments/nfa-bench/benchmarks/automata_inclusion/false-IBakery4pBinEnc-FlOneOne-Nondet-A-4-lhs.mata,/home/experiments/nfa-bench/benchmarks/automata_inclusion/false-IBakery4pBinEnc-FlOneOne-Nondet-A-4-rhs.mata;0.42;0.24522899999999997;0.0121648; 0.1652381000; False; 0.1800711000; 0.4746355000;1.51;0.1598361;0.0122518; 0.1585493000; False; 0.1735680000; 0.4166166000;4.4;0.18084029199999999;0.593923232; 0.082510382; false; 0.693887479; 1.135996825
/home/experiments/nfa-bench/benchmarks/automata_inclusion/false-IBakery4pBinEnc-FlOneOne-Nondeti-B-0-lhs.mata,/home/experiments/nfa-bench/benchmarks/automata_inclusion/false-IBakery4pBinEnc-FlOneOne-Nondeti-B-0-rhs.mata;0.43;0.209807;0.013573; 0.1703136000; False; 0.1866711000; 0.4396941000;1.57;0.1808592;0.0116875; 0.1669101000; False; 0.1810228000; 0.4878569000;4.25;0.150637003;0.46679275; 0.068957796; false; 0.542323195; 0.968112662
/home/experiments/nfa-bench/benchmarks/automata_inclusion/false-IBakery5PUnrEnc-FbOneOne-Nondet-Partiali-B-0-lhs.mata,/home/experiments/nfa-bench/benchmarks/automata_inclusion/false-IBakery5PUnrEnc-FbOneOne-Nondet-Partiali-B-0-rhs.mata;2.1;0.8396345;0.014676900000000001; 1.4040324000; False; 1.4207561000; 2.3216611000;6.54;0.6108089;0.0159302; 1.1893480000; False; 1.2079081000; 1.9770977000;TO;1.1376498879999999;MISSING;MISSING;MISSING;MISSING;MISSING
/home/experiments/nfa-bench/benchmarks/automata_inclusion/false-IBakery5PUnrEnc-FbOneOne-Nondet-Partiali-B-1-lhs.mata,/home/experiments/nfa-bench/benchmarks/automata_inclusion/false-IBakery5PUnrEnc-FbOneOne-Nondet-Partiali-B-1-rhs.mata;2.67;0.6269676;0.0110961; 1.8934469000; False; 1.9066385000; 2.5704262000;10.22;0.588851;0.014735; 4.1427566000; False; 4.1601496000; 4.8730619000;TO;0.882954781;MISSING;MISSING;MISSING;MISSING;MISSING
/home/experiments/nfa-bench/benchmarks/automata_inclusion/false-IBakery5PUnrEnc-FbOneOne-Nondet-Partiali-B-3-lhs.mata,/home/experiments/nfa-bench/benchmarks/automata_inclusion/false-IBakery5PUnrEnc-FbOneOne-Nondet-Partiali-B-3-rhs.mata;3.2;0.8866265999999999;0.015150400000000001; 2.1963161000; False; 2.2139978000; 3.1428254000;6.86;0.5776796999999999;0.0203549; 1.4852612000; False; 1.5081031000; 2.2172461000;TO;1.132399825;MISSING;MISSING;MISSING;MISSING;MISSING
/home/experiments/nfa-bench/benchmarks/automata_inclusion/false-IBakery5PUnrEnc-Rev-FbOneOne-Nondet-Partiali-B-0-lhs.mata,/home/experiments/nfa-bench/benchmarks/automata_inclusion/false-IBakery5PUnrEnc-Rev-FbOneOne-Nondet-Partiali-B-0-rhs.mata;0.45;0.2089243;0.0066381999999999995; 0.1996125000; False; 0.2080008000; 0.4546139000;1.7;0.13536979999999998;0.0068254; 0.3639588000; False; 0.3726052000; 0.5561209000;TO;0.309318439;MISSING;MISSING;MISSING;MISSING;MISSING
/home/experiments/nfa-bench/benchmarks/automata_inclusion/false-IBakery5PUnrEnc-Rev-FbOneOne-Nondet-Partiali-B-2-lhs.mata,/home/experiments/nfa-bench/benchmarks/automata_inclusion/false-IBakery5PUnrEnc-Rev-FbOneOne-Nondet-Partiali-B-2-rhs.mata;0.59;0.33728650000000004;0.0063532; 0.2296309000; False; 0.2376901000; 0.6154223000;2.42;0.2022156;0.0072348; 0.7168329000; False; 0.7259027000; 1.0034051000;TO;0.214081424;MISSING;MISSING;MISSING;MISSING;MISSING
/home/experiments/nfa-bench/benchmarks/automata_inclusion/false-T10-lhs.mata,/home/experiments/nfa-bench/benchmarks/automata_inclusion/false-T10-rhs.mata;0.16;0.0596341;0.0087697; 0.0409872000; False; 0.0522179000; 0.1568300000;0.77;0.0258188;0.0058223; 0.0304228000; False; 0.0379698000; 0.0971097000;1.45;0.040740884;0.121607089; 0.045960728; false; 0.177967028; 0.36701882
/home/experiments/nfa-bench/benchmarks/automata_inclusion/false-T11-lhs.mata,/home/experiments/nfa-bench/benchmarks/automata_inclusion/false-T11-rhs.mata;0.22;0.1455074;0.0087153; 0.0364839000; False; 0.0473212000; 0.2200739000;1.16;0.0751294;0.0085137; 0.0354005000; False; 0.0458752000; 0.1690938000;4.19;0.19859640399999998;0.477989067; 0.087321708; false; 0.573551475; 1.029094626
/home/experiments/nfa-bench/benchmarks/automata_inclusion/false-T113-lhs.mata,/home/experiments/nfa-bench/benchmarks/automata_inclusion/false-T113-rhs.mata;0.17;0.0599523;0.009118300000000001; 0.0436457000; False; 0.0551891000; 0.1570040000;0.74;0.0463581;0.0090554; 0.0467739000; False; 0.0583762000; 0.1612830000;1.6;0.058568247;0.108888067; 0.048065133; false; 0.163144975; 0.345397385
/home/experiments/nfa-bench/benchmarks/automata_inclusion/false-T114-lhs.mata,/home/experiments/nfa-bench/benchmarks/automata_inclusion/false-T114-rhs.mata;0.18;0.077586;0.009318400000000001; 0.0522531000; False; 0.0642509000; 0.1837291000;0.94;0.0475892;0.0092855; 0.0467339000; False; 0.0587399000; 0.1635549000;1.81;0.054620439;0.161826262; 0.055542189; false; 0.223376825; 0.424687729
/home/experiments/nfa-bench/benchmarks/automata_inclusion/false-T116-lhs.mata,/home/experiments/nfa-bench/benchmarks/automata_inclusion/false-T116-rhs.mata;0.18;0.0810447;0.0105106; 0.0475558000; False; 0.0605910000; 0.1833609000;0.96;0.0507783;0.0091798; 0.0475535000; False; 0.0591625000; 0.1705903000;1.91;0.081763111;0.17411954400000001; 0.038132565; false; 0.218530663; 0.437041988
/home/experiments/nfa-bench/benchmarks/automata_inclusion/false-T118-lhs.mata,/home/experiments/nfa-bench/benchmarks/automata_inclusion/false-T118-rhs.mata;0.19;0.0912821;0.009415100000000001; 0.0467705000; False; 0.0589323000; 0.1920711000;0.98;0.0509174;0.009329; 0.0490748000; False; 0.0610903000; 0.1694636000;1.85;0.066281837;0.146748969; 0.044082307; false; 0.197068051; 0.408551757
/home/experiments/nfa-bench/benchmarks/automata_inclusion/false-T12-lhs.mata,/home/experiments/nfa-bench/benchmarks/automata_inclusion/false-T12-rhs.mata;0.21;0.1482499;0.0086832; 0.0390375000; False; 0.0496846000; 0.2248897000;1.58;0.1264644;0.013191300000000001; 0.0609330000; False; 0.0769037000; 0.2801453000;4.72;0.201764692;0.494144019; 0.100598512; false; 0.614913171; 1.109054709
/home/experiments/nfa-bench/benchmarks/automata_inclusion/false-T120-lhs.mata,/home/experiments/nfa-bench/benchmarks/automata_inclusion/false-T120-rhs.mata;0.19;0.0880584;0.009354000000000001; 0.0441916000; False; 0.0559991000; 0.1857643000;0.89;0.051202899999999996;0.0093422; 0.0466034000; False; 0.0584354000; 0.1675421000;1.99;0.060663997000000004;0.200305702; 0.057311145; false; 0.263765827; 0.483526554
/home/experiments/nfa-bench/benchmarks/automata_inclusion/false-T121-lhs.mata,/home/experiments/nfa-bench/benchmarks/automata_inclusion/false-T121-rhs.mata;0.15;0.07641619999999999;0.0074703; 0.0274300000; False; 0.0366854000; 0.1506910000;0.99;0.0506066;0.0093913; 0.0466553000; False; 0.0585658000; 0.1669737000;1.95;0.072990652;0.16678391; 0.042100787; false; 0.215407216; 0.447940762
/home/experiments/nfa-bench/benchmarks/automata_inclusion/false-T122-lhs.mata,/home/experiments/nfa-bench/benchmarks/automata_inclusion/false-T122-rhs.mata;0.19;0.0883642;0.0091756; 0.0438449000; False; 0.0556994000; 0.1857686000;0.97;0.0512456;0.009235799999999999; 0.0463967000; False; 0.0583116000; 0.1649419000;2.1;0.07123299599999999;0.179816692; 0.042092676; false; 0.228031356; 0.447580712
/home/experiments/nfa-bench/benchmarks/automata_inclusion/false-T123-lhs.mata,/home/experiments/nfa-bench/benchmarks/automata_inclusion/false-T123-rhs.mata;0.2;0.0891054;0.0092829; 0.0450952000; False; 0.0570892000; 0.1880235000;0.98;0.0505303;0.0093565; 0.0469704000; False; 0.0590354000; 0.1676388000;1.98;0.062494362;0.20778881; 0.040538215; false; 0.265822574; 0.491246874
/home/experiments/nfa-bench/benchmarks/automata_inclusion/false-T124-lhs.mata,/home/experiments/nfa-bench/benchmarks/automata_inclusion/false-T124-rhs.mata;0.1;0.0373541;0.0057431; 0.0271867000; False; 0.0345854000; 0.1011656000;0.68;0.0414972;0.009006199999999999; 0.0443338000; False; 0.0557813000; 0.1503514000;1.56;0.042025124;0.110802868; 0.036591835; false; 0.153300551; 0.313667909
/home/experiments/nfa-bench/benchmarks/automata_inclusion/false-T125-lhs.mata,/home/experiments/nfa-bench/benchmarks/automata_inclusion/false-T125-rhs.mata;0.2;0.0928577;0.0092102; 0.0435451000; False; 0.0553913000; 0.1896272000;0.8;0.054323800000000005;0.0095557; 0.0474026000; False; 0.0593968000; 0.1706867000;2.1;0.064698646;0.166869199; 0.04751717; false; 0.220538938; 0.470185618
/home/experiments/nfa-bench/benchmarks/automata_inclusion/false-T126-lhs.mata,/home/experiments/nfa-bench/benchmarks/automata_inclusion/false-T126-rhs.mata;0.14;0.0552067;0.0058246; 0.0269967000; False; 0.0347073000; 0.1261527000;0.93;0.0520397;0.011116000000000001; 0.0469127000; False; 0.0607347000; 0.1691380000;2.03;0.065851206;0.146552288; 0.041138573; false; 0.194222841; 0.418304835
/home/experiments/nfa-bench/benchmarks/automata_inclusion/false-T127-lhs.mata,/home/experiments/nfa-bench/benchmarks/automata_inclusion/false-T127-rhs.mata;0.12;0.056871399999999996;0.0059981999999999995; 0.0292792000; False; 0.0371536000; 0.1208789000;0.99;0.0567594;0.0095233; 0.0468873000; False; 0.0590766000; 0.1729575000;2.1;0.08283736600000001;0.16758237399999998; 0.055174638; false; 0.228954458; 0.48675473
/home/experiments/nfa-bench/benchmarks/automata_inclusion/false-T128-lhs.mata,/home/experiments/nfa-bench/benchmarks/automata_inclusion/false-T128-rhs.mata;0.2;0.09352830000000001;0.0128047; 0.0443604000; False; 0.0598575000; 0.1955309000;1.01;0.054236;0.009557999999999999; 0.0475868000; False; 0.0598140000; 0.1743473000;2.36;0.068158457;0.275060756; 0.078215678; false; 0.360007941; 0.6143099
/home/experiments/nfa-bench/benchmarks/automata_inclusion/false-T129-lhs.mata,/home/experiments/nfa-bench/benchmarks/automata_inclusion/false-T129-rhs.mata;0.2;0.0942025;0.0093676; 0.0459880000; False; 0.0579760000; 0.1941854000;1.03;0.053546300000000005;0.009172999999999999; 0.0847248000; False; 0.0964988000; 0.2091430000;2.12;0.070445003;0.163615178; 0.042595238; false; 0.212532389; 0.466308855
/home/experiments/nfa-bench/benchmarks/automata_inclusion/false-T13-lhs.mata,/home/experiments/nfa-bench/benchmarks/automata_inclusion/false-T13-rhs.mata;0.17;0.0630414;0.009122100000000001; 0.0436534000; False; 0.0553445000; 0.1597578000;0.77;0.0409882;0.0098418; 0.0496365000; False; 0.0622001000; 0.1598727000;1.64;0.074120394;0.145461121; 0.080989261; false; 0.235158991; 0.484065548
/home/experiments/nfa-bench/benchmarks/automata_inclusion/false-T130-lhs.mata,/home/experiments/nfa-bench/benchmarks/automata_inclusion/false-T130-rhs.mata;0.18;0.08624;0.0110392; 0.0424199000; False; 0.0562280000; 0.2609118000;1.12;0.0549857;0.008383; 0.0511021000; False; 0.0617709000; 0.1653695000;2.13;0.071709711;0.191351515; 0.05205766; false; 0.249495386; 0.499839782
/home/experiments/nfa-bench/benchmarks/automata_inclusion/false-T131-lhs.mata,/home/experiments/nfa-bench/benchmarks/automata_inclusion/false-T131-rhs.mata;0.11;0.0393144;0.005947; 0.0299433000; False; 0.0379556000; 0.1052325000;0.9;0.0431574;0.0089412; 0.0446688000; False; 0.0559846000; 0.1548306000;1.59;0.053249472;0.129918072; 0.047805957; false; 0.184397461; 0.361031703
/home/experiments/nfa-bench/benchmarks/automata_inclusion/false-T132-lhs.mata,/home/experiments/nfa-bench/benchmarks/automata_inclusion/false-T132-rhs.mata;0.1;0.03739;0.0058848; 0.0274575000; False; 0.0351295000; 0.1013225000;0.86;0.0624113;0.0091947; 0.0298446000; False; 0.0414008000; 0.1667854000;1.65;0.063601565;0.155983085; 0.064993428; false; 0.228656703; 0.42914419
/home/experiments/nfa-bench/benchmarks/automata_inclusion/false-T133-lhs.mata,/home/experiments/nfa-bench/benchmarks/automata_inclusion/false-T133-rhs.mata;0.26;0.1624241;0.0115269; 0.0488626000; False; 0.0629741000; 0.2697192000;1.1;0.047802199999999996;0.007987399999999999; 0.0507431000; False; 0.0604017000; 0.1490361000;3.16;0.130508081;0.34522430200000004; 0.052904255; false; 0.404687239; 0.789691565
/home/experiments/nfa-bench/benchmarks/automata_inclusion/false-T134-lhs.mata,/home/experiments/nfa-bench/benchmarks/automata_inclusion/false-T134-rhs.mata;0.26;0.1762452;0.0107814; 0.0452952000; False; 0.0586423000; 0.2776814000;1.1;0.0457352;0.0068439; 0.0397633000; False; 0.0481565000; 0.1687524000;3.82;0.198684946;0.551162106; 0.078666479; false; 0.646678637; 1.097570436
/home/experiments/nfa-bench/benchmarks/automata_inclusion/false-T17-lhs.mata,/home/experiments/nfa-bench/benchmarks/automata_inclusion/false-T17-rhs.mata;0.18;0.0712883;0.009497199999999999; 0.0470235000; False; 0.0594391000; 0.1747252000;0.98;0.0446472;0.009556700000000001; 0.0463007000; False; 0.0583037000; 0.1599227000;1.94;0.106348945;0.249122864; 0.076273383; false; 0.340523117; 0.661972556
/home/experiments/nfa-bench/benchmarks/automata_inclusion/false-T19-lhs.mata,/home/experiments/nfa-bench/benchmarks/automata_inclusion/false-T19-rhs.mata;0.15;0.0579741;0.0094295; 0.0412196000; False; 0.0532359000; 0.1662016000;0.93;0.0460103;0.0090236; 0.0458565000; False; 0.0572199000; 0.1564260000;1.7;0.064455034;0.1953066; 0.040276169; false; 0.24260113; 0.448413163
/home/experiments/nfa-bench/benchmarks/automata_inclusion/false-T20-lhs.mata,/home/experiments/nfa-bench/benchmarks/automata_inclusion/false-T20-rhs.mata;0.35;0.2443245;0.012002299999999999; 0.0395871000; False; 0.0542054000; 0.3402970000;1.42;0.085193;0.010367699999999999; 0.0330746000; False; 0.0453652000; 0.1820110000;4.4;0.176029737;0.648453984; 0.104134745; false; 0.75881916; 1.239376254
/home/experiments/nfa-bench/benchmarks/automata_inclusion/false-T210-lhs.mata,/home/experiments/nfa-bench/benchmarks/automata_inclusion/false-T210-rhs.mata;0.34;0.2511908;0.013408199999999999; 0.0427537000; False; 0.0591513000; 0.3543279000;1.35;0.1059504;0.0220332; 0.0644869000; False; 0.0968226000; 0.3091404000;4.53;0.17815384199999998;0.605060626; 0.067157153; false; 0.677992164; 1.266034929
/home/experiments/nfa-bench/benchmarks/automata_inclusion/false-T211-lhs.mata,/home/experiments/nfa-bench/benchmarks/automata_inclusion/false-T211-rhs.mata;0.35;0.25046599999999997;0.0134764; 0.0619488000; False; 0.0782824000; 0.3675539000;1.74;0.1356213;0.0134595; 0.0619977000; False; 0.0781353000; 0.2952104000;4.8;0.216924128;0.525218167; 0.088127263; false; 0.619802975; 1.13606233
/home/experiments/nfa-bench/benchmarks/automata_inclusion/false-T212-lhs.mata,/home/experiments/nfa-bench/benchmarks/automata_inclusion/false-T212-rhs.mata;0.34;0.3043127;0.026451699999999998; 0.0462038000; False; 0.0761179000; 0.4587862000;1.72;0.1293626;0.0139479; 0.0439397000; False; 0.0605615000; 0.2718954000;4.76;0.307921576;0.5374388109999999; 0.100598475; false; 0.644223874; 1.242793098
/home/experiments/nfa-bench/benchmarks/automata_inclusion/false-T213-lhs.mata,/home/experiments/nfa-bench/benchmarks/automata_inclusion/false-T213-rhs.mata;0.35;0.3246517;0.0210403; 0.0781244000; False; 0.1015124000; 0.4859631000;1.66;0.1048733;0.0125506; 0.0381701000; False; 0.0530039000; 0.2283389000;4.83;0.316060387;0.523846232; 0.102123443; false; 0.63233975; 1.356451933
/home/experiments/nfa-bench/benchmarks/automata_inclusion/false-T215-lhs.mata,/home/experiments/nfa-bench/benchmarks/automata_inclusion/false-T215-rhs.mata;0.35;0.263211;0.0266272; 0.1247326000; False; 0.1540522000; 0.4508492000;1.66;0.1619909;0.0130738; 0.0640902000; False; 0.0797668000; 0.4029054000;4.82;0.264530353;0.467062203; 0.132536726; false; 0.607992362; 1.2541051
/home/experiments/nfa-bench/benchmarks/automata_inclusion/false-T217-lhs.mata,/home/experiments/nfa-bench/benchmarks/automata_inclusion/false-T217-rhs.mata;0.35;0.33269649999999995;0.0155184; 0.0623976000; False; 0.0807645000; 0.4611459000;1.72;0.1610751;0.0136976; 0.0643175000; False; 0.0808603000; 0.3244036000;5.15;0.294551884;0.618794789; 0.141256058; false; 0.805960277; 1.513753345
/home/experiments/nfa-bench/benchmarks/automata_inclusion/false-T219-lhs.mata,/home/experiments/nfa-bench/benchmarks/automata_inclusion/false-T219-rhs.mata;0.4;0.32437;0.013737899999999999; 0.0604378000; False; 0.0766993000; 0.4708586000;1.68;0.16671239999999998;0.0173547; 0.0638613000; False; 0.0836567000; 0.3386385000;4.74;0.238249041;0.569038427; 0.143017131; false; 0.731953411; 1.407165001
/home/experiments/nfa-bench/benchmarks/automata_inclusion/false-T224-lhs.mata,/home/experiments/nfa-bench/benchmarks/automata_inclusion/false-T224-rhs.mata;0.36;0.3778549;0.012178399999999999; 0.0376066000; False; 0.0523616000; 0.4878179000;1.64;0.1244608;0.012194199999999999; 0.0384448000; False; 0.0529573000; 0.2738934000;4.75;0.228394638;0.858758431; 0.114485632; false; 0.987110095; 1.733680417
/home/experiments/nfa-bench/benchmarks/automata_inclusion/false-T23-lhs.mata,/home/experiments/nfa-bench/benchmarks/automata_inclusion/false-T23-rhs.mata;0.35;0.2696927;0.0241982; 0.0781017000; False; 0.1043111000; 0.4120227000;1.59;0.1388957;0.0146114; 0.0493679000; False; 0.0671360000; 0.2833741000;4.81;0.29013599;0.8039908689999999; 0.147403981; false; 0.970194346; 1.62066696
/home/experiments/nfa-bench/benchmarks/automata_inclusion/false-T231-lhs.mata,/home/experiments/nfa-bench/benchmarks/automata_inclusion/false-T231-rhs.mata;0.35;0.26481899999999997;0.0126631; 0.0461166000; False; 0.0612411000; 0.3766547000;1.57;0.1202742;0.0136503; 0.0415405000; False; 0.0574771000; 0.2915856000;4.9;0.30746629200000003;0.6632760710000001; 0.128642447; false; 0.804802024; 1.480089886
/home/experiments/nfa-bench/benchmarks/automata_inclusion/false-T232-lhs.mata,/home/experiments/nfa-bench/benchmarks/automata_inclusion/false-T232-rhs.mata;0.36;0.2637682;0.026279499999999997; 0.0634787000; False; 0.0922824000; 0.4138732000;1.62;0.1414992;0.029739099999999997; 0.0802342000; False; 0.1116602000; 0.3312414000;4.58;0.23476670900000002;0.79434896; 0.070835125; false; 0.871674872; 1.526968197
/home/experiments/nfa-bench/benchmarks/automata_inclusion/false-T233-lhs.mata,/home/experiments/nfa-bench/benchmarks/automata_inclusion/false-T233-rhs.mata;0.43;0.4484165;0.013879299999999999; 0.0993956000; False; 0.1160563000; 0.6151660000;1.82;0.1306465;0.0159597; 0.0350218000; False; 0.0538816000; 0.2459022000;5.51;0.29364336;0.658005757; 0.127351117; false; 0.802356842; 1.430053227
/home/experiments/nfa-bench/benchmarks/automata_inclusion/false-T234-lhs.mata,/home/experiments/nfa-bench/benchmarks/automata_inclusion/false-T234-rhs.mata;0.47;0.38990610000000003;0.0185555; 0.0577692000; False; 0.0792365000; 0.5307172000;1.69;0.1488716;0.023214; 0.1107203000; False; 0.1588671000; 0.3727295000;5.58;0.350019897;0.751630465; 0.150619116; false; 0.927344416; 1.839974508
/home/experiments/nfa-bench/benchmarks/automata_inclusion/false-T235-lhs.mata,/home/experiments/nfa-bench/benchmarks/automata_inclusion/false-T235-rhs.mata;0.35;0.28717539999999997;0.013760499999999998; 0.0375816000; False; 0.0536762000; 0.3857519000;1.54;0.2197831;0.0270307; 0.0763888000; False; 0.1058722000; 0.4689839000;4.56;0.331748008;0.849589066; 0.126601883; false; 0.988323507; 1.83250837
/home/experiments/nfa-bench/benchmarks/automata_inclusion/false-T236-lhs.mata,/home/experiments/nfa-bench/benchmarks/automata_inclusion/false-T236-rhs.mata;0.22;0.14500269999999998;0.008001000000000001; 0.0399757000; False; 0.0497470000; 0.2238733000;1.66;0.184396;0.0143488; 0.0493911000; False; 0.0665903000; 0.3789047000;4.42;0.184971803;0.5893245619999999; 0.077250121; false; 0.673090006; 1.308019487
/home/experiments/nfa-bench/benchmarks/automata_inclusion/false-T237-lhs.mata,/home/experiments/nfa-bench/benchmarks/automata_inclusion/false-T237-rhs.mata;0.38;0.33856719999999996;0.049110900000000006; 0.1043423000; False; 0.1563330000; 0.5638202000;1.66;0.1346563;0.0123626; 0.0377376000; False; 0.0525299000; 0.2914068000;4.27;0.174032371;0.458662866; 0.051699214; false; 0.516508059; 0.953319943
/home/experiments/nfa-bench/benchmarks/automata_inclusion/false-T238-lhs.mata,/home/experiments/nfa-bench/benchmarks/automata_inclusion/false-T238-rhs.mata;0.37;0.2780296;0.0211842; 0.0861030000; False; 0.1096903000; 0.4310308000;1.65;0.12424479999999999;0.0130366; 0.0557926000; False; 0.0717039000; 0.2731286000;4.9;0.208472717;0.697829354; 0.125715748; false; 0.878906617; 1.476386266
/home/experiments/nfa-bench/benchmarks/automata_inclusion/false-T239-lhs.mata,/home/experiments/nfa-bench/benchmarks/automata_inclusion/false-T239-rhs.mata;0.27;0.1603737;0.013377; 0.0397216000; False; 0.0557873000; 0.2587283000;1.52;0.127745;0.013681500000000001; 0.0404212000; False; 0.0567210000; 0.2873257000;5.32;0.387223628;0.603376297; 0.157023487; false; 0.766497306; 1.606852946
/home/experiments/nfa-bench/benchmarks/automata_inclusion/false-T24-lhs.mata,/home/experiments/nfa-bench/benchmarks/automata_inclusion/false-T24-rhs.mata;0.35;0.2924741;0.029384800000000003; 0.1070290000; False; 0.1390442000; 0.4669493000;1.64;0.22774930000000002;0.0233983; 0.1080168000; False; 0.1420945000; 0.5057901000;4.62;0.229477079;0.792138012; 0.118037528; false; 0.928200319; 1.473092665
/home/experiments/nfa-bench/benchmarks/automata_inclusion/false-T25-lhs.mata,/home/experiments/nfa-bench/benchmarks/automata_inclusion/false-T25-rhs.mata;0.36;0.305481;0.0141773; 0.0608687000; False; 0.0777996000; 0.4338078000;1.61;0.136711;0.015217099999999999; 0.0461694000; False; 0.0643974000; 0.2981369000;4.54;0.21286898699999998;0.687109786; 0.099324817; false; 0.800581336; 1.369028718
/home/experiments/nfa-bench/benchmarks/automata_inclusion/false-T26-lhs.mata,/home/experiments/nfa-bench/benchmarks/automata_inclusion/false-T26-rhs.mata;0.35;0.29229530000000004;0.015803699999999997; 0.0666039000; False; 0.0847346000; 0.4495512000;1.57;0.1299623;0.0437719; 0.0661080000; False; 0.1160244000; 0.3489546000;4.35;0.19258711199999998;0.50796131; 0.081530187; false; 0.597732973; 1.132619239
/home/experiments/nfa-bench/benchmarks/automata_inclusion/false-T27-lhs.mata,/home/experiments/nfa-bench/benchmarks/automata_inclusion/false-T27-rhs.mata;0.39;0.297276;0.013395299999999999; 0.0608874000; False; 0.0768755000; 0.4178211000;1.53;0.185496;0.0275152; 0.0946006000; False; 0.1368849000; 0.4627596000;4.54;0.23020795500000002;0.543319859; 0.09691642; false; 0.646105463; 1.472737142
/home/experiments/nfa-bench/benchmarks/automata_inclusion/false-T28-lhs.mata,/home/experiments/nfa-bench/benchmarks/automata_inclusion/false-T28-rhs.mata;0.37;0.27130089999999996;0.0127715; 0.0410508000; False; 0.0565067000; 0.3897259000;1.64;0.1262167;0.0123365; 0.0407548000; False; 0.0555271000; 0.2707121000;4.49;0.171507311;0.528847655; 0.0790273; false; 0.616587204; 1.190564368
/home/experiments/nfa-bench/benchmarks/automata_inclusion/false-T29-lhs.mata,/home/experiments/nfa-bench/benchmarks/automata_inclusion/false-T29-rhs.mata;0.39;0.3875104;0.026425200000000003; 0.0738163000; False; 0.1028715000; 0.5455331000;1.66;0.1384698;0.0141276; 0.0667475000; False; 0.0836177000; 0.3098927000;5.01;0.304966559;0.548536596; 0.124826869; false; 0.679883068; 1.304047384
/home/experiments/nfa-bench/benchmarks/automata_inclusion/true-Bakery4pBinEnc-FbOneOne-Nondet-Partial-A-2-lhs.mata,/home/experiments/nfa-bench/benchmarks/automata_inclusion/true-Bakery4pBinEnc-FbOneOne-Nondet-Partial-A-2-rhs.mata;1.32;0.49112580000000006;0.0159924; 0.9162847000; True; 0.9353678000; 1.4964984000;2.83;0.1884158;0.015204800000000001; 0.8085079000; True; 0.8265203000; 1.0930986000;6.48;0.45749722800000003;0.899742762; 0.064915034; true; 0.970641052; 1.814415204
/home/experiments/nfa-bench/benchmarks/automata_inclusion/true-Bakery4pBinEnc-FbOneOne-Nondet-Partial-A-3-lhs.mata,/home/experiments/nfa-bench/benchmarks/automata_inclusion/true-Bakery4pBinEnc-FbOneOne-Nondet-Partial-A-3-rhs.mata;1.3;0.572079;0.0142924; 0.8920445000; True; 0.9350768000; 1.5549002000;2.87;0.2244426;0.0292884; 1.0283364000; True; 1.0614055000; 1.4194810000;5.87;0.471366673;0.651647235; 0.067486065; true; 0.738275583; 1.831501498
/home/experiments/nfa-bench/benchmarks/automata_inclusion/true-Bakery4pBinEnc-FbOneOne-Nondet-Partiali-B-0-lhs.mata,/home/experiments/nfa-bench/benchmarks/automata_inclusion/true-Bakery4pBinEnc-FbOneOne-Nondet-Partiali-B-0-rhs.mata;1.43;0.46079190000000003;0.0154348; 1.1023412000; True; 1.1205878000; 1.6200972000;3.12;0.25826550000000004;0.0152734; 0.8441005000; True; 0.8618769000; 1.2755816000;6.03;0.251779001;0.8244234560000001; 0.111583519; true; 0.958852127; 1.590899359
/home/experiments/nfa-bench/benchmarks/automata_inclusion/true-Bakery4pBinEnc-FbOneOne-Nondet-Partiali-B-1-lhs.mata,/home/experiments/nfa-bench/benchmarks/automata_inclusion/true-Bakery4pBinEnc-FbOneOne-Nondet-Partiali-B-1-rhs.mata;1.21;0.6260218;0.0155815; 0.6702772000; True; 0.6920944000; 1.3736783000;2.75;0.2436579;0.0170854; 0.8595554000; True; 0.8797730000; 1.2479310000;6.64;0.536514733;0.712007211; 0.121131728; true; 0.839961427; 2.003528897
/home/experiments/nfa-bench/benchmarks/automata_inclusion/true-IBakery-4P-BinEnc-BwBad-A-0-lhs.mata,/home/experiments/nfa-bench/benchmarks/automata_inclusion/true-IBakery-4P-BinEnc-BwBad-A-0-rhs.mata;TO;0.1031393;0.0092953;MISSING;MISSING;MISSING;MISSING;TO;0.0990496;0.0095174;MISSING;MISSING;MISSING;MISSING;8.53;0.19893881;3.909254399; 0.2301067; true; 4.145802958; 4.628488395
/home/experiments/nfa-bench/benchmarks/automata_inclusion/true-IBakery-4P-BinEnc-BwBadi-B-3-lhs.mata,/home/experiments/nfa-bench/benchmarks/automata_inclusion/true-IBakery-4P-BinEnc-BwBadi-B-3-rhs.mata;TO;0.13686189999999998;0.0088867;MISSING;MISSING;MISSING;MISSING;TO;0.0663836;0.0092289;MISSING;MISSING;MISSING;MISSING;8.1;0.10118142399999999;3.8758671380000003; 0.132718846; true; 4.014792445; 4.321831236
/home/experiments/nfa-bench/benchmarks/automata_inclusion/true-IBakery-4P-BinEnc-BwBadi-B-4-lhs.mata,/home/experiments/nfa-bench/benchmarks/automata_inclusion/true-IBakery-4P-BinEnc-BwBadi-B-4-rhs.mata;TO;0.07647419999999999;0.0060677000000000005;MISSING;MISSING;MISSING;MISSING;TO;0.060493500000000006;0.008730100000000001;MISSING;MISSING;MISSING;MISSING;9.58;0.08267983200000001;4.614778467000001; 0.141107387; true; 4.762120028; 5.037185955
/home/experiments/nfa-bench/benchmarks/automata_inclusion/true-IBakery4pBinEnc-FbOneOne-Nondet-Partial-A-2-lhs.mata,/home/experiments/nfa-bench/benchmarks/automata_inclusion/true-IBakery4pBinEnc-FbOneOne-Nondet-Partial-A-2-rhs.mata;13.93;0.417424;0.013908; 13.7721105000; True; 13.7886921000; 14.2461261000;14.69;0.22087489999999999;0.0146387; 13.2125220000; True; 13.2299052000; 13.5472269000;5.44;0.296612665;0.765948189; 0.073191236; true; 0.845220128; 1.525934435
/home/experiments/nfa-bench/benchmarks/automata_inclusion/true-IBakery4pBinEnc-FbOneOne-Nondet-Partial-A-3-lhs.mata,/home/experiments/nfa-bench/benchmarks/automata_inclusion/true-IBakery4pBinEnc-FbOneOne-Nondet-Partial-A-3-rhs.mata;13.1;0.4401983;0.0253368; 13.0280534000; True; 13.0561016000; 13.5483555000;17.18;0.232366;0.0159396; 15.6266446000; True; 15.6455820000; 15.9702099000;6.05;0.389478198;0.817958542; 0.074930832; true; 0.899707753; 1.768621508
/home/experiments/nfa-bench/benchmarks/automata_inclusion/true-IBakery4pBinEnc-FbOneOne-Nondet-Partiali-B-0-lhs.mata,/home/experiments/nfa-bench/benchmarks/automata_inclusion/true-IBakery4pBinEnc-FbOneOne-Nondet-Partiali-B-0-rhs.mata;13.1;0.5482104999999999;0.0214919; 12.7900038000; True; 12.8147236000; 13.4159805000;17.81;0.2420807;0.0169213; 16.0277565000; True; 16.0479167000; 16.3851938000;6.06;0.450449032;0.648217342; 0.063664818; true; 0.718407712; 1.542157698
/home/experiments/nfa-bench/benchmarks/automata_inclusion/true-IBakery4pBinEnc-FbOneOne-Nondet-Partiali-B-1-lhs.mata,/home/experiments/nfa-bench/benchmarks/automata_inclusion/true-IBakery4pBinEnc-FbOneOne-Nondet-Partiali-B-1-rhs.mata;12.94;0.5138134999999999;0.029414600000000003; 12.7267488000; True; 12.7713568000; 13.3283788000;15.21;0.23405009999999998;0.0156529; 13.9015786000; True; 13.9201961000; 14.2463861000;5.18;0.379829676;0.6486251350000001; 0.069087335; true; 0.72437925; 1.62364043
/home/experiments/nfa-bench/benchmarks/automata_inclusion/true-IBakery4pBinEnc-FbOneOne-Nondet-Partiali-B-4-lhs.mata,/home/experiments/nfa-bench/benchmarks/automata_inclusion/true-IBakery4pBinEnc-FbOneOne-Nondet-Partiali-B-4-rhs.mata;12.63;0.34894539999999996;0.0270466; 12.5203795000; True; 12.5501414000; 12.9421228000;16.21;0.21917930000000002;0.0146631; 14.6817647000; True; 14.6993225000; 15.0129547000;6.12;0.378198402;0.609177689; 0.118439451; true; 0.747303955; 1.467135961
/home/experiments/nfa-bench/benchmarks/automata_inclusion/true-IBakery4pBinEnc-FbtOneOne-Nondet-A-0-lhs.mata,/home/experiments/nfa-bench/benchmarks/automata_inclusion/true-IBakery4pBinEnc-FbtOneOne-Nondet-A-0-rhs.mata;3.88;0.24606699999999998;0.0125443; 3.6708499000; True; 3.6859831000; 3.9748443000;4.85;0.1227992;0.0122132; 3.4989037000; True; 3.5137281000; 3.7102417000;4.32;0.296599542;0.40476693900000005; 0.092168811; true; 0.517004152; 1.125760112
/home/experiments/nfa-bench/benchmarks/automata_inclusion/true-IBakery4pBinEnc-FbtOneOne-Nondet-A-1-lhs.mata,/home/experiments/nfa-bench/benchmarks/automata_inclusion/true-IBakery4pBinEnc-FbtOneOne-Nondet-A-1-rhs.mata;3.26;0.2513451;0.0124268; 3.1205691000; True; 3.1358602000; 3.4300510000;4.71;0.1210872;0.0117845; 3.5443298000; True; 3.5584858000; 3.7530510000;4.02;0.287349326;0.423148015; 0.105414304; true; 0.545293985; 1.229638702
/home/experiments/nfa-bench/benchmarks/automata_inclusion/true-IBakery4pBinEnc-FbtOneOne-Nondeti-B-3-lhs.mata,/home/experiments/nfa-bench/benchmarks/automata_inclusion/true-IBakery4pBinEnc-FbtOneOne-Nondeti-B-3-rhs.mata;3.98;0.2497908;0.012175; 3.9878311000; True; 4.0024159000; 4.2935103000;5.35;0.1298319;0.0122456; 4.0874513000; True; 4.1024778000; 4.3088249000;4.56;0.282179823;0.6016118260000001; 0.053014404; true; 0.660702662; 1.26209943
/home/experiments/nfa-bench/benchmarks/automata_inclusion/true-IBakery4pBinEnc-FbtOneOne-Nondeti-B-4-lhs.mata,/home/experiments/nfa-bench/benchmarks/automata_inclusion/true-IBakery4pBinEnc-FbtOneOne-Nondeti-B-4-rhs.mata;3.45;0.24232789999999998;0.0084568; 3.2377268000; True; 3.2481057000; 3.5316431000;4.75;0.1335441;0.0134023; 3.3656565000; True; 3.3818466000; 3.6010268000;4.27;0.264488652;0.43256635; 0.10666016; true; 0.556691401; 1.148696084
/home/experiments/nfa-bench/benchmarks/automata_inclusion/true-IBakery4pBinEnc-FlOneOne-Nondet-A-0-lhs.mata,/home/experiments/nfa-bench/benchmarks/automata_inclusion/true-IBakery4pBinEnc-FlOneOne-Nondet-A-0-rhs.mata;3.48;0.21442070000000002;0.0118583; 3.3302394000; True; 3.3449101000; 3.6037013000;4.61;0.1144368;0.0123101; 3.3930074000; True; 3.4088216000; 3.5924867000;4.02;0.252556046;0.485927231; 0.087587899; true; 0.596725504; 1.128975366
/home/experiments/nfa-bench/benchmarks/automata_inclusion/true-IBakery4pBinEnc-FlOneOne-Nondet-A-1-lhs.mata,/home/experiments/nfa-bench/benchmarks/automata_inclusion/true-IBakery4pBinEnc-FlOneOne-Nondet-A-1-rhs.mata;3.47;0.2600274;0.0126004; 3.2310540000; True; 3.2464717000; 3.5495206000;4.55;0.10687089999999999;0.0119749; 3.5175277000; True; 3.5323823000; 3.6889998000;4.33;0.259409537;0.471962864; 0.095540342; true; 0.579116651; 1.139263419
/home/experiments/nfa-bench/benchmarks/automata_inclusion/true-IBakery4pBinEnc-FlOneOne-Nondeti-B-1-lhs.mata,/home/experiments/nfa-bench/benchmarks/automata_inclusion/true-IBakery4pBinEnc-FlOneOne-Nondeti-B-1-rhs.mata;3.97;0.2458111;0.0127887; 3.6794266000; True; 3.6950000000; 3.9832816000;4.34;0.1415991;0.007885; 3.0196459000; True; 3.0293869000; 3.2418377000;4.79;0.16715866000000001;0.66179646; 0.095434504; true; 0.775075052; 1.184530401
/home/experiments/nfa-bench/benchmarks/automata_inclusion/true-IBakery4pBinEnc-FlOneOne-Nondeti-B-2-lhs.mata,/home/experiments/nfa-bench/benchmarks/automata_inclusion/true-IBakery4pBinEnc-FlOneOne-Nondeti-B-2-rhs.mata;2.98;0.16352329999999998;0.0076973; 2.7698763000; True; 2.7795357000; 2.9802831000;4.38;0.12419079999999999;0.0135728; 3.2666206000; True; 3.2830882000; 3.4823468000;4.38;0.186279259;0.516590567; 0.062816884; true; 0.586542885; 1.092653389
/home/experiments/nfa-bench/benchmarks/automata_inclusion/true-IBakery4pBinEnc-FlOneOne-Nondeti-B-3-lhs.mata,/home/experiments/nfa-bench/benchmarks/automata_inclusion/true-IBakery4pBinEnc-FlOneOne-Nondeti-B-3-rhs.mata;3.93;0.30248220000000003;0.012743899999999999; 3.9656402000; True; 3.9811854000; 4.3506629000;5.46;0.0843662;0.0080883; 4.2948835000; True; 4.3050709000; 4.4491918000;4.82;0.217489614;0.7957178810000001; 0.083147462; true; 0.895691034; 1.395699655
/home/experiments/nfa-bench/benchmarks/automata_inclusion/true-IBakery4pBinEnc-FlOneOne-Nondeti-B-4-lhs.mata,/home/experiments/nfa-bench/benchmarks/automata_inclusion/true-IBakery4pBinEnc-FlOneOne-Nondeti-B-4-rhs.mata;3.91;0.2677433;0.0087186; 3.8996623000; True; 3.9105815000; 4.2420258000;4.98;0.1391692;0.0125166; 3.6278983000; True; 3.6433527000; 3.9263882000;4.33;0.22013968900000003;0.451542302; 0.052969177; true; 0.511532237; 1.002471612
/home/experiments/nfa-bench/benchmarks/automata_inclusion/true-IBakery5PUnrEnc-FbOneOne-Nondet-Partial-A-0-lhs.mata,/home/experiments/nfa-bench/benchmarks/automata_inclusion/true-IBakery5PUnrEnc-FbOneOne-Nondet-Partial-A-0-rhs.mata;TO;0.6897989;0.0149514;MISSING;MISSING;MISSING;MISSING;TO;0.3808995;0.0131765;MISSING;MISSING;MISSING;MISSING;TO;0.977213927; 0.34663005;MISSING;MISSING;MISSING;MISSING
/home/experiments/nfa-bench/benchmarks/automata_inclusion/true-IBakery5PUnrEnc-FbOneOne-Nondet-Partial-A-1-lhs.mata,/home/experiments/nfa-bench/benchmarks/automata_inclusion/true-IBakery5PUnrEnc-FbOneOne-Nondet-Partial-A-1-rhs.mata;TO;0.5530465;0.0095639;MISSING;MISSING;MISSING;MISSING;TO;0.3825936;0.0104454;MISSING;MISSING;MISSING;MISSING;TO;0.807512171; 3.297981918;MISSING;MISSING;MISSING;MISSING
/home/experiments/nfa-bench/benchmarks/automata_inclusion/true-IBakery5PUnrEnc-Rev-FbOneOne-Nondet-Partial-A-0-lhs.mata,/home/experiments/nfa-bench/benchmarks/automata_inclusion/true-IBakery5PUnrEnc-Rev-FbOneOne-Nondet-Partial-A-0-rhs.mata;TO;0.3142131;0.0085285;MISSING;MISSING;MISSING;MISSING;TO;0.1243909;0.0062363;MISSING;MISSING;MISSING;MISSING;TO;0.235915915; 1.89758534;MISSING;MISSING;MISSING;MISSING
/home/experiments/nfa-bench/benchmarks/automata_inclusion/true-IBakery5PUnrEnc-Rev-FbOneOne-Nondet-Partial-A-2-lhs.mata,/home/experiments/nfa-bench/benchmarks/automata_inclusion/true-IBakery5PUnrEnc-Rev-FbOneOne-Nondet-Partial-A-2-rhs.mata;TO;0.3124115;0.0089345;MISSING;MISSING;MISSING;MISSING;TO;0.22248010000000001;0.0101798;MISSING;MISSING;MISSING;MISSING;TO;0.23111141000000002; 1.923104224;MISSING;MISSING;MISSING;MISSING
/home/experiments/nfa-bench/benchmarks/automata_inclusion/true-IBakery5PUnrEnc-Rev-FbOneOne-Nondet-Partiali-B-1-lhs.mata,/home/experiments/nfa-bench/benchmarks/automata_inclusion/true-IBakery5PUnrEnc-Rev-FbOneOne-Nondet-Partiali-B-1-rhs.mata;TO;0.42798689999999995;0.0062862000000000005;MISSING;MISSING;MISSING;MISSING;TO;0.24017460000000002;0.0069742;MISSING;MISSING;MISSING;MISSING;TO;0.317851212;MISSING;MISSING;MISSING;MISSING;MISSING
/home/experiments/nfa-bench/benchmarks/automata_inclusion/true-T110-lhs.mata,/home/experiments/nfa-bench/benchmarks/automata_inclusion/true-T110-rhs.mata;0.13;0.0823661;0.0060662; 0.0313551000; True; 0.0392758000; 0.1754124000;0.66;0.0268943;0.0056544; 0.0333505000; True; 0.0406025000; 0.1013621000;1.64;0.045253873;0.145344412; 0.050610406; true; 0.202706668; 0.402774809
/home/experiments/nfa-bench/benchmarks/automata_inclusion/true-T111-lhs.mata,/home/experiments/nfa-bench/benchmarks/automata_inclusion/true-T111-rhs.mata;0.13;0.0678022;0.0059517; 0.0404921000; True; 0.0480618000; 0.1428926000;0.9;0.0462817;0.0094826; 0.0791749000; True; 0.0912136000; 0.1947202000;1.92;0.080887788;0.271432282; 0.078977067; true; 0.359907031; 0.709795779
/home/experiments/nfa-bench/benchmarks/automata_inclusion/true-T112-lhs.mata,/home/experiments/nfa-bench/benchmarks/automata_inclusion/true-T112-rhs.mata;0.18;0.0969623;0.0067613000000000005; 0.0520124000; True; 0.0612154000; 0.2009229000;0.99;0.045471199999999996;0.009098199999999999; 0.0540236000; True; 0.0653505000; 0.1678397000;1.71;0.084013798;0.171274696; 0.064804093; true; 0.242643495; 0.551397335
/home/experiments/nfa-bench/benchmarks/automata_inclusion/true-T115-lhs.mata,/home/experiments/nfa-bench/benchmarks/automata_inclusion/true-T115-rhs.mata;0.21;0.0914094;0.009148900000000001; 0.0681292000; True; 0.0799241000; 0.2205851000;1.01;0.0506259;0.0090885; 0.0799973000; True; 0.0918190000; 0.1977382000;1.79;0.066450852;0.173879173; 0.039960784; true; 0.220116713; 0.432649407
/home/experiments/nfa-bench/benchmarks/automata_inclusion/true-T117-lhs.mata,/home/experiments/nfa-bench/benchmarks/automata_inclusion/true-T117-rhs.mata;0.13;0.0514906;0.006222; 0.0415840000; True; 0.0496007000; 0.1287288000;0.97;0.0458215;0.0087565; 0.0772402000; True; 0.0884656000; 0.1910041000;1.76;0.06015737;0.154648401; 0.042949733; true; 0.205333195; 0.410982524
/home/experiments/nfa-bench/benchmarks/automata_inclusion/true-T119-lhs.mata,/home/experiments/nfa-bench/benchmarks/automata_inclusion/true-T119-rhs.mata;0.19;0.0719427;0.008433999999999999; 0.0624485000; True; 0.0731663000; 0.1868779000;0.96;0.0481619;0.0093722; 0.0892720000; True; 0.1011332000; 0.2022315000;1.82;0.09053075499999999;0.187182607; 0.039551134; true; 0.25426187; 0.493484076
/home/experiments/nfa-bench/benchmarks/automata_inclusion/true-T135-lhs.mata,/home/experiments/nfa-bench/benchmarks/automata_inclusion/true-T135-rhs.mata;0.16;0.0593901;0.008651500000000001; 0.0420749000; True; 0.0532480000; 0.1565839000;0.99;0.039561799999999994;0.0059754000000000005; 0.0312264000; True; 0.0391279000; 0.1305110000;1.55;0.072814117;0.118504096; 0.037788676; true; 0.163006183; 0.364661204
/home/experiments/nfa-bench/benchmarks/automata_inclusion/true-T136-lhs.mata,/home/experiments/nfa-bench/benchmarks/automata_inclusion/true-T136-rhs.mata;0.16;0.0566703;0.0084321; 0.0423119000; True; 0.0532078000; 0.1504635000;0.87;0.0390083;0.008500500000000001; 0.0447928000; True; 0.0555919000; 0.1469284000;1.46;0.039346818;0.128138219; 0.06518612; true; 0.199589404; 0.364712515
/home/experiments/nfa-bench/benchmarks/automata_inclusion/true-T137-lhs.mata,/home/experiments/nfa-bench/benchmarks/automata_inclusion/true-T137-rhs.mata;0.18;0.0618972;0.0087096; 0.0442622000; True; 0.0552709000; 0.1635622000;0.93;0.0488575;0.0168608; 0.0618287000; True; 0.0810283000; 0.1896817000;1.64;0.054537184;0.14398913800000002; 0.048878265; true; 0.199446833; 0.398551842
/home/experiments/nfa-bench/benchmarks/automata_inclusion/true-T138-lhs.mata,/home/experiments/nfa-bench/benchmarks/automata_inclusion/true-T138-rhs.mata;0.14;0.057168399999999994;0.0056201; 0.0287720000; True; 0.0361809000; 0.1359133000;0.83;0.028668799999999998;0.0057594000000000005; 0.0299824000; True; 0.0375534000; 0.0989419000;1.56;0.044323880999999996;0.117093413; 0.047968773; true; 0.171288365; 0.336519114
/home/experiments/nfa-bench/benchmarks/automata_inclusion/true-T139-lhs.mata,/home/experiments/nfa-bench/benchmarks/automata_inclusion/true-T139-rhs.mata;0.16;0.059467400000000004;0.008062300000000001; 0.0421299000; True; 0.0524051000; 0.1548053000;0.94;0.0438311;0.0089935; 0.0552583000; True; 0.0666737000; 0.1636966000;1.63;0.0517554;0.149099485; 0.057827582; true; 0.218331507; 0.408894272
/home/experiments/nfa-bench/benchmarks/automata_inclusion/true-T14-lhs.mata,/home/experiments/nfa-bench/benchmarks/automata_inclusion/true-T14-rhs.mata;0.17;0.061617599999999995;0.0088445; 0.0453273000; True; 0.0564381000; 0.1617263000;0.89;0.041396600000000006;0.008048; 0.0437704000; True; 0.0541157000; 0.1476299000;1.57;0.059511589000000004;0.131973903; 0.046640344; true; 0.185813877; 0.37134744
/home/experiments/nfa-bench/benchmarks/automata_inclusion/true-T15-lhs.mata,/home/experiments/nfa-bench/benchmarks/automata_inclusion/true-T15-rhs.mata;0.16;0.060835799999999995;0.0082162; 0.0468102000; True; 0.0575685000; 0.1604159000;0.89;0.0407514;0.0086803; 0.0507673000; True; 0.0618586000; 0.1531264000;1.63;0.059194701;0.141161699; 0.037241577; true; 0.192934361; 0.40135194
/home/experiments/nfa-bench/benchmarks/automata_inclusion/true-T16-lhs.mata,/home/experiments/nfa-bench/benchmarks/automata_inclusion/true-T16-rhs.mata;0.15;0.0619531;0.009216799999999999; 0.0467218000; True; 0.0586525000; 0.1573745000;0.9;0.0519962;0.0092851; 0.0567326000; True; 0.0687029000; 0.1761762000;1.53;0.049708647;0.159633944; 0.043357866; true; 0.209351592; 0.394984383
/home/experiments/nfa-bench/benchmarks/automata_inclusion/true-T18-lhs.mata,/home/experiments/nfa-bench/benchmarks/automata_inclusion/true-T18-rhs.mata;0.16;0.0597646;0.0066863; 0.0381372000; True; 0.0469492000; 0.1509519000;0.92;0.040404199999999994;0.0083485; 0.0508741000; True; 0.0617510000; 0.1535302000;1.62;0.099075723;0.141348543; 0.051731862; true; 0.199773401; 0.451404191
/home/experiments/nfa-bench/benchmarks/automata_inclusion/true-T21-lhs.mata,/home/experiments/nfa-bench/benchmarks/automata_inclusion/true-T21-rhs.mata;1.42;0.4380157;0.015219700000000001; 0.8419644000; True; 0.8599722000; 1.3334048000;2.51;0.13249249999999999;0.0111329; 0.7600183000; True; 0.7735569000; 0.9637085000;6.14;0.23669816100000002;0.75512917; 0.103387084; true; 0.875403394; 1.537376118
/home/experiments/nfa-bench/benchmarks/automata_inclusion/true-T214-lhs.mata,/home/experiments/nfa-bench/benchmarks/automata_inclusion/true-T214-rhs.mata;0.44;0.26982670000000003;0.0118996; 0.1698387000; True; 0.1844639000; 0.4992584000;1.44;0.129144;0.0136825; 0.2862700000; True; 0.3027894000; 0.5078192000;4.44;0.163888202;0.688805408; 0.087794848; true; 0.79898973; 1.253754692
/home/experiments/nfa-bench/benchmarks/automata_inclusion/true-T216-lhs.mata,/home/experiments/nfa-bench/benchmarks/automata_inclusion/true-T216-rhs.mata;0.48;0.28330439999999996;0.0115823; 0.1542584000; True; 0.1774683000; 0.5009069000;1.86;0.1313797;0.0130171; 0.2056933000; True; 0.2263211000; 0.4343269000;5.33;0.361333129;0.712166618; 0.090852994; true; 0.819425608; 1.527437016
/home/experiments/nfa-bench/benchmarks/automata_inclusion/true-T218-lhs.mata,/home/experiments/nfa-bench/benchmarks/automata_inclusion/true-T218-rhs.mata;0.53;0.31536030000000004;0.0119578; 0.2082228000; True; 0.2233295000; 0.5811941000;1.78;0.1435689;0.0134144; 0.2148422000; True; 0.2307896000; 0.4575002000;5.16;0.284223741;0.535189147; 0.097711028; true; 0.65117642; 1.300657963
/home/experiments/nfa-bench/benchmarks/automata_inclusion/true-T22-lhs.mata,/home/experiments/nfa-bench/benchmarks/automata_inclusion/true-T22-rhs.mata;1.13;0.3083123;0.0096604; 0.7375991000; True; 0.7490129000; 1.0841870000;2.55;0.1272101;0.0101981; 0.5081135000; True; 0.5202888000; 0.7056985000;6.37;0.26505957999999996;0.656629797; 0.117469618; true; 0.781597968; 1.55998157
/home/experiments/nfa-bench/benchmarks/automata_inclusion/true-T220-lhs.mata,/home/experiments/nfa-bench/benchmarks/automata_inclusion/true-T220-rhs.mata;0.52;0.2704614;0.0117751; 0.1759474000; True; 0.1904534000; 0.5019773000;1.82;0.1389608;0.0127314; 0.2396989000; True; 0.2552138000; 0.4752255000;4.64;0.228285572;0.504794907; 0.070560403; true; 0.582666266; 1.185374747
/home/experiments/nfa-bench/benchmarks/automata_inclusion/true-T221-lhs.mata,/home/experiments/nfa-bench/benchmarks/automata_inclusion/true-T221-rhs.mata;0.53;0.2772422;0.0143211; 0.2079771000; True; 0.2266810000; 0.5479898000;1.83;0.1915186;0.013718800000000001; 0.2298861000; True; 0.2463981000; 0.5434672000;4.75;0.28142917500000003;0.560407688; 0.083959106; true; 0.652222371; 1.256965989
/home/experiments/nfa-bench/benchmarks/automata_inclusion/true-T222-lhs.mata,/home/experiments/nfa-bench/benchmarks/automata_inclusion/true-T222-rhs.mata;0.45;0.2688096;0.0114114; 0.1318024000; True; 0.1459023000; 0.4584198000;1.85;0.1461655;0.0126807; 0.2113327000; True; 0.2265097000; 0.4488280000;5.23;0.26534050200000003;0.5986159870000001; 0.098789326; true; 0.704852426; 1.316179866
/home/experiments/nfa-bench/benchmarks/automata_inclusion/true-T223-lhs.mata,/home/experiments/nfa-bench/benchmarks/automata_inclusion/true-T223-rhs.mata;0.56;0.2757774;0.011075900000000001; 0.1981857000; True; 0.2116056000; 0.5292964000;1.71;0.1191374;0.013367500000000001; 0.2137183000; True; 0.2296897000; 0.4472931000;5.37;0.17975359;0.589900367; 0.169295641; true; 0.787905266; 1.293489433
/home/experiments/nfa-bench/benchmarks/automata_inclusion/true-T225-lhs.mata,/home/experiments/nfa-bench/benchmarks/automata_inclusion/true-T225-rhs.mata;0.54;0.3333295;0.0143935; 0.2783327000; True; 0.2959251000; 0.6676450000;1.89;0.1513172;0.0137348; 0.2225192000; True; 0.2391356000; 0.4680982000;4.88;0.241885494;0.540223549; 0.148774643; true; 0.698933427; 1.246065772
/home/experiments/nfa-bench/benchmarks/automata_inclusion/true-T226-lhs.mata,/home/experiments/nfa-bench/benchmarks/automata_inclusion/true-T226-rhs.mata;0.54;0.2760426;0.0121939; 0.1972184000; True; 0.2123057000; 0.5331337000;1.66;0.0893208;0.008386600000000001; 0.1331817000; True; 0.1436445000; 0.2818306000;5.02;0.227337548;0.5703460300000001; 0.120111756; true; 0.709807234; 1.219663578
/home/experiments/nfa-bench/benchmarks/automata_inclusion/true-T227-lhs.mata,/home/experiments/nfa-bench/benchmarks/automata_inclusion/true-T227-rhs.mata;0.55;0.2919133;0.0125455; 0.1736960000; True; 0.1890101000; 0.5218097000;1.78;0.111388;0.0080834; 0.2017431000; True; 0.2115685000; 0.3936556000;4.83;0.20799606;0.688142663; 0.075012058; true; 0.770144084; 1.29545595
/home/experiments/nfa-bench/benchmarks/automata_inclusion/true-T228-lhs.mata,/home/experiments/nfa-bench/benchmarks/automata_inclusion/true-T228-rhs.mata;0.55;0.3723924;0.0188523; 0.3175053000; True; 0.3396285000; 0.7627388000;1.4;0.08492140000000001;0.0083864; 0.1211396000; True; 0.1314728000; 0.3325881000;5.12;0.299540066;0.594940445; 0.100344414; true; 0.716489536; 1.311703894
/home/experiments/nfa-bench/benchmarks/automata_inclusion/true-T229-lhs.mata,/home/experiments/nfa-bench/benchmarks/automata_inclusion/true-T229-rhs.mata;0.31;0.1608375;0.008395900000000001; 0.1178139000; True; 0.1281505000; 0.3169469000;1.58;0.149151;0.0136848; 0.2032694000; True; 0.2198134000; 0.4702607000;5.15;0.361571174;0.625635287; 0.087935304; true; 0.72085505; 1.547394318
/home/experiments/nfa-bench/benchmarks/automata_inclusion/true-T230-lhs.mata,/home/experiments/nfa-bench/benchmarks/automata_inclusion/true-T230-rhs.mata;0.57;0.37333360000000004;0.0131395; 0.2236039000; True; 0.2449636000; 0.6725078000;1.88;0.1503401;0.0132125; 0.2216679000; True; 0.2375312000; 0.4706371000;4.7;0.22714341400000002;0.477783581; 0.081212627; true; 0.565851654; 1.063096944
