name;automata-runtime;automata-construction;automata-trim;mata-runtime;mata-mataparsing;mata-mataminterm;mata-old-runtime;mata-old-mataparsing;mata-old-mataminterm;vata-runtime;vata-mataparsing;vata-mataminterm;vata-construction;awali-runtime;awali-mataparsing;awali-mataminterm;awali-construction;mona-runtime;mona-mataparsing;mona-mataminterm;pymata-runtime;pyfado-runtime;pyautomata-lib-runtime;java-automatalib-runtime;java-brics-runtime;java-brics-construction
/home/experiments/nfa-bench/benchmarks/bool_comb/cox/diff_sat-50-lhs.mata,/home/experiments/nfa-bench/benchmarks/bool_comb/cox/diff_sat-50-rhs.mata;TO;0.058005;0.0084961;ERR;ERR;ERR;TO; 0.018331; 0.011858;TO; 0.019022; 0.012365;0.0012980000000000001;TO; 0.01942; 0.01808;0.000435;ERR;ERR;ERR;TO;TO;TO;TO;TO;0.048540397
/home/experiments/nfa-bench/benchmarks/bool_comb/cox/diff_sat-100-lhs.mata,/home/experiments/nfa-bench/benchmarks/bool_comb/cox/diff_sat-100-rhs.mata;TO;0.115079;0.008563;TO; 0.053901; 0.019893;TO; 0.053035; 0.01558;TO; 0.028548; 0.010648;0.0016350000000000002;TO; 0.053934; 0.016363;0.000517;ERR;ERR;ERR;TO;TO;TO;TO;TO;0.058675713000000004
/home/experiments/nfa-bench/benchmarks/bool_comb/cox/diff_sat-1000-lhs.mata,/home/experiments/nfa-bench/benchmarks/bool_comb/cox/diff_sat-1000-rhs.mata;TO;0.277458;0.0092093;TO; 0.42175; 0.141604;TO; 0.527455; 0.118856;TO; 0.497379; 0.14273;0.037694000000000005;TO; 0.521162; 0.129384;0.007018;TO; 0.442533; 0.142735;TO;TO;TO;TO;TO;0.165333546
/home/experiments/nfa-bench/benchmarks/bool_comb/cox/diff_sat-150-lhs.mata,/home/experiments/nfa-bench/benchmarks/bool_comb/cox/diff_sat-150-rhs.mata;TO;0.1020228;0.0092757;TO; 0.077395; 0.027749;TO; 0.077067; 0.023809;TO; 0.079199; 0.024418;0.004106;TO; 0.078361; 0.023197;0.000834;ERR;ERR;ERR;TO;TO;TO;TO;TO;0.084495104
/home/experiments/nfa-bench/benchmarks/bool_comb/cox/diff_sat-200-lhs.mata,/home/experiments/nfa-bench/benchmarks/bool_comb/cox/diff_sat-200-rhs.mata;TO;0.0955597;0.011871699999999999;TO; 0.104126; 0.033298;ERR;ERR;ERR;TO; 0.104467; 0.030735;0.006198;TO; 0.103317; 0.029394;0.001006;ERR;ERR;ERR;TO;TO;TO;TO;TO;0.055942257
/home/experiments/nfa-bench/benchmarks/bool_comb/cox/diff_sat-250-lhs.mata,/home/experiments/nfa-bench/benchmarks/bool_comb/cox/diff_sat-250-rhs.mata;TO;0.0995992;0.0216785;TO; 0.111878; 0.032551;TO; 0.124927; 0.034349;TO; 0.127225; 0.03752;0.007928000000000001;TO; 0.117776; 0.033558;0.001209;ERR;ERR;ERR;TO;TO;TO;TO;TO;0.10101644800000001
/home/experiments/nfa-bench/benchmarks/bool_comb/cox/diff_sat-300-lhs.mata,/home/experiments/nfa-bench/benchmarks/bool_comb/cox/diff_sat-300-rhs.mata;TO;0.1239795;0.0105848;TO; 0.144187; 0.041864;TO; 0.105033; 0.033238;TO; 0.13918; 0.04413;0.009160999999999999;TO; 0.15717; 0.046226;0.001523;ERR;ERR;ERR;TO;TO;TO;TO;TO;0.128884016
/home/experiments/nfa-bench/benchmarks/bool_comb/cox/diff_sat-350-lhs.mata,/home/experiments/nfa-bench/benchmarks/bool_comb/cox/diff_sat-350-rhs.mata;TO;0.12139330000000001;0.008639200000000001;TO; 0.171609; 0.051293;TO; 0.178446; 0.048915;TO; 0.131998; 0.032538;0.007039;TO; 0.183063; 0.049509;0.002058;ERR;ERR;ERR;ERR;TO;TO;TO;TO;0.11316968499999999
/home/experiments/nfa-bench/benchmarks/bool_comb/cox/diff_sat-400-lhs.mata,/home/experiments/nfa-bench/benchmarks/bool_comb/cox/diff_sat-400-rhs.mata;TO;0.2002067;0.010597500000000001;TO; 0.222022; 0.062078;TO; 0.213189; 0.056421;TO; 0.201584; 0.053087;0.012156;TO; 0.152584; 0.052058;0.002017;TO; 0.209138; 0.063465;ERR;TO;TO;TO;TO;0.050793104000000006
/home/experiments/nfa-bench/benchmarks/bool_comb/cox/diff_sat-450-lhs.mata,/home/experiments/nfa-bench/benchmarks/bool_comb/cox/diff_sat-450-rhs.mata;TO;0.151364;0.0112923;TO; 0.23769; 0.067783;TO; 0.227086; 0.058462;TO; 0.195134; 0.045075;0.012498;TO; 0.216425; 0.054847;0.002548;TO; 0.237547; 0.06771;ERR;TO;TO;TO;TO;0.07705643200000001
/home/experiments/nfa-bench/benchmarks/bool_comb/cox/diff_sat-500-lhs.mata,/home/experiments/nfa-bench/benchmarks/bool_comb/cox/diff_sat-500-rhs.mata;TO;0.22521780000000002;0.0068688;TO; 0.278817; 0.083001;TO; 0.252036; 0.063538;TO; 0.239341; 0.071419;0.016255;TO; 0.262736; 0.067524;0.002676;TO; 0.258274; 0.074842;TO;TO;TO;TO;TO;0.106832176
/home/experiments/nfa-bench/benchmarks/bool_comb/cox/diff_sat-550-lhs.mata,/home/experiments/nfa-bench/benchmarks/bool_comb/cox/diff_sat-550-rhs.mata;TO;0.1279991;0.0106432;TO; 0.309555; 0.07997;TO; 0.297613; 0.080103;TO; 0.292349; 0.076723;0.019612;TO; 0.283586; 0.080185;0.002895;TO; 0.260136; 0.074827;TO;TO;TO;TO;TO;0.088098175
/home/experiments/nfa-bench/benchmarks/bool_comb/cox/diff_sat-600-lhs.mata,/home/experiments/nfa-bench/benchmarks/bool_comb/cox/diff_sat-600-rhs.mata;TO;0.19614369999999998;0.0106286;TO; 0.341561; 0.092669;TO; 0.293478; 0.095404;TO; 0.304475; 0.079637;0.018285999999999997;TO; 0.294028; 0.077035;0.003324;TO; 0.30287; 0.076637;TO;TO;TO;TO;TO;0.185033423
/home/experiments/nfa-bench/benchmarks/bool_comb/cox/diff_sat-650-lhs.mata,/home/experiments/nfa-bench/benchmarks/bool_comb/cox/diff_sat-650-rhs.mata;TO;0.2995489;0.0114059;TO; 0.361744; 0.107921;TO; 0.310595; 0.073438;TO; 0.324591; 0.088944;0.022095999999999998;TO; 0.332464; 0.098328;0.003423;TO; 0.271092; 0.069351;TO;TO;TO;TO;TO;0.128639842
/home/experiments/nfa-bench/benchmarks/bool_comb/cox/diff_sat-700-lhs.mata,/home/experiments/nfa-bench/benchmarks/bool_comb/cox/diff_sat-700-rhs.mata;TO;0.2968067;0.0087341;TO; 0.399048; 0.104298;TO; 0.360105; 0.094255;TO; 0.331276; 0.084127;0.023764;TO; 0.353259; 0.096365;0.003394;TO; 0.35926; 0.100097;TO;TO;TO;TO;TO;0.093660592
/home/experiments/nfa-bench/benchmarks/bool_comb/cox/diff_sat-750-lhs.mata,/home/experiments/nfa-bench/benchmarks/bool_comb/cox/diff_sat-750-rhs.mata;TO;0.2242722;0.0121624;TO; 0.416395; 0.129581;TO; 0.381849; 0.095209;TO; 0.369739; 0.116799;0.027443000000000002;TO; 0.38587; 0.104733;0.004189;TO; 0.417347; 0.118649;TO;TO;TO;TO;TO;0.16216274
/home/experiments/nfa-bench/benchmarks/bool_comb/cox/diff_sat-800-lhs.mata,/home/experiments/nfa-bench/benchmarks/bool_comb/cox/diff_sat-800-rhs.mata;TO;0.26538419999999996;0.011637;TO; 0.397538; 0.140527;TO; 0.369092; 0.114039;TO; 0.420972; 0.110689;0.031529;TO; 0.42705; 0.122615;0.003791;TO; 0.380687; 0.118879;TO;TO;TO;TO;TO;0.152961292
/home/experiments/nfa-bench/benchmarks/bool_comb/cox/diff_sat-850-lhs.mata,/home/experiments/nfa-bench/benchmarks/bool_comb/cox/diff_sat-850-rhs.mata;TO;0.2526387;0.011575;TO; 0.425292; 0.11051;TO; 0.44461; 0.105445;TO; 0.466266; 0.119992;0.032293;TO; 0.35737; 0.108568;0.004873000000000001;TO; 0.378349; 0.101607;TO;TO;TO;TO;TO;0.13899861200000002
/home/experiments/nfa-bench/benchmarks/bool_comb/cox/diff_sat-900-lhs.mata,/home/experiments/nfa-bench/benchmarks/bool_comb/cox/diff_sat-900-rhs.mata;TO;0.2109443;0.0426395;TO; 0.496777; 0.13386;TO; 0.309932; 0.102044;TO; 0.464091; 0.1208;0.036582;TO; 0.458376; 0.122033;0.004855999999999999;TO; 0.277076; 0.091152;TO;TO;TO;TO;TO;0.146907078
/home/experiments/nfa-bench/benchmarks/bool_comb/cox/diff_sat-950-lhs.mata,/home/experiments/nfa-bench/benchmarks/bool_comb/cox/diff_sat-950-rhs.mata;TO;0.25909139999999997;0.0099797;TO; 0.454322; 0.13634;TO; 0.467265; 0.115601;TO; 0.41261; 0.108354;0.029193999999999998;TO; 0.419426; 0.110944;0.0038130000000000004;TO;MISSING;MISSING;TO;TO;TO;TO;TO;0.179236118
/home/experiments/nfa-bench/benchmarks/bool_comb/cox/diff_unsat-100-lhs.mata,/home/experiments/nfa-bench/benchmarks/bool_comb/cox/diff_unsat-100-rhs.mata;TO;0.0822261;0.009156000000000001;TO; 0.05215; 0.01654;TO; 0.047005; 0.015731;TO; 0.048203; 0.016567;0.0029560000000000003;TO; 0.055174; 0.017303;0.000543;ERR;ERR;ERR;TO;TO;TO;TO;TO;0.042977202
/home/experiments/nfa-bench/benchmarks/bool_comb/cox/diff_unsat-1000-lhs.mata,/home/experiments/nfa-bench/benchmarks/bool_comb/cox/diff_unsat-1000-rhs.mata;TO;0.33033840000000003;0.0073149;TO; 0.523595; 0.13115;TO; 0.52221; 0.137;TO; 0.497404; 0.132126;0.039474999999999996;TO; 0.491908; 0.128804;0.005308;TO; 0.468924; 0.124726;TO;TO;TO;TO;TO;0.15185718199999998
/home/experiments/nfa-bench/benchmarks/bool_comb/cox/diff_unsat-150-lhs.mata,/home/experiments/nfa-bench/benchmarks/bool_comb/cox/diff_unsat-150-rhs.mata;TO;0.0874564;0.008915099999999999;TO; 0.044883; 0.016879;TO; 0.082768; 0.024864;TO; 0.083734; 0.025774;0.004815;TO; 0.075741; 0.021003;0.000713;ERR;ERR;ERR;TO;TO;TO;TO;TO;0.06369485999999999
/home/experiments/nfa-bench/benchmarks/bool_comb/cox/diff_unsat-200-lhs.mata,/home/experiments/nfa-bench/benchmarks/bool_comb/cox/diff_unsat-200-rhs.mata;TO;0.14871790000000001;0.010867700000000001;TO; 0.10686; 0.031229;TO; 0.106678; 0.028972;TO; 0.111779; 0.024671;0.005648;TO; 0.09944; 0.027167;0.001084;ERR;ERR;ERR;TO;TO;TO;TO;TO;0.082660611
/home/experiments/nfa-bench/benchmarks/bool_comb/cox/diff_unsat-250-lhs.mata,/home/experiments/nfa-bench/benchmarks/bool_comb/cox/diff_unsat-250-rhs.mata;TO;0.1111702;0.009899600000000001;TO; 0.129816; 0.039462;TO; 0.077834; 0.024975;TO; 0.079878; 0.025829;0.003954;TO; 0.133058; 0.037441;0.0011649999999999998;ERR;ERR;ERR;TO;TO;TO;TO;TO;0.047897612
/home/experiments/nfa-bench/benchmarks/bool_comb/cox/diff_unsat-300-lhs.mata,/home/experiments/nfa-bench/benchmarks/bool_comb/cox/diff_unsat-300-rhs.mata;TO;0.0749935;0.0070568;TO; 0.130237; 0.0388;TO; 0.150927; 0.041788;TO; 0.151816; 0.043257;0.009647;TO; 0.145044; 0.040131;0.001411;TO; 0.154089; 0.044058;TO;TO;TO;TO;TO;0.065916416
/home/experiments/nfa-bench/benchmarks/bool_comb/cox/diff_unsat-350-lhs.mata,/home/experiments/nfa-bench/benchmarks/bool_comb/cox/diff_unsat-350-rhs.mata;TO;0.17245900000000003;0.009857600000000001;TO; 0.173798; 0.048517;TO; 0.180163; 0.04679;TO; 0.181982; 0.047517;0.01105;TO; 0.163263; 0.046451;0.001739;TO; 0.104919; 0.0343;TO;TO;TO;TO;TO;0.061033860999999995
/home/experiments/nfa-bench/benchmarks/bool_comb/cox/diff_unsat-400-lhs.mata,/home/experiments/nfa-bench/benchmarks/bool_comb/cox/diff_unsat-400-rhs.mata;TO;0.2164084;0.0101179;TO; 0.228036; 0.061323;TO; 0.172707; 0.052913;TO; 0.214687; 0.05562;0.012431999999999999;TO; 0.224223; 0.054832;0.002395;TO; 0.210067; 0.060333;TO;TO;TO;TO;TO;0.067293753
/home/experiments/nfa-bench/benchmarks/bool_comb/cox/diff_unsat-450-lhs.mata,/home/experiments/nfa-bench/benchmarks/bool_comb/cox/diff_unsat-450-rhs.mata;TO;0.23418429999999998;0.0101352;TO; 0.252751; 0.063173;TO; 0.224171; 0.057533;TO; 0.253956; 0.062288;0.015304;TO; 0.235261; 0.058569;0.002248;TO; 0.158055; 0.046616;TO;TO;TO;TO;TO;0.08309006899999999
/home/experiments/nfa-bench/benchmarks/bool_comb/cox/diff_unsat-50-lhs.mata,/home/experiments/nfa-bench/benchmarks/bool_comb/cox/diff_unsat-50-rhs.mata;TO;0.0620715;0.0088168;ERR;ERR;ERR;TO; 0.022482; 0.009375;TO; 0.02709; 0.010933;0.001428;TO; 0.02496; 0.01003;0.00026;ERR;ERR;ERR;TO;TO;TO;TO;TO;0.028843546999999997
/home/experiments/nfa-bench/benchmarks/bool_comb/cox/diff_unsat-500-lhs.mata,/home/experiments/nfa-bench/benchmarks/bool_comb/cox/diff_unsat-500-rhs.mata;TO;0.1692022;0.011204500000000001;TO; 0.268301; 0.07405;TO; 0.242982; 0.068613;TO; 0.27449; 0.066259;0.01696;TO; 0.176788; 0.057392;0.002371;TO; 0.237336; 0.06164;TO;TO;TO;TO;TO;0.095839803
/home/experiments/nfa-bench/benchmarks/bool_comb/cox/diff_unsat-550-lhs.mata,/home/experiments/nfa-bench/benchmarks/bool_comb/cox/diff_unsat-550-rhs.mata;TO;0.2448632;0.0190127;TO; 0.290732; 0.079145;TO; 0.212691; 0.062036;TO; 0.299514; 0.074074;0.020197;TO; 0.268554; 0.067882;0.002855;TO; 0.263112; 0.076274;TO;TO;TO;TO;TO;0.123835163
/home/experiments/nfa-bench/benchmarks/bool_comb/cox/diff_unsat-600-lhs.mata,/home/experiments/nfa-bench/benchmarks/bool_comb/cox/diff_unsat-600-rhs.mata;TO;0.1734028;0.009558800000000001;TO; 0.310571; 0.081561;TO; 0.307172; 0.077304;TO; 0.284916; 0.074954;0.019058;TO; 0.29473; 0.076415;0.0029119999999999997;TO; 0.288301; 0.080073;TO;TO;TO;TO;TO;0.094332364
/home/experiments/nfa-bench/benchmarks/bool_comb/cox/diff_unsat-650-lhs.mata,/home/experiments/nfa-bench/benchmarks/bool_comb/cox/diff_unsat-650-rhs.mata;TO;0.3315866;0.0118084;TO; 0.287205; 0.061339;TO; 0.333503; 0.078485;TO; 0.332876; 0.083591;0.022653;TO; 0.338326; 0.09456;0.00314;TO; 0.377429; 0.10944;TO;TO;TO;TO;TO;0.11523075299999999
/home/experiments/nfa-bench/benchmarks/bool_comb/cox/diff_unsat-700-lhs.mata,/home/experiments/nfa-bench/benchmarks/bool_comb/cox/diff_unsat-700-rhs.mata;TO;0.1857817;0.0097666;TO; 0.366364; 0.095165;TO; 0.370995; 0.095078;TO; 0.340488; 0.089431;0.02514;TO; 0.324901; 0.084343;0.003463;TO; 0.383967; 0.098583;TO;TO;TO;TO;TO;0.20255019000000002
/home/experiments/nfa-bench/benchmarks/bool_comb/cox/diff_unsat-750-lhs.mata,/home/experiments/nfa-bench/benchmarks/bool_comb/cox/diff_unsat-750-rhs.mata;TO;0.3159319;0.0170365;TO; 0.408031; 0.114646;TO; 0.389053; 0.093046;TO; 0.369428; 0.104086;0.028755000000000003;TO; 0.360032; 0.09173;0.0036509999999999997;TO; 0.220331; 0.066579;TO;TO;TO;TO;TO;0.125157548
/home/experiments/nfa-bench/benchmarks/bool_comb/cox/diff_unsat-800-lhs.mata,/home/experiments/nfa-bench/benchmarks/bool_comb/cox/diff_unsat-800-rhs.mata;TO;0.33180750000000003;0.0127285;TO; 0.402787; 0.107786;TO; 0.382607; 0.092444;TO; 0.38583; 0.099367;0.027757;TO; 0.376197; 0.093594;0.003919000000000001;TO; 0.412476; 0.124454;TO;TO;TO;TO;TO;0.10674731900000001
/home/experiments/nfa-bench/benchmarks/bool_comb/cox/diff_unsat-850-lhs.mata,/home/experiments/nfa-bench/benchmarks/bool_comb/cox/diff_unsat-850-rhs.mata;TO;0.25267470000000003;0.011352000000000001;TO; 0.346258; 0.11506;TO; 0.458095; 0.123698;TO; 0.450867; 0.170095;0.030305;TO; 0.46864; 0.11533;0.004254;TO; 0.412522; 0.114116;TO;TO;TO;TO;TO;0.09702060400000001
/home/experiments/nfa-bench/benchmarks/bool_comb/cox/diff_unsat-900-lhs.mata,/home/experiments/nfa-bench/benchmarks/bool_comb/cox/diff_unsat-900-rhs.mata;TO;0.2775978;0.0118252;TO; 0.464669; 0.124319;TO; 0.418771; 0.129154;TO; 0.476718; 0.122081;0.036106;TO; 0.266652; 0.076469;0.002884;TO; 0.490526; 0.154998;TO;TO;TO;TO;TO;0.105951729
/home/experiments/nfa-bench/benchmarks/bool_comb/cox/diff_unsat-950-lhs.mata,/home/experiments/nfa-bench/benchmarks/bool_comb/cox/diff_unsat-950-rhs.mata;TO;0.2457581;0.0122229;TO; 0.513471; 0.123794;TO; 0.457924; 0.122537;TO; 0.482756; 0.135234;0.040008;TO; 0.47354; 0.128132;0.005513;TO; 0.380668; 0.10788;TO;TO;TO;TO;TO;0.141332655
/home/experiments/nfa-bench/benchmarks/bool_comb/cox/inter_sat-100-lhs.mata,/home/experiments/nfa-bench/benchmarks/bool_comb/cox/inter_sat-100-rhs.mata;TO;0.08519639999999999;0.010557200000000001;TO; 0.054239; 0.017573;TO; 0.053022; 0.017821;TO; 0.052005; 0.016196;0.002779;TO; 0.05181; 0.01512;0.000507;ERR;ERR;ERR;TO;TO;TO;TO;TO;0.07754507699999999
/home/experiments/nfa-bench/benchmarks/bool_comb/cox/inter_sat-1000-lhs.mata,/home/experiments/nfa-bench/benchmarks/bool_comb/cox/inter_sat-1000-rhs.mata;TO;0.400551;0.0105941;ERR;ERR;ERR;TO; 0.49563; 0.122965;TO; 0.516771; 0.136944;0.037129999999999996;TO; 0.476954; 0.115114;0.005207;TO; 0.661431; 0.146541;TO;TO;TO;TO;TO;0.17835451600000002
/home/experiments/nfa-bench/benchmarks/bool_comb/cox/inter_sat-150-lhs.mata,/home/experiments/nfa-bench/benchmarks/bool_comb/cox/inter_sat-150-rhs.mata;TO;0.1235684;0.008684200000000001;TO; 0.070912; 0.023713;TO; 0.074387; 0.023171;TO; 0.059749; 0.018783;0.004661;TO; 0.080003; 0.02177;0.0007160000000000001;ERR;ERR;ERR;TO;TO;TO;TO;TO;0.057218331
/home/experiments/nfa-bench/benchmarks/bool_comb/cox/inter_sat-200-lhs.mata,/home/experiments/nfa-bench/benchmarks/bool_comb/cox/inter_sat-200-rhs.mata;TO;0.09519739999999999;0.009698199999999999;TO; 0.09485; 0.030927;TO; 0.10271; 0.02799;TO; 0.106194; 0.029219;0.005764;TO; 0.093056; 0.02997;0.0009159999999999999;ERR;ERR;ERR;TO;TO;TO;TO;TO;0.09245620700000001
/home/experiments/nfa-bench/benchmarks/bool_comb/cox/inter_sat-250-lhs.mata,/home/experiments/nfa-bench/benchmarks/bool_comb/cox/inter_sat-250-rhs.mata;TO;0.18319760000000002;0.0105896;TO; 0.133188; 0.039634;TO; 0.12451; 0.037438;TO; 0.126376; 0.035221;0.007053;TO; 0.124083; 0.034336;0.001181;ERR;ERR;ERR;TO;TO;TO;TO;TO;0.123042698
/home/experiments/nfa-bench/benchmarks/bool_comb/cox/inter_sat-300-lhs.mata,/home/experiments/nfa-bench/benchmarks/bool_comb/cox/inter_sat-300-rhs.mata;TO;0.1599282;0.0100524;TO; 0.156868; 0.050945;TO; 0.1489; 0.040496;TO; 0.154846; 0.044082;0.009372;TO; 0.173702; 0.032697;0.001356;TO; 0.155033; 0.04918;ERR;TO;TO;TO;TO;0.109782739
/home/experiments/nfa-bench/benchmarks/bool_comb/cox/inter_sat-350-lhs.mata,/home/experiments/nfa-bench/benchmarks/bool_comb/cox/inter_sat-350-rhs.mata;TO;0.1580684;0.0119538;TO; 0.165167; 0.059326;TO; 0.183428; 0.049268;TO; 0.178714; 0.046569;0.010833;TO; 0.180386; 0.05089;0.0019359999999999998;TO; 0.197043; 0.06079;TO;TO;TO;TO;TO;0.101036602
/home/experiments/nfa-bench/benchmarks/bool_comb/cox/inter_sat-400-lhs.mata,/home/experiments/nfa-bench/benchmarks/bool_comb/cox/inter_sat-400-rhs.mata;TO;0.1777471;0.0107779;TO; 0.201144; 0.060319;TO; 0.21089; 0.049814;TO; 0.200933; 0.05507;0.011555;TO; 0.179099; 0.051335;0.0020670000000000003;TO; 0.135362; 0.042315;TO;TO;TO;TO;TO;0.19789956
/home/experiments/nfa-bench/benchmarks/bool_comb/cox/inter_sat-450-lhs.mata,/home/experiments/nfa-bench/benchmarks/bool_comb/cox/inter_sat-450-rhs.mata;TO;0.14793489999999998;0.010584;TO; 0.249521; 0.058338;TO; 0.237605; 0.060555;TO; 0.148187; 0.046792;0.009759;TO; 0.226984; 0.055841;0.002332;TO; 0.14009; 0.043955;TO;TO;TO;TO;TO;0.5960483299999999
/home/experiments/nfa-bench/benchmarks/bool_comb/cox/inter_sat-50-lhs.mata,/home/experiments/nfa-bench/benchmarks/bool_comb/cox/inter_sat-50-rhs.mata;TO;0.0732563;0.005956400000000001;TO; 0.022771; 0.010068;TO; 0.02703; 0.011145;TO; 0.025277; 0.01197;0.001299;TO; 0.02285; 0.01086;0.000246;ERR;ERR;ERR;TO;TO;TO;TO;TO;0.048571338000000006
/home/experiments/nfa-bench/benchmarks/bool_comb/cox/inter_sat-500-lhs.mata,/home/experiments/nfa-bench/benchmarks/bool_comb/cox/inter_sat-500-rhs.mata;TO;0.21123940000000002;0.0112654;TO; 0.273377; 0.076615;TO; 0.249211; 0.061776;TO; 0.252892; 0.053207;0.015619999999999998;TO; 0.258938; 0.079585;0.002902;TO; 0.270801; 0.07538;ERR;TO;TO;TO;TO;0.089361233
/home/experiments/nfa-bench/benchmarks/bool_comb/cox/inter_sat-550-lhs.mata,/home/experiments/nfa-bench/benchmarks/bool_comb/cox/inter_sat-550-rhs.mata;TO;0.1813192;0.0125509;TO; 0.282577; 0.076741;TO; 0.287112; 0.069154;TO; 0.294071; 0.075678;0.020464;TO; 0.288388; 0.071316;0.002929;TO; 0.261969; 0.083491;TO;TO;TO;TO;TO;0.08942581699999999
/home/experiments/nfa-bench/benchmarks/bool_comb/cox/inter_sat-600-lhs.mata,/home/experiments/nfa-bench/benchmarks/bool_comb/cox/inter_sat-600-rhs.mata;TO;0.1851521;0.019294099999999998;TO; 0.357383; 0.095173;TO; 0.308453; 0.091606;TO; 0.310235; 0.085256;0.019874;TO; 0.313016; 0.083803;0.002993;TO; 0.17247; 0.051162;TO;TO;TO;TO;TO;0.105081319
/home/experiments/nfa-bench/benchmarks/bool_comb/cox/inter_sat-650-lhs.mata,/home/experiments/nfa-bench/benchmarks/bool_comb/cox/inter_sat-650-rhs.mata;TO;0.2068736;0.012435700000000001;TO; 0.32466; 0.085125;TO; 0.337579; 0.089456;TO; 0.339352; 0.089938;0.022305;TO; 0.33602; 0.094305;0.0033309999999999998;TO; 0.224448; 0.067375;TO;TO;TO;TO;TO;0.095900815
/home/experiments/nfa-bench/benchmarks/bool_comb/cox/inter_sat-700-lhs.mata,/home/experiments/nfa-bench/benchmarks/bool_comb/cox/inter_sat-700-rhs.mata;TO;0.2465741;0.0077234;TO; 0.292101; 0.074825;TO; 0.28956; 0.091188;TO; 0.356907; 0.09593;0.023079000000000002;TO; 0.356821; 0.097519;0.003828;TO; 0.203651; 0.061901;TO;TO;TO;TO;TO;0.087167685
/home/experiments/nfa-bench/benchmarks/bool_comb/cox/inter_sat-750-lhs.mata,/home/experiments/nfa-bench/benchmarks/bool_comb/cox/inter_sat-750-rhs.mata;TO;0.2355355;0.0120444;TO; 0.417389; 0.128975;TO; 0.390264; 0.092955;TO; 0.368275; 0.072462;0.01685;TO; 0.37165; 0.105887;0.004173;TO; 0.389781; 0.117387;TO;TO;TO;TO;TO;0.139470967
/home/experiments/nfa-bench/benchmarks/bool_comb/cox/inter_sat-800-lhs.mata,/home/experiments/nfa-bench/benchmarks/bool_comb/cox/inter_sat-800-rhs.mata;TO;0.26051939999999996;0.0230807;TO; 0.41288; 0.121321;TO; 0.403771; 0.093867;TO; 0.421235; 0.115385;0.035236;TO; 0.269539; 0.10098;0.004082;TO; 0.407171; 0.111789;TO;TO;TO;TO;TO;0.123205765
/home/experiments/nfa-bench/benchmarks/bool_comb/cox/inter_sat-850-lhs.mata,/home/experiments/nfa-bench/benchmarks/bool_comb/cox/inter_sat-850-rhs.mata;TO;0.25253919999999996;0.0130241;TO; 0.419172; 0.124435;TO; 0.443628; 0.107437;TO; 0.445769; 0.12539;0.03923;TO; 0.435414; 0.106149;0.0045520000000000005;TO; 0.360599; 0.145597;TO;TO;TO;TO;TO;0.115247744
/home/experiments/nfa-bench/benchmarks/bool_comb/cox/inter_sat-900-lhs.mata,/home/experiments/nfa-bench/benchmarks/bool_comb/cox/inter_sat-900-rhs.mata;TO;0.2509281;0.0126508;TO; 0.503521; 0.138638;TO; 0.473197; 0.115841;TO; 0.372273; 0.11599;0.02903;TO; 0.393292; 0.092233;0.0043289999999999995;TO; 0.264326; 0.083521;TO;TO;TO;TO;TO;0.22353674
/home/experiments/nfa-bench/benchmarks/bool_comb/cox/inter_sat-950-lhs.mata,/home/experiments/nfa-bench/benchmarks/bool_comb/cox/inter_sat-950-rhs.mata;TO;0.2217826;0.0113891;TO; 0.540554; 0.155376;TO; 0.34662; 0.084265;TO; 0.373231; 0.113292;0.028898999999999998;TO; 0.488101; 0.14476;0.005308;TO; 0.292761; 0.095085;TO;TO;TO;TO;TO;0.120179481
/home/experiments/nfa-bench/benchmarks/bool_comb/cox/inter_unsat-100-lhs.mata,/home/experiments/nfa-bench/benchmarks/bool_comb/cox/inter_unsat-100-rhs.mata;TO;0.081632;0.0095108;TO; 0.053754; 0.019987;TO; 0.054018; 0.018434;TO; 0.046259; 0.01506;0.002399;TO; 0.036527; 0.010893;0.000566;ERR;ERR;ERR;TO;TO;TO;TO;TO;0.09413533599999999
/home/experiments/nfa-bench/benchmarks/bool_comb/cox/inter_unsat-1000-lhs.mata,/home/experiments/nfa-bench/benchmarks/bool_comb/cox/inter_unsat-1000-rhs.mata;TO;0.35211190000000003;0.0117956;TO; 0.487825; 0.123488;TO; 0.529325; 0.130675;TO; 0.506249; 0.127459;0.034108;TO; 0.506913; 0.15149;0.00656;TO; 0.483034; 0.136644;TO;TO;TO;TO;TO;0.20555189499999998
/home/experiments/nfa-bench/benchmarks/bool_comb/cox/inter_unsat-150-lhs.mata,/home/experiments/nfa-bench/benchmarks/bool_comb/cox/inter_unsat-150-rhs.mata;TO;0.0937558;0.009963699999999999;TO; 0.069886; 0.021903;TO; 0.077549; 0.022461;TO; 0.076952; 0.02469;0.004762000000000001;TO; 0.072142; 0.02038;0.000723;ERR;ERR;ERR;TO;TO;TO;TO;TO;0.046610135
/home/experiments/nfa-bench/benchmarks/bool_comb/cox/inter_unsat-200-lhs.mata,/home/experiments/nfa-bench/benchmarks/bool_comb/cox/inter_unsat-200-rhs.mata;TO;0.09225259999999999;0.0099214;TO; 0.068261; 0.023399;TO; 0.10229; 0.031802;TO; 0.06609; 0.020813;0.003169;TO; 0.10487; 0.03192;0.001042;ERR;ERR;ERR;TO;TO;TO;TO;TO;0.07011173600000001
/home/experiments/nfa-bench/benchmarks/bool_comb/cox/inter_unsat-250-lhs.mata,/home/experiments/nfa-bench/benchmarks/bool_comb/cox/inter_unsat-250-rhs.mata;TO;0.11656359999999999;0.0106946;TO; 0.126349; 0.03992;TO; 0.126123; 0.025135;TO; 0.127027; 0.034209;0.007561;TO; 0.118962; 0.034909;0.00132;ERR;ERR;ERR;TO;TO;TO;TO;TO;0.057264271
/home/experiments/nfa-bench/benchmarks/bool_comb/cox/inter_unsat-300-lhs.mata,/home/experiments/nfa-bench/benchmarks/bool_comb/cox/inter_unsat-300-rhs.mata;TO;0.1389996;0.0166481;TO; 0.166361; 0.053639;TO; 0.154787; 0.04225;TO; 0.146112; 0.042628;0.008964;TO; 0.14132; 0.040649;0.0014629999999999999;ERR;ERR;ERR;TO;TO;TO;TO;TO;0.137327871
/home/experiments/nfa-bench/benchmarks/bool_comb/cox/inter_unsat-350-lhs.mata,/home/experiments/nfa-bench/benchmarks/bool_comb/cox/inter_unsat-350-rhs.mata;TO;0.1569291;0.0112241;TO; 0.130076; 0.037534;TO; 0.136127; 0.041833;TO; 0.188503; 0.050034;0.012296;TO; 0.177384; 0.049092;0.00199;TO; 0.193423; 0.055858;ERR;TO;TO;TO;TO;0.102857808
/home/experiments/nfa-bench/benchmarks/bool_comb/cox/inter_unsat-400-lhs.mata,/home/experiments/nfa-bench/benchmarks/bool_comb/cox/inter_unsat-400-rhs.mata;TO;0.20674930000000002;0.0105993;TO; 0.184027; 0.05254;TO; 0.200629; 0.049609;TO; 0.206937; 0.049506;0.008386;TO; 0.202013; 0.04799;0.001962;ERR;ERR;ERR;TO;TO;TO;TO;TO;0.095609152
/home/experiments/nfa-bench/benchmarks/bool_comb/cox/inter_unsat-450-lhs.mata,/home/experiments/nfa-bench/benchmarks/bool_comb/cox/inter_unsat-450-rhs.mata;TO;0.1398031;0.0099489;TO; 0.220569; 0.065547;TO; 0.228227; 0.064036;TO; 0.231345; 0.059528;0.016343;TO; 0.130672; 0.037713;0.001448;TO; 0.194603; 0.050943;ERR;TO;TO;TO;TO;0.11505385100000001
/home/experiments/nfa-bench/benchmarks/bool_comb/cox/inter_unsat-50-lhs.mata,/home/experiments/nfa-bench/benchmarks/bool_comb/cox/inter_unsat-50-rhs.mata;TO;0.0602584;0.0115152;TO; 0.026652; 0.011295;ERR;ERR;ERR;TO; 0.026883; 0.011638;0.001702;TO; 0.024727; 0.010241;0.00029;ERR;ERR;ERR;TO;TO;TO;TO;TO;0.027538046
/home/experiments/nfa-bench/benchmarks/bool_comb/cox/inter_unsat-500-lhs.mata,/home/experiments/nfa-bench/benchmarks/bool_comb/cox/inter_unsat-500-rhs.mata;TO;0.1565153;0.0155832;TO; 0.237903; 0.07376;TO; 0.251284; 0.068134;TO; 0.257912; 0.070377;0.017386;TO; 0.244486; 0.060688;0.002476;TO; 0.24792; 0.074745;TO;TO;TO;TO;TO;0.07326427299999999
/home/experiments/nfa-bench/benchmarks/bool_comb/cox/inter_unsat-550-lhs.mata,/home/experiments/nfa-bench/benchmarks/bool_comb/cox/inter_unsat-550-rhs.mata;TO;0.23602019999999999;0.0101972;TO; 0.296974; 0.079659;TO; 0.206077; 0.075275;TO; 0.287172; 0.081761;0.018406;TO; 0.253314; 0.074325;0.003223;TO; 0.161951; 0.051371;TO;TO;TO;TO;TO;0.18130354
/home/experiments/nfa-bench/benchmarks/bool_comb/cox/inter_unsat-600-lhs.mata,/home/experiments/nfa-bench/benchmarks/bool_comb/cox/inter_unsat-600-rhs.mata;TO;0.2410537;0.0185781;TO; 0.305798; 0.086493;TO; 0.233296; 0.086389;TO; 0.315816; 0.083912;0.021279;TO; 0.291097; 0.079791;0.0033220000000000003;TO; 0.181159; 0.057339;TO;TO;TO;TO;TO;0.14826013600000001
/home/experiments/nfa-bench/benchmarks/bool_comb/cox/inter_unsat-650-lhs.mata,/home/experiments/nfa-bench/benchmarks/bool_comb/cox/inter_unsat-650-rhs.mata;TO;0.2035837;0.0114372;TO; 0.354013; 0.097515;TO; 0.32023; 0.088855;TO; 0.331866; 0.087411;0.022426;TO; 0.320492; 0.086853;0.003147;TO; 0.332884; 0.090299;TO;TO;TO;TO;TO;0.182581067
/home/experiments/nfa-bench/benchmarks/bool_comb/cox/inter_unsat-700-lhs.mata,/home/experiments/nfa-bench/benchmarks/bool_comb/cox/inter_unsat-700-rhs.mata;TO;0.23927500000000002;0.0122394;TO; 0.38244; 0.120172;TO; 0.286727; 0.07991;TO; 0.314319; 0.097999;0.027902000000000003;TO; 0.358596; 0.095657;0.004227;TO; 0.355482; 0.117752;TO;TO;TO;TO;TO;0.127644284
/home/experiments/nfa-bench/benchmarks/bool_comb/cox/inter_unsat-750-lhs.mata,/home/experiments/nfa-bench/benchmarks/bool_comb/cox/inter_unsat-750-rhs.mata;TO;0.2853665;0.010131200000000002;TO; 0.407131; 0.118559;TO; 0.37332; 0.096235;TO; 0.378523; 0.102592;0.028457;TO; 0.3895; 0.10259;0.0044069999999999995;TO; 0.390903; 0.112033;TO;TO;TO;TO;TO;0.110245273
/home/experiments/nfa-bench/benchmarks/bool_comb/cox/inter_unsat-800-lhs.mata,/home/experiments/nfa-bench/benchmarks/bool_comb/cox/inter_unsat-800-rhs.mata;TO;0.3364158;0.0115079;TO; 0.441452; 0.128378;TO; 0.398881; 0.106163;TO; 0.380999; 0.107018;0.023504999999999998;TO; 0.42136; 0.118884;0.004143;TO; 0.387968; 0.096536;TO;TO;TO;TO;TO;0.125007414
/home/experiments/nfa-bench/benchmarks/bool_comb/cox/inter_unsat-850-lhs.mata,/home/experiments/nfa-bench/benchmarks/bool_comb/cox/inter_unsat-850-rhs.mata;TO;0.36177519999999996;0.0077658;TO; 0.417054; 0.116957;TO; 0.366219; 0.100468;TO; 0.433538; 0.107929;0.035168000000000005;TO; 0.39037; 0.106588;0.002885;TO;MISSING;MISSING;TO;TO;TO;TO;TO;0.162108147
/home/experiments/nfa-bench/benchmarks/bool_comb/cox/inter_unsat-900-lhs.mata,/home/experiments/nfa-bench/benchmarks/bool_comb/cox/inter_unsat-900-rhs.mata;TO;0.2641517;0.011628000000000001;TO; 0.480933; 0.142618;TO; 0.371451; 0.111035;TO; 0.461343; 0.131929;0.036836;TO; 0.46022; 0.126464;0.004641;TO; 0.365232; 0.107745;TO;TO;TO;TO;TO;0.190248806
/home/experiments/nfa-bench/benchmarks/bool_comb/cox/inter_unsat-950-lhs.mata,/home/experiments/nfa-bench/benchmarks/bool_comb/cox/inter_unsat-950-rhs.mata;TO;0.2613663;0.0091828;TO; 0.473532; 0.128432;TO; 0.492386; 0.122775;TO; 0.482308; 0.123569;0.036216;TO; 0.479719; 0.13673;0.0029779999999999997;TO;MISSING;MISSING;TO;TO;TO;TO;TO;0.23425476899999997
