name;mata-bin-runtime;mata-bin-parsing;mata-bin-mintermization;mata-bin-automata_inclusion_naive;mata-bin-automata_inclusion_antichain;automata-runtime;automata-construction;automata-inclusion_check;automata-inclusion_result;mata-runtime;mata-mataparsing;mata-mataminterm;mata-inclusion_check;mata-inclusion_check_result;vata-runtime;vata-mataparsing;vata-mataminterm;vata-construction;vata-inclusion_check;vata-inclusion_check_result;awali-runtime;awali-mataparsing;awali-mataminterm;awali-construction;awali-inclusion_check;awali-inclusion_check_result;pymata-runtime;pymata-construction;pymata-conversion;pymata-inclusion;pymata-result;pyfado-runtime;pyfado-construction;pyfado-conversion;pyfado-inclusion;pyfado-result;pyautomata-lib-runtime;pyautomata-lib-construction;pyautomata-lib-conversion;pyautomata-lib-inclusion;pyautomata-lib-result;java-automatalib-runtime;java-automatalib-construction;java-automatalib-inclusion_check;java-automatalib-inclusion_result;java-brics-runtime;java-brics-construction;java-brics-inclusion_check;java-brics-inclusion_result
/home/experiments/nfa-bench/benchmarks/automata_inclusion/false-Bakery4pBinEnc-FbOneOne-Nondet-Partial-A-0-lhs.mata,/home/experiments/nfa-bench/benchmarks/automata_inclusion/false-Bakery4pBinEnc-FbOneOne-Nondet-Partial-A-0-rhs.mata;1.0; 0.736525; 0.240617; 0.0648; 0.0024;0.59;0.49036120000000005; 0.1052688000; False;0.66; 0.506111; 0.15107; 0.000995588; false;1.79; 0.817773; 0.27763;0.2001889; 0.530005; false;1.26; 0.809311; 0.266611;0.01909111; 0.208172; false;2.01; 1.1817; 0.0000; 0.0033; False;TO;MISSING;MISSING;MISSING;MISSING;2.55; 0.9703; 0.7366; 0.0189; False;4.85;1.105820428; 0.170772816; false;3.18;0.41448966600000003; 0.212212127; false
/home/experiments/nfa-bench/benchmarks/automata_inclusion/false-Bakery4pBinEnc-FbOneOne-Nondet-Partial-A-1-lhs.mata,/home/experiments/nfa-bench/benchmarks/automata_inclusion/false-Bakery4pBinEnc-FbOneOne-Nondet-Partial-A-1-rhs.mata;1.07; 1.06881; 0.35041; 0.0819; 0.0019;0.57;0.5611116; 0.0969670000; False;0.78; 0.6928; 0.196817; 0.00124247; false;1.74; 0.755492; 0.250056;0.1658274; 0.600808; false;0.87; 0.655307; 0.1497;0.01229765; 0.139638; false;1.93; 1.0172; 0.0000; 0.0030; False;TO;MISSING;MISSING;MISSING;MISSING;2.2; 0.8889; 0.3085; 0.0114; False;6.22;1.2262175549999998; 0.11618775; false;4.87;0.525363515; 0.154702777; false
/home/experiments/nfa-bench/benchmarks/automata_inclusion/false-Bakery4pBinEnc-FbOneOne-Nondet-Partiali-B-2-lhs.mata,/home/experiments/nfa-bench/benchmarks/automata_inclusion/false-Bakery4pBinEnc-FbOneOne-Nondet-Partiali-B-2-rhs.mata;0.91; 0.679015; 0.143114; 0.0723; 0.0020;0.42;0.29525440000000003; 0.0956089000; False;0.99; 0.905521; 0.238957; 0.00241953; false;1.78; 0.885677; 0.416755;0.187671; 0.6284; false;0.98; 0.937346; 0.177348;0.01120721; 0.124293; false;2.22; 1.0811; 0.0000; 0.0029; False;TO;MISSING;MISSING;MISSING;MISSING;2.58; 1.2219; 0.4445; 0.0110; False;5.32;0.959665703; 0.09047571; false;3.34;0.437820902; 0.178489335; false
/home/experiments/nfa-bench/benchmarks/automata_inclusion/false-Bakery4pBinEnc-FbOneOne-Nondet-Partiali-B-3-lhs.mata,/home/experiments/nfa-bench/benchmarks/automata_inclusion/false-Bakery4pBinEnc-FbOneOne-Nondet-Partiali-B-3-rhs.mata;0.87; 0.811422; 0.183863; 0.0504; 0.0018;0.51;0.3682666; 0.1044233000; False;1.01; 0.819361; 0.229391; 0.00192709; false;1.13; 0.42226; 0.149839;0.1175088; 0.404181; false;0.68; 0.419224; 0.139176;0.0118628; 0.118388; false;2.18; 1.0844; 0.0000; 0.0031; False;TO;MISSING;MISSING;MISSING;MISSING;2.33; 0.9579; 0.5329; 0.0201; False;5.98;1.079409452; 0.087964746; false;4.85;0.61123504; 0.221062403; false
/home/experiments/nfa-bench/benchmarks/automata_inclusion/false-Bakery4pBinEnc-FbOneOne-Nondet-Partiali-B-4-lhs.mata,/home/experiments/nfa-bench/benchmarks/automata_inclusion/false-Bakery4pBinEnc-FbOneOne-Nondet-Partiali-B-4-rhs.mata;1.16; 0.873499; 0.24307; 0.1091; 0.0028;0.35;0.256087; 0.0646531000; False;0.57; 0.432646; 0.146861; 0.00123968; false;1.89; 0.805003; 0.245256;0.1792845; 0.630179; false;0.77; 0.438995; 0.149966;0.01429413; 0.161145; false;1.87; 0.9667; 0.0000; 0.0032; False;TO;MISSING;MISSING;MISSING;MISSING;2.89; 1.1577; 0.5622; 0.0205; False;7.54;1.2535533189999999; 0.143322791; false;4.43;0.679522288; 0.253574963; false
/home/experiments/nfa-bench/benchmarks/automata_inclusion/false-Bakery5PUnrEnc-Rev-FbOneOne-Nondet-Partial-A-0-lhs.mata,/home/experiments/nfa-bench/benchmarks/automata_inclusion/false-Bakery5PUnrEnc-Rev-FbOneOne-Nondet-Partial-A-0-rhs.mata;1.64; 0.682756; 0.208008; 0.7953; 0.0007;0.45;0.34580879999999997; 0.0626291000; False;0.91; 0.715773; 0.237072; 0.000535528; false;1.27; 0.740648; 0.263442;0.0946043; 0.169568; false;2.83; 0.769579; 0.258095;0.01248983; 1.86462; false;3.03; 1.1154; 0.0000; 0.0021; False;TO;MISSING;MISSING;MISSING;MISSING;9.03; 0.9288; 6.6197; 0.0003; False;13.89;6.702209556; 0.097643749; false;4.79;0.24898564699999998; 0.780598738; false
/home/experiments/nfa-bench/benchmarks/automata_inclusion/false-IBakery-4P-BinEnc-BwBad-A-1-lhs.mata,/home/experiments/nfa-bench/benchmarks/automata_inclusion/false-IBakery-4P-BinEnc-BwBad-A-1-rhs.mata;16.85; 0.163427; 0.0335385; 17.3373; 0.0026;TO;0.1166242;MISSING;MISSING;0.15; 0.119457; 0.0377516; 0.00229027; false;0.18; 0.123462; 0.0410089;0.015534349999999999; 0.0135303; false;21.42; 0.119275; 0.0360948;0.00251852; 21.9717; false;1.43; 0.1601; 0.0000; 0.0027; False;TO;MISSING;MISSING;MISSING;MISSING;5.88; 0.0993; 4.8984; 0.0203; False;8.02;3.996935225; 0.18330754; false;9.2;0.11271825; 5.345471388; false
/home/experiments/nfa-bench/benchmarks/automata_inclusion/false-IBakery-4P-BinEnc-BwBad-A-3-lhs.mata,/home/experiments/nfa-bench/benchmarks/automata_inclusion/false-IBakery-4P-BinEnc-BwBad-A-3-rhs.mata;19.05; 0.122274; 0.0329387; 19.6076; 0.0026;11.86;0.08025940000000001; 11.8042572000; False;0.16; 0.130307; 0.0389566; 0.00292096; false;0.17; 0.115192; 0.0399959;0.01937888; 0.0163791; false;27.68; 0.128784; 0.03935;0.00283071; 28.3704; false;1.3; 0.1787; 0.0000; 0.0033; False;TO;MISSING;MISSING;MISSING;MISSING;7.79; 0.1689; 6.5625; 0.0247; False;9.53;4.555167722; 0.134301516; false;9.65;0.173859781; 5.602610885; false
/home/experiments/nfa-bench/benchmarks/automata_inclusion/false-IBakery-4P-BinEnc-BwBad-A-4-lhs.mata,/home/experiments/nfa-bench/benchmarks/automata_inclusion/false-IBakery-4P-BinEnc-BwBad-A-4-rhs.mata;18.53; 0.122396; 0.0329089; 18.9348; 0.0031;11.06;0.1163942; 10.9203401000; False;0.15; 0.124652; 0.039919; 0.00278958; false;0.18; 0.121549; 0.0379232;0.0154634; 0.0124742; false;31.26; 0.129046; 0.0380555;0.0027440700000000004; 32.0441; false;1.31; 0.1885; 0.0000; 0.0037; False;TO;MISSING;MISSING;MISSING;MISSING;12.36; 0.1836; 11.0977; 0.0417; False;9.14;4.280264477999999; 0.140695671; false;8.14;0.17956935899999998; 4.34026533; false
/home/experiments/nfa-bench/benchmarks/automata_inclusion/false-IBakery-4P-BinEnc-BwBadi-B-0-lhs.mata,/home/experiments/nfa-bench/benchmarks/automata_inclusion/false-IBakery-4P-BinEnc-BwBadi-B-0-rhs.mata;22.99; 0.0747903; 0.0199099; 23.5543; 0.0026;10.87;0.10730590000000001; 10.7476353000; False;0.15; 0.117298; 0.0391753; 0.00269287; false;0.18; 0.115776; 0.0392;0.01668789; 0.0144039; false;36.25; 0.120995; 0.0368549;0.00268336; 37.3229; false;1.41; 0.1767; 0.0000; 0.0035; False;TO;MISSING;MISSING;MISSING;MISSING;8.96; 0.1762; 7.5809; 0.0358; False;8.82;4.10211217; 0.167650904; false;9.18;0.142721435; 5.138251048; false
/home/experiments/nfa-bench/benchmarks/automata_inclusion/false-IBakery-4P-BinEnc-BwBadi-B-1-lhs.mata,/home/experiments/nfa-bench/benchmarks/automata_inclusion/false-IBakery-4P-BinEnc-BwBadi-B-1-rhs.mata;10.67; 0.117034; 0.0360591; 11.1290; 0.0017;12.51;0.0758856; 12.4449062000; False;0.07; 0.0664594; 0.022354; 0.00130682; false;0.1; 0.0674925; 0.0221337;0.00870132; 0.00787974; false;19.1; 0.123028; 0.0359305;0.00257162; 19.7465; false;0.93; 0.1052; 0.0000; 0.0023; False;TO;MISSING;MISSING;MISSING;MISSING;10.56; 0.1860; 9.3124; 0.0188; False;8.2;3.226664423; 0.183784748; false;7.84;0.104122321; 4.166301508; false
/home/experiments/nfa-bench/benchmarks/automata_inclusion/false-IBakery-4P-BinEnc-BwBadi-B-2-lhs.mata,/home/experiments/nfa-bench/benchmarks/automata_inclusion/false-IBakery-4P-BinEnc-BwBadi-B-2-rhs.mata;16.71; 0.0740138; 0.0204633; 17.0373; 0.0015;11.34;0.1331268; 11.1938816000; False;0.16; 0.129067; 0.0384154; 0.00279508; false;0.14; 0.109054; 0.022447;0.00949608; 0.00768922; false;29.46; 0.13549; 0.0393399;0.0024656; 30.2961; false;1.34; 0.1843; 0.0000; 0.0035; False;TO;MISSING;MISSING;MISSING;MISSING;11.49; 0.1646; 10.3633; 0.0612; False;8.12;3.599652043; 0.142920684; false;9.82;0.09572509300000001; 5.483870554; false
/home/experiments/nfa-bench/benchmarks/automata_inclusion/false-IBakery4pBinEnc-FbOneOne-Nondet-Partial-A-0-lhs.mata,/home/experiments/nfa-bench/benchmarks/automata_inclusion/false-IBakery4pBinEnc-FbOneOne-Nondet-Partial-A-0-rhs.mata;1.78; 0.826335; 0.242645; 0.3221; 0.4195;1.02;0.4656861; 0.4961824000; False;1.44; 0.814873; 0.245531; 0.405693; false;1.4; 0.839855; 0.246878;0.17577369999999998; 0.143246; false;1.57; 0.742953; 0.243284;0.021427500000000002; 0.607866; false;2.22; 0.8815; 0.0000; 0.2740; False;TO;MISSING;MISSING;MISSING;MISSING;3.03; 1.0916; 0.8371; 0.0099; False;5.52;1.128703378; 0.153488715; false;6.31;0.923376167; 0.466150095; false
/home/experiments/nfa-bench/benchmarks/automata_inclusion/false-IBakery4pBinEnc-FbOneOne-Nondet-Partial-A-1-lhs.mata,/home/experiments/nfa-bench/benchmarks/automata_inclusion/false-IBakery4pBinEnc-FbOneOne-Nondet-Partial-A-1-rhs.mata;1.7; 0.806977; 0.248875; 0.3819; 0.4716;1.02;0.594387; 0.4593881000; False;0.97; 0.558971; 0.160275; 0.273113; false;1.42; 0.841156; 0.254519;0.1719126; 0.162501; false;1.59; 0.858435; 0.201215;0.014593430000000001; 0.545731; false;2.69; 1.1493; 0.0000; 0.4667; False;TO;MISSING;MISSING;MISSING;MISSING;3.02; 1.1893; 0.6754; 0.0102; False;6.95;1.7998818090000002; 0.139856725; false;5.32;0.8472633119999999; 0.451887975; false
/home/experiments/nfa-bench/benchmarks/automata_inclusion/false-IBakery4pBinEnc-FbOneOne-Nondet-Partiali-B-2-lhs.mata,/home/experiments/nfa-bench/benchmarks/automata_inclusion/false-IBakery4pBinEnc-FbOneOne-Nondet-Partiali-B-2-rhs.mata;1.78; 0.816227; 0.248011; 0.3429; 0.3742;1.12;0.5086645; 0.4879828000; False;1.46; 0.853992; 0.253008; 0.366798; false;1.47; 0.8297; 0.251137;0.1703752; 0.20607; false;1.72; 0.869582; 0.255944;0.02044924; 0.595636; false;2.65; 1.1705; 0.0000; 0.3733; False;TO;MISSING;MISSING;MISSING;MISSING;2.91; 1.1632; 0.6454; 0.0098; False;6.88;1.800237708; 0.083261555; false;5.54;0.9887346889999999; 0.562880168; false
/home/experiments/nfa-bench/benchmarks/automata_inclusion/false-IBakery4pBinEnc-FbOneOne-Nondet-Partiali-B-3-lhs.mata,/home/experiments/nfa-bench/benchmarks/automata_inclusion/false-IBakery4pBinEnc-FbOneOne-Nondet-Partiali-B-3-rhs.mata;1.55; 0.720298; 0.251286; 0.3296; 0.2849;1.8;0.5132239000000001; 1.1337551000; False;1.42; 0.875523; 0.270246; 0.284712; false;1.57; 0.846633; 0.263533;0.2006928; 0.222168; false;1.45; 0.773427; 0.185411;0.01632351; 0.4934; false;2.99; 1.2755; 0.0000; 0.3326; False;TO;MISSING;MISSING;MISSING;MISSING;2.21; 0.7543; 0.5100; 0.0059; False;7.04;1.7467305130000002; 0.116996085; false;7.6;1.050859745; 0.575409189; false
/home/experiments/nfa-bench/benchmarks/automata_inclusion/false-IBakery4pBinEnc-FbtOneOne-Nondet-A-3-lhs.mata,/home/experiments/nfa-bench/benchmarks/automata_inclusion/false-IBakery4pBinEnc-FbtOneOne-Nondet-A-3-rhs.mata;0.69; 0.427073; 0.124529; 0.0948; 0.0555;0.3;0.1721298; 0.1013966000; False;0.39; 0.225654; 0.10089; 0.0559041; false;0.76; 0.426387; 0.145792;0.0928606; 0.106107; false;0.78; 0.427148; 0.137033;0.01266266; 0.212549; false;2.23; 0.6586; 0.0000; 0.0649; False;TO;MISSING;MISSING;MISSING;MISSING;2.27; 0.6325; 0.2983; 0.0052; False;5.4;0.7831618730000001; 0.087005983; false;3.95;0.340161798; 0.25028804; false
/home/experiments/nfa-bench/benchmarks/automata_inclusion/false-IBakery4pBinEnc-FbtOneOne-Nondet-A-4-lhs.mata,/home/experiments/nfa-bench/benchmarks/automata_inclusion/false-IBakery4pBinEnc-FbtOneOne-Nondet-A-4-rhs.mata;0.85; 0.475204; 0.157523; 0.1403; 0.0756;0.66;0.3748874; 0.2320117000; False;0.73; 0.489113; 0.185151; 0.0646654; false;0.99; 0.520738; 0.201622;0.12744270000000002; 0.13983; false;1.08; 0.517683; 0.199045;0.01697341; 0.347968; false;2.53; 0.7486; 0.0000; 0.0718; False;TO;MISSING;MISSING;MISSING;MISSING;1.78; 0.4103; 0.1712; 0.0028; False;4.35;0.692508562; 0.073141576; false;3.61;0.43146182; 0.22422483; false
/home/experiments/nfa-bench/benchmarks/automata_inclusion/false-IBakery4pBinEnc-FbtOneOne-Nondeti-B-0-lhs.mata,/home/experiments/nfa-bench/benchmarks/automata_inclusion/false-IBakery4pBinEnc-FbtOneOne-Nondeti-B-0-rhs.mata;0.91; 0.500616; 0.19369; 0.1417; 0.0607;0.5;0.2832942; 0.1799410000; False;0.38; 0.264332; 0.0987678; 0.0337368; false;0.77; 0.444768; 0.157862;0.08818999999999999; 0.0853982; false;0.85; 0.453241; 0.147387;0.01350669; 0.238199; false;2.13; 0.6872; 0.0000; 0.0647; False;TO;MISSING;MISSING;MISSING;MISSING;2.43; 0.7110; 0.3189; 0.0055; False;5.01;0.788261088; 0.078461988; false;3.54;0.351453039; 0.263397298; false
/home/experiments/nfa-bench/benchmarks/automata_inclusion/false-IBakery4pBinEnc-FbtOneOne-Nondeti-B-1-lhs.mata,/home/experiments/nfa-bench/benchmarks/automata_inclusion/false-IBakery4pBinEnc-FbtOneOne-Nondeti-B-1-rhs.mata;0.79; 0.484171; 0.155493; 0.1341; 0.0489;0.55;0.3093171; 0.2077301000; False;0.72; 0.507324; 0.174979; 0.0479245; false;0.87; 0.498084; 0.178197;0.09572030000000001; 0.100895; false;0.94; 0.500607; 0.17841;0.013253399999999999; 0.264364; false;2.29; 0.7098; 0.0000; 0.0545; False;TO;MISSING;MISSING;MISSING;MISSING;2.67; 0.7384; 0.3494; 0.0058; False;5.65;0.8357387; 0.08540743; false;4.93;0.48270108700000003; 0.341194944; false
/home/experiments/nfa-bench/benchmarks/automata_inclusion/false-IBakery4pBinEnc-FbtOneOne-Nondeti-B-2-lhs.mata,/home/experiments/nfa-bench/benchmarks/automata_inclusion/false-IBakery4pBinEnc-FbtOneOne-Nondeti-B-2-rhs.mata;0.45; 0.244877; 0.0908112; 0.0792; 0.0299;0.45;0.2555495; 0.1834638000; False;0.63; 0.456329; 0.164197; 0.078757; false;0.82; 0.477426; 0.170885;0.08858640000000001; 0.102892; false;0.91; 0.487063; 0.164632;0.01449544; 0.245725; false;2.31; 0.6900; 0.0000; 0.0550; False;TO;MISSING;MISSING;MISSING;MISSING;2.54; 0.7093; 0.3160; 0.0052; False;5.21;0.889448357; 0.063446967; false;4.5;0.41779105299999997; 0.335713201; false
/home/experiments/nfa-bench/benchmarks/automata_inclusion/false-IBakery4pBinEnc-FlOneOne-Nondet-A-3-lhs.mata,/home/experiments/nfa-bench/benchmarks/automata_inclusion/false-IBakery4pBinEnc-FlOneOne-Nondet-A-3-rhs.mata;0.7; 0.346184; 0.123766; 0.1719; 0.0503;0.61;0.29750530000000003; 0.2771642000; False;0.54; 0.387358; 0.144575; 0.0433437; false;0.5; 0.22177; 0.123009;0.07537440000000001; 0.08055; false;0.74; 0.367984; 0.116244;0.00740215; 0.278404; false;2.26; 0.5994; 0.0000; 0.0558; False;TO;MISSING;MISSING;MISSING;MISSING;2.49; 0.5623; 0.3900; 0.0086; False;5.56;0.927047736; 0.107570947; false;6.08;0.605999304; 0.402994021; false
/home/experiments/nfa-bench/benchmarks/automata_inclusion/false-IBakery4pBinEnc-FlOneOne-Nondet-A-4-lhs.mata,/home/experiments/nfa-bench/benchmarks/automata_inclusion/false-IBakery4pBinEnc-FlOneOne-Nondet-A-4-rhs.mata;0.45; 0.205417; 0.0836338; 0.1391; 0.0242;0.32;0.1626085; 0.1371265000; False;0.63; 0.42551; 0.163166; 0.0490556; false;0.71; 0.394059; 0.144919;0.0798663; 0.0887814; false;0.92; 0.431862; 0.163982;0.010629719999999999; 0.340141; false;2.36; 0.5663; 0.0000; 0.0494; False;TO;MISSING;MISSING;MISSING;MISSING;2.49; 0.5819; 0.3639; 0.0083; False;6.34;1.085008895; 0.06580104; false;4.15;0.262551019; 0.401127564; false
/home/experiments/nfa-bench/benchmarks/automata_inclusion/false-IBakery4pBinEnc-FlOneOne-Nondeti-B-0-lhs.mata,/home/experiments/nfa-bench/benchmarks/automata_inclusion/false-IBakery4pBinEnc-FlOneOne-Nondeti-B-0-rhs.mata;0.7; 0.254165; 0.158322; 0.2207; 0.0348;0.65;0.324475; 0.2350399000; False;0.58; 0.419779; 0.143786; 0.0274815; false;0.46; 0.23415; 0.0934163;0.055572399999999994; 0.0767073; false;0.93; 0.41939; 0.147952;0.011649940000000001; 0.349537; false;2.11; 0.6470; 0.0000; 0.0297; False;TO;MISSING;MISSING;MISSING;MISSING;3.24; 0.6926; 0.5132; 0.0111; False;7.14;1.018128533; 0.134763549; false;4.97;0.35955377; 0.563549869; false
/home/experiments/nfa-bench/benchmarks/automata_inclusion/false-IBakery5PUnrEnc-FbOneOne-Nondet-Partiali-B-0-lhs.mata,/home/experiments/nfa-bench/benchmarks/automata_inclusion/false-IBakery5PUnrEnc-FbOneOne-Nondet-Partiali-B-0-rhs.mata;11.29; 4.61799; 0.504719; 6.4696; 0.0619;3.34;1.1910892000000002; 1.8900982000; False;8.41; 7.63403; 0.832311; 0.066352; false;9.5; 7.55951; 0.939552;0.5186818; 0.561659; false;41.57; 3.18826; 0.534621;0.03280665; 39.1293; false;9.56; 7.8809; 0.0000; 0.0589; False;TO;MISSING;MISSING;MISSING;MISSING;TO;MISSING;MISSING;MISSING;MISSING;64.86;50.209644651000005; 0.150542087; false;12.69;2.042399852; 2.78564656; false
/home/experiments/nfa-bench/benchmarks/automata_inclusion/false-IBakery5PUnrEnc-FbOneOne-Nondet-Partiali-B-1-lhs.mata,/home/experiments/nfa-bench/benchmarks/automata_inclusion/false-IBakery5PUnrEnc-FbOneOne-Nondet-Partiali-B-1-rhs.mata;TO; 2.72557; 0.406881;MISSING;MISSING;3.47;0.8222744; 2.5053723000; False;4.42; 3.81419; 0.652804; 0.0703499; false;5.23; 3.84205; 0.694284;0.40048110000000003; 0.398427; false;TO; 4.11325; 0.647975;0.05243988;MISSING;MISSING;5.95; 4.8770; 0.0000; 0.0732; False;TO;MISSING;MISSING;MISSING;MISSING;TO;MISSING;MISSING;MISSING;MISSING;TO;MISSING;MISSING;MISSING;71.76;2.59742543; 43.810085879; false
/home/experiments/nfa-bench/benchmarks/automata_inclusion/false-IBakery5PUnrEnc-FbOneOne-Nondet-Partiali-B-3-lhs.mata,/home/experiments/nfa-bench/benchmarks/automata_inclusion/false-IBakery5PUnrEnc-FbOneOne-Nondet-Partiali-B-3-rhs.mata;TO; 2.93348; 0.654465;MISSING;MISSING;2.68;0.74835; 1.8066822000; False;4.05; 3.4764; 0.609446; 0.0630874; false;5.06; 3.80142; 0.62983;0.3710663; 0.338257; false;TO; 3.72213; 0.620082;0.04926118;MISSING;MISSING;5.83; 4.8376; 0.0000; 0.0753; False;TO;MISSING;MISSING;MISSING;MISSING;TO;MISSING;MISSING;MISSING;MISSING;TO; 54.417400624;MISSING;MISSING;66.38;2.1934433249999996; 38.580939251; false
/home/experiments/nfa-bench/benchmarks/automata_inclusion/false-IBakery5PUnrEnc-Rev-FbOneOne-Nondet-Partiali-B-0-lhs.mata,/home/experiments/nfa-bench/benchmarks/automata_inclusion/false-IBakery5PUnrEnc-Rev-FbOneOne-Nondet-Partiali-B-0-rhs.mata;15.4; 0.577989; 0.175731; 15.4841; 0.0040;0.56;0.3713429; 0.2463823000; False;0.66; 0.519913; 0.164613; 0.00379089; false;0.77; 0.504195; 0.165388;0.06295144; 0.0555004; false;28.57; 0.579518; 0.130722;0.005669851; 29.6472; false;1.3; 0.5156; 0.0000; 0.0037; False;TO;MISSING;MISSING;MISSING;MISSING;TO;MISSING;MISSING;MISSING;MISSING;TO;MISSING;MISSING;MISSING;14.47;0.761277435; 6.917904039; false
/home/experiments/nfa-bench/benchmarks/automata_inclusion/false-IBakery5PUnrEnc-Rev-FbOneOne-Nondet-Partiali-B-2-lhs.mata,/home/experiments/nfa-bench/benchmarks/automata_inclusion/false-IBakery5PUnrEnc-Rev-FbOneOne-Nondet-Partiali-B-2-rhs.mata;16.23; 0.629556; 0.162817; 16.2090; 0.0020;0.66;0.31663870000000005; 0.3170465000; False;0.76; 0.596207; 0.192654; 0.00248182; false;0.95; 0.652175; 0.202635;0.07635402999999999; 0.0608177; false;24.93; 0.579246; 0.174122;0.0091352; 25.2247; false;1.98; 0.8153; 0.0000; 0.0036; False;TO;MISSING;MISSING;MISSING;MISSING;TO;MISSING;MISSING;MISSING;MISSING;TO;MISSING;MISSING;MISSING;14.2;0.656281899; 6.836443844; false
/home/experiments/nfa-bench/benchmarks/automata_inclusion/false-T10-lhs.mata,/home/experiments/nfa-bench/benchmarks/automata_inclusion/false-T10-rhs.mata;0.01; 0.0123024; 0.00288697; 0.0011; 0.0000;0.1;0.0411759; 0.0267347000; False;0.03; 0.0249287; 0.0121865; 2.2768e-05; false;0.03; 0.0226378; 0.0115969;0.003353323; 0.00218223; false;0.04; 0.0229504; 0.0114605;0.00053839; 0.00657185; false;1.27; 0.0480; 0.0000; 0.0003; False;1.45; 0.0458; 0.0219; 0.0370; False;1.09; 0.0329; 0.0100; 0.0001; False;1.69;0.197698665; 0.067821828; false;1.16;0.030003742; 0.033854951; false
/home/experiments/nfa-bench/benchmarks/automata_inclusion/false-T11-lhs.mata,/home/experiments/nfa-bench/benchmarks/automata_inclusion/false-T11-rhs.mata;0.6; 0.451631; 0.15562; 0.0160; 0.0016;0.24;0.17741669999999998; 0.0414405000; False;0.61; 0.480189; 0.159711; 0.00177683; false;1.41; 0.398529; 0.161543;0.10103672; 0.748702; false;0.62; 0.463165; 0.142147;0.011481454; 0.0388038; false;1.8; 0.6344; 0.0000; 0.0018; False;TO;MISSING;MISSING;MISSING;MISSING;1.65; 0.4296; 0.1574; 0.0014; False;4.95;0.910716894; 0.14211611; false;3.05;0.372149532; 0.04571289; false
/home/experiments/nfa-bench/benchmarks/automata_inclusion/false-T113-lhs.mata,/home/experiments/nfa-bench/benchmarks/automata_inclusion/false-T113-rhs.mata;0.02; 0.036611; 0.00599209; 0.0021; 0.0000;0.17;0.0699622; 0.0442368000; False;0.03; 0.0241204; 0.0121938; 2.143e-05; false;0.03; 0.0230577; 0.0122414;0.003605698; 0.0028879; false;0.03; 0.0240433; 0.0123023;0.000575751; 0.00645514; false;1.19; 0.0267; 0.0000; 0.0003; False;1.46; 0.0461; 0.0232; 0.0376; False;1.18; 0.0293; 0.0101; 0.0001; False;1.64;0.213950407; 0.046899258; false;1.19;0.051439525; 0.02781675; false
/home/experiments/nfa-bench/benchmarks/automata_inclusion/false-T114-lhs.mata,/home/experiments/nfa-bench/benchmarks/automata_inclusion/false-T114-rhs.mata;0.04; 0.032744; 0.010013; 0.0021; 0.0002;0.19;0.1022149; 0.0575038000; False;0.07; 0.0660256; 0.0213027; 9.8221e-05; false;0.09; 0.0646448; 0.0211837;0.00873328; 0.0128288; false;0.09; 0.0651847; 0.0212284;0.0014267659999999999; 0.0120424; false;1.21; 0.0936; 0.0000; 0.0007; False;TO;MISSING;MISSING;MISSING;MISSING;1.34; 0.0878; 0.0325; 0.0002; False;1.87;0.249798652; 0.041719138; false;1.5;0.052376395000000006; 0.019322795; false
/home/experiments/nfa-bench/benchmarks/automata_inclusion/false-T116-lhs.mata,/home/experiments/nfa-bench/benchmarks/automata_inclusion/false-T116-rhs.mata;0.08; 0.0642889; 0.0188811; 0.0041; 0.0003;0.2;0.1031661; 0.0494980000; False;0.08; 0.0595598; 0.0226452; 0.000116321; false;0.09; 0.0587884; 0.0222565;0.00970145; 0.0122079; false;0.09; 0.0589372; 0.0217175;0.0014178720000000001; 0.0114764; false;1.33; 0.1058; 0.0000; 0.0008; False;TO;MISSING;MISSING;MISSING;MISSING;1.18; 0.0630; 0.0213; 0.0002; False;1.85;0.26165082100000003; 0.045953922; false;1.49;0.059376652; 0.027994154; false
/home/experiments/nfa-bench/benchmarks/automata_inclusion/false-T118-lhs.mata,/home/experiments/nfa-bench/benchmarks/automata_inclusion/false-T118-rhs.mata;0.1; 0.078055; 0.0218786; 0.0044; 0.0004;0.21;0.10787139999999999; 0.0551456000; False;0.1; 0.099691; 0.0281572; 0.000123441; false;0.13; 0.0783025; 0.0287517;0.01193221; 0.0167652; false;0.12; 0.0825932; 0.0290466;0.001884359; 0.0145243; false;1.38; 0.1236; 0.0000; 0.0006; False;TO;MISSING;MISSING;MISSING;MISSING;1.47; 0.1300; 0.0442; 0.0002; False;2.33;0.31160674299999996; 0.047839144; false;1.7;0.099889807; 0.032921266; false
/home/experiments/nfa-bench/benchmarks/automata_inclusion/false-T12-lhs.mata,/home/experiments/nfa-bench/benchmarks/automata_inclusion/false-T12-rhs.mata;0.66; 0.493881; 0.162599; 0.0167; 0.0013;0.4;0.3001846; 0.0676280000; False;0.59; 0.505591; 0.115712; 0.00108494; false;1.25; 0.312577; 0.117361;0.07181629; 0.78966; false;0.75; 0.536956; 0.18028;0.01606934; 0.0634064; false;2.15; 0.7736; 0.0000; 0.0028; False;TO;MISSING;MISSING;MISSING;MISSING;2.69; 0.8069; 0.3343; 0.0019; False;6.83;1.266192099; 0.105326085; false;3.42;0.43749915699999997; 0.049867362; false
/home/experiments/nfa-bench/benchmarks/automata_inclusion/false-T120-lhs.mata,/home/experiments/nfa-bench/benchmarks/automata_inclusion/false-T120-rhs.mata;0.11; 0.0898795; 0.0241569; 0.0046; 0.0004;0.25;0.130886; 0.0624022000; False;0.11; 0.103532; 0.0347959; 0.000154875; false;0.16; 0.0971385; 0.0335036;0.015035139999999999; 0.0238662; false;0.15; 0.0983455; 0.0360984;0.0021988; 0.0213099; false;1.88; 0.1644; 0.0000; 0.0011; False;TO;MISSING;MISSING;MISSING;MISSING;1.98; 0.1636; 0.0536; 0.0003; False;3.17;0.445261267; 0.081669007; false;2.26;0.087082113; 0.024171144; false
/home/experiments/nfa-bench/benchmarks/automata_inclusion/false-T121-lhs.mata,/home/experiments/nfa-bench/benchmarks/automata_inclusion/false-T121-rhs.mata;0.12; 0.0912578; 0.0310334; 0.0049; 0.0005;0.32;0.1597654; 0.0814899000; False;0.12; 0.0953535; 0.0418472; 0.000155713; false;0.19; 0.103784; 0.0464197;0.01823239; 0.0235209; false;0.16; 0.0979274; 0.0398354;0.0022272999999999998; 0.021922; false;2.06; 0.0997; 0.0000; 0.0010; False;TO;MISSING;MISSING;MISSING;MISSING;1.36; 0.0921; 0.0286; 0.0002; False;2.32;0.315348385; 0.067216921; false;2.13;0.148924699; 0.028590333; false
/home/experiments/nfa-bench/benchmarks/automata_inclusion/false-T122-lhs.mata,/home/experiments/nfa-bench/benchmarks/automata_inclusion/false-T122-rhs.mata;0.14; 0.104558; 0.0305486; 0.0051; 0.0006;0.25;0.1323607; 0.0616389000; False;0.14; 0.106437; 0.0454428; 0.000204006; false;0.18; 0.106764; 0.0462409;0.015791930000000003; 0.0265874; false;0.15; 0.107473; 0.0415143;0.002227489; 0.016947; false;1.57; 0.1458; 0.0000; 0.0007; False;TO;MISSING;MISSING;MISSING;MISSING;1.67; 0.1542; 0.0530; 0.0003; False;2.95;0.342829976; 0.100613657; false;1.67;0.068549269; 0.021399377; false
/home/experiments/nfa-bench/benchmarks/automata_inclusion/false-T123-lhs.mata,/home/experiments/nfa-bench/benchmarks/automata_inclusion/false-T123-rhs.mata;0.11; 0.0818283; 0.0260216; 0.0048; 0.0005;0.22;0.1127969; 0.0612542000; False;0.09; 0.0717002; 0.0343444; 0.000154101; false;0.13; 0.0858196; 0.0294535;0.00804035; 0.0180537; false;0.08; 0.0566344; 0.0208231;0.001117581; 0.0100049; false;1.51; 0.1320; 0.0000; 0.0008; False;TO;MISSING;MISSING;MISSING;MISSING;1.48; 0.0916; 0.0266; 0.0002; False;2.41;0.325807788; 0.064984511; false;1.95;0.094543356; 0.020859889; false
/home/experiments/nfa-bench/benchmarks/automata_inclusion/false-T124-lhs.mata,/home/experiments/nfa-bench/benchmarks/automata_inclusion/false-T124-rhs.mata;0.04; 0.0299524; 0.00873477; 0.0036; 0.0001;0.23;0.09778289999999999; 0.0629231000; False;0.04; 0.0318036; 0.0172305; 4.0435e-05; false;0.05; 0.0305693; 0.01691;0.004299868; 0.00376904; false;0.06; 0.0309934; 0.0177855;0.000770455; 0.0132005; false;1.86; 0.0602; 0.0000; 0.0005; False;1.57; 0.0449; 0.0258; 0.1245; False;1.93; 0.0594; 0.0193; 0.0001; False;2.16;0.26756247200000005; 0.079851049; false;1.88;0.060756414; 0.026487712; false
/home/experiments/nfa-bench/benchmarks/automata_inclusion/false-T125-lhs.mata,/home/experiments/nfa-bench/benchmarks/automata_inclusion/false-T125-rhs.mata;0.16; 0.115907; 0.0385244; 0.0063; 0.0008;0.27;0.149135; 0.0614711000; False;0.14; 0.123721; 0.041313; 0.000153256; false;0.17; 0.129574; 0.039009;0.015752620000000002; 0.0239127; false;0.16; 0.114095; 0.0358873;0.002404296; 0.0187026; false;2.0; 0.1921; 0.0000; 0.0011; False;TO;MISSING;MISSING;MISSING;MISSING;2.17; 0.1877; 0.0599; 0.0003; False;2.92;0.33105457299999996; 0.060102126; false;2.15;0.119844092; 0.040111712; false
/home/experiments/nfa-bench/benchmarks/automata_inclusion/false-T126-lhs.mata,/home/experiments/nfa-bench/benchmarks/automata_inclusion/false-T126-rhs.mata;0.14; 0.104308; 0.0321584; 0.0050; 0.0006;0.26;0.1336743; 0.0630037000; False;0.14; 0.111215; 0.0490809; 0.000171286; false;0.2; 0.112064; 0.0507522;0.01721684; 0.0293475; false;0.18; 0.115888; 0.0487733;0.002396904; 0.0212969; false;2.11; 0.1797; 0.0000; 0.0012; False;TO;MISSING;MISSING;MISSING;MISSING;1.74; 0.1539; 0.0522; 0.0003; False;2.95;0.35204386499999996; 0.063998675; false;1.9;0.078906154; 0.022150138; false
/home/experiments/nfa-bench/benchmarks/automata_inclusion/false-T127-lhs.mata,/home/experiments/nfa-bench/benchmarks/automata_inclusion/false-T127-rhs.mata;0.16; 0.10884; 0.0403451; 0.0053; 0.0007;0.26;0.1363093; 0.0619236000; False;0.15; 0.123034; 0.0441069; 0.000183596; false;0.2; 0.120491; 0.0453902;0.01781534; 0.029396; false;0.17; 0.121249; 0.0436012;0.002328874; 0.0191158; false;2.04; 0.1837; 0.0000; 0.0011; False;TO;MISSING;MISSING;MISSING;MISSING;1.76; 0.1968; 0.0652; 0.0004; False;3.0;0.31705448999999997; 0.06207044; false;2.34;0.0852054; 0.022274929; false
/home/experiments/nfa-bench/benchmarks/automata_inclusion/false-T128-lhs.mata,/home/experiments/nfa-bench/benchmarks/automata_inclusion/false-T128-rhs.mata;0.16; 0.114751; 0.0431055; 0.0057; 0.0006;0.29;0.14962229999999999; 0.0624561000; False;0.16; 0.12885; 0.046471; 0.000214502; false;0.23; 0.137549; 0.0510676;0.0226003; 0.0405785; false;0.16; 0.125385; 0.0384335;0.002383609; 0.0166145; false;1.68; 0.1704; 0.0000; 0.0009; False;TO;MISSING;MISSING;MISSING;MISSING;2.06; 0.1965; 0.0650; 0.0003; False;2.92;0.345300512; 0.070697813; false;1.66;0.076754765; 0.034157998; false
/home/experiments/nfa-bench/benchmarks/automata_inclusion/false-T129-lhs.mata,/home/experiments/nfa-bench/benchmarks/automata_inclusion/false-T129-rhs.mata;0.13; 0.101523; 0.0322132; 0.0052; 0.0006;0.22;0.1141519; 0.0513020000; False;0.12; 0.106752; 0.0340945; 0.000161202; false;0.17; 0.106537; 0.0379124;0.01553661; 0.0231235; false;0.15; 0.105916; 0.0349206;0.002277224; 0.0179358; false;1.12; 0.0944; 0.0000; 0.0006; False;TO;MISSING;MISSING;MISSING;MISSING;1.25; 0.1006; 0.0296; 0.0002; False;2.76;0.40277962300000003; 0.069861471; false;1.78;0.083982557; 0.024227286; false
/home/experiments/nfa-bench/benchmarks/automata_inclusion/false-T13-lhs.mata,/home/experiments/nfa-bench/benchmarks/automata_inclusion/false-T13-rhs.mata;0.04; 0.0349634; 0.00937216; 0.0029; 0.0002;0.21;0.0916724; 0.0561876000; False;0.04; 0.0354311; 0.0165046; 7.3544e-05; false;0.12; 0.036524; 0.0179627;0.00517802; 0.0674848; false;0.06; 0.0372914; 0.0174214;0.000836073; 0.00912518; false;1.63; 0.0691; 0.0000; 0.0007; False;13.12; 0.0655; 0.0305; 11.6333; False;1.91; 0.0730; 0.0267; 0.0008; False;2.3;0.24284707100000003; 0.061234983; false;1.71;0.042775859; 0.023883804; false
/home/experiments/nfa-bench/benchmarks/automata_inclusion/false-T130-lhs.mata,/home/experiments/nfa-bench/benchmarks/automata_inclusion/false-T130-rhs.mata;0.14; 0.103968; 0.0323049; 0.0055; 0.0006;0.22;0.1173099; 0.0508960000; False;0.13; 0.109143; 0.0353914; 0.000146656; false;0.16; 0.106903; 0.0360689;0.0152868; 0.0212734; false;0.15; 0.107148; 0.0356412;0.002238407; 0.0163081; false;1.83; 0.1735; 0.0000; 0.0011; False;TO;MISSING;MISSING;MISSING;MISSING;1.9; 0.1773; 0.0602; 0.0003; False;3.07;0.479929133; 0.069904139; false;2.01;0.091425491; 0.024908606; false
/home/experiments/nfa-bench/benchmarks/automata_inclusion/false-T131-lhs.mata,/home/experiments/nfa-bench/benchmarks/automata_inclusion/false-T131-rhs.mata;0.03; 0.0276926; 0.00769318; 0.0026; 0.0000;0.2;0.0863916; 0.0573132000; False;0.04; 0.0528801; 0.0175905; 3.4639e-05; false;0.05; 0.0283484; 0.0154255;0.004692164; 0.00490563; false;0.05; 0.0270479; 0.0143618;0.0006595689999999999; 0.00781485; false;1.84; 0.0594; 0.0000; 0.0006; False;1.64; 0.0524; 0.0244; 0.0407; False;1.89; 0.0571; 0.0173; 0.0001; False;2.3;0.301995776; 0.063608224; false;1.82;0.061627442; 0.034452315; false
/home/experiments/nfa-bench/benchmarks/automata_inclusion/false-T132-lhs.mata,/home/experiments/nfa-bench/benchmarks/automata_inclusion/false-T132-rhs.mata;0.04; 0.0275177; 0.00792347; 0.0027; 0.0001;0.23;0.1201538; 0.0667746000; False;0.03; 0.0270084; 0.014511; 3.3477e-05; false;0.04; 0.0276005; 0.014723;0.004244107; 0.00413302; false;0.04; 0.0277637; 0.0146688;0.000655844; 0.0078861; false;1.79; 0.0625; 0.0000; 0.0005; False;2.17; 0.0588; 0.0256; 0.1366; False;1.55; 0.0336; 0.0095; 0.0001; False;2.36;0.309842071; 0.112227428; false;1.66;0.03822208; 0.020759631; false
/home/experiments/nfa-bench/benchmarks/automata_inclusion/false-T133-lhs.mata,/home/experiments/nfa-bench/benchmarks/automata_inclusion/false-T133-rhs.mata;0.3; 0.21142; 0.0778703; 0.0099; 0.0011;0.3;0.1890798; 0.0567394000; False;0.31; 0.265132; 0.0885274; 0.000748965; false;0.41; 0.258773; 0.0833509;0.04605583; 0.0512329; false;0.34; 0.229057; 0.0845824;0.007107009; 0.0326826; false;1.4; 0.2301; 0.0000; 0.0021; False;TO;MISSING;MISSING;MISSING;MISSING;2.2; 0.3441; 0.2269; 0.0010; False;4.75;0.776598991; 0.081357393; false;2.76;0.234388363; 0.060653373; false
/home/experiments/nfa-bench/benchmarks/automata_inclusion/false-T134-lhs.mata,/home/experiments/nfa-bench/benchmarks/automata_inclusion/false-T134-rhs.mata;0.32; 0.230671; 0.0885302; 0.0107; 0.0009;0.22;0.1260219; 0.0425269000; False;0.19; 0.133905; 0.0633674; 0.000498815; false;0.27; 0.154013; 0.0586763;0.02848952; 0.0349938; false;0.21; 0.139978; 0.0540729;0.003825516; 0.0186314; false;1.41; 0.2755; 0.0000; 0.0016; False;TO;MISSING;MISSING;MISSING;MISSING;1.46; 0.2190; 0.1415; 0.0006; False;3.73;0.687260362; 0.059953348; false;2.75;0.239545908; 0.042826931; false
/home/experiments/nfa-bench/benchmarks/automata_inclusion/false-T17-lhs.mata,/home/experiments/nfa-bench/benchmarks/automata_inclusion/false-T17-rhs.mata;0.07; 0.0533304; 0.0153069; 0.0034; 0.0003;0.22;0.1053911; 0.0608182000; False;0.07; 0.0570604; 0.0268184; 0.000131198; false;0.09; 0.0510564; 0.0240917;0.00706794; 0.0105956; false;0.08; 0.0510251; 0.0219643;0.001114681; 0.0119352; false;1.7; 0.0923; 0.0000; 0.0008; False;TO;MISSING;MISSING;MISSING;MISSING;1.41; 0.0822; 0.0293; 0.0003; False;2.32;0.310542143; 0.054813856; false;1.62;0.055449691; 0.025472205; false
/home/experiments/nfa-bench/benchmarks/automata_inclusion/false-T19-lhs.mata,/home/experiments/nfa-bench/benchmarks/automata_inclusion/false-T19-rhs.mata;0.07; 0.0536384; 0.0139188; 0.0031; 0.0002;0.22;0.1023847; 0.0583472000; False;0.06; 0.0528186; 0.0205466; 9.7226e-05; false;0.09; 0.0529711; 0.0209837;0.00782209; 0.0165886; false;0.08; 0.0543128; 0.0212478;0.001231416; 0.0105854; false;1.62; 0.0970; 0.0000; 0.0006; False;TO;MISSING;MISSING;MISSING;MISSING;1.59; 0.0909; 0.0328; 0.0006; False;2.3;0.32382822; 0.099659671; false;1.76;0.059338394; 0.050739679; false
/home/experiments/nfa-bench/benchmarks/automata_inclusion/false-T20-lhs.mata,/home/experiments/nfa-bench/benchmarks/automata_inclusion/false-T20-rhs.mata;0.73; 0.531802; 0.185059; 0.0140; 0.0018;0.51;0.38083279999999997; 0.0683827000; False;0.72; 0.557178; 0.192973; 0.00196025; false;1.0; 0.562437; 0.197885;0.117647391; 0.115793; false;0.81; 0.552681; 0.189111;0.014524384; 0.0654481; false;2.38; 0.7988; 0.0000; 0.0030; False;16.46; 0.8227; 5.0125; 9.4486; True;1.81; 0.5049; 0.1786; 0.0002; False;5.18;0.8630475169999999; 0.081157777; false;3.46;0.35881869; 0.065834518; false
/home/experiments/nfa-bench/benchmarks/automata_inclusion/false-T210-lhs.mata,/home/experiments/nfa-bench/benchmarks/automata_inclusion/false-T210-rhs.mata;0.53; 0.369764; 0.158487; 0.0175; 0.0023;0.48;0.3513869; 0.0629222000; False;0.61; 0.491774; 0.144397; 0.00124151; false;1.02; 0.555984; 0.209057;0.11228329000000001; 0.13693; false;0.56; 0.361978; 0.141838;0.011468338; 0.0605896; false;1.76; 0.5287; 0.0000; 0.0031; False;TO;MISSING;MISSING;MISSING;MISSING;2.6; 0.8654; 0.4078; 0.0011; False;6.2;1.022493359; 0.121387397; false;2.99;0.307973838; 0.026677315; false
/home/experiments/nfa-bench/benchmarks/automata_inclusion/false-T211-lhs.mata,/home/experiments/nfa-bench/benchmarks/automata_inclusion/false-T211-rhs.mata;0.47; 0.457453; 0.105469; 0.0111; 0.0009;0.41;0.3053865; 0.0690158000; False;0.6; 0.418889; 0.192543; 0.00225521; false;1.96; 0.555778; 0.18817;0.13024239; 1.07984; false;0.74; 0.515288; 0.176609;0.013628064; 0.0550349; false;1.79; 0.4392; 0.0000; 0.0018; False;TO;MISSING;MISSING;MISSING;MISSING;2.25; 0.7012; 0.3083; 0.0024; False;5.21;1.04323682; 0.170424588; false;2.9;0.415489738; 0.037298406; false
/home/experiments/nfa-bench/benchmarks/automata_inclusion/false-T212-lhs.mata,/home/experiments/nfa-bench/benchmarks/automata_inclusion/false-T212-rhs.mata;0.65; 0.467884; 0.156389; 0.0152; 0.0012;0.29;0.21336929999999998; 0.0306224000; False;0.5; 0.356982; 0.155453; 0.00138428; false;0.64; 0.417796; 0.0916987;0.06374529; 0.0729436; false;0.7; 0.486071; 0.151434;0.014636715000000002; 0.0609473; false;1.36; 0.4152; 0.0000; 0.0018; False;TO;MISSING;MISSING;MISSING;MISSING;2.17; 0.6760; 0.2845; 0.0007; False;5.02;0.9978174590000001; 0.101149856; false;2.63;0.317365738; 0.031584526; false
/home/experiments/nfa-bench/benchmarks/automata_inclusion/false-T213-lhs.mata,/home/experiments/nfa-bench/benchmarks/automata_inclusion/false-T213-rhs.mata;0.65; 0.506868; 0.158218; 0.0112; 0.0014;0.37;0.2869453; 0.0432519000; False;0.36; 0.271306; 0.0955133; 0.00117184; false;0.84; 0.474719; 0.159283;0.104360184; 0.0910712; false;0.4; 0.270612; 0.095188;0.008260149; 0.0383086; false;1.42; 0.4043; 0.0000; 0.0017; False;14.41; 0.6856; 4.5457; 8.2942; True;1.49; 0.3996; 0.1576; 0.0001; False;4.92;1.195159873; 0.08699801; false;2.62;0.457135819; 0.031389588; false
/home/experiments/nfa-bench/benchmarks/automata_inclusion/false-T215-lhs.mata,/home/experiments/nfa-bench/benchmarks/automata_inclusion/false-T215-rhs.mata;0.55; 0.503979; 0.0943585; 0.0109; 0.0011;0.25;0.1834417; 0.0456464000; False;0.62; 0.503022; 0.15374; 0.000929533; false;0.96; 0.279103; 0.0969792;0.08537752; 0.493455; false;0.68; 0.490054; 0.156006;0.013465316; 0.0521672; false;1.4; 0.4123; 0.0000; 0.0020; False;TO;MISSING;MISSING;MISSING;MISSING;2.45; 0.7416; 0.3241; 0.0018; False;5.64;0.9309815899999999; 0.103780342; false;2.86;0.440304109; 0.048646305; false
/home/experiments/nfa-bench/benchmarks/automata_inclusion/false-T217-lhs.mata,/home/experiments/nfa-bench/benchmarks/automata_inclusion/false-T217-rhs.mata;0.67; 0.530894; 0.159633; 0.0191; 0.0018;0.46;0.3316057; 0.0782052000; False;0.6; 0.464593; 0.166113; 0.00158789; false;1.36; 0.471714; 0.102935;0.06925278; 0.726777; false;0.7; 0.505627; 0.154378;0.013684462; 0.0529388; false;2.27; 0.7717; 0.0000; 0.0026; False;TO;MISSING;MISSING;MISSING;MISSING;2.58; 0.7909; 0.3490; 0.0020; False;7.21;1.148146574; 0.162510035; false;3.34;0.328600355; 0.041390767; false
/home/experiments/nfa-bench/benchmarks/automata_inclusion/false-T219-lhs.mata,/home/experiments/nfa-bench/benchmarks/automata_inclusion/false-T219-rhs.mata;0.69; 0.506286; 0.172113; 0.0132; 0.0016;0.26;0.1807192; 0.0460546000; False;0.41; 0.31225; 0.118069; 0.00107134; false;1.48; 0.315926; 0.117193;0.12120151000000001; 0.912575; false;0.86; 0.582117; 0.209479;0.01765278; 0.0796146; false;2.38; 0.7826; 0.0000; 0.0034; False;TO;MISSING;MISSING;MISSING;MISSING;2.65; 0.7941; 0.3242; 0.0028; False;6.46;1.034113157; 0.096818563; false;4.12;0.544265961; 0.042868736; false
/home/experiments/nfa-bench/benchmarks/automata_inclusion/false-T224-lhs.mata,/home/experiments/nfa-bench/benchmarks/automata_inclusion/false-T224-rhs.mata;0.78; 0.548451; 0.21308; 0.0190; 0.0022;0.4;0.3032545; 0.0498059000; False;0.6; 0.498878; 0.130573; 0.00148917; false;0.96; 0.548782; 0.204562;0.10810914999999999; 0.095439; false;0.51; 0.345406; 0.133395;0.009218536; 0.0420367; false;2.39; 0.7951; 0.0000; 0.0039; False;24.15; 0.8057; 5.1888; 17.3421; True;2.4; 0.7816; 0.2163; 0.0010; False;5.27;1.029443195; 0.084632551; false;3.24;0.492215745; 0.03212213; false
/home/experiments/nfa-bench/benchmarks/automata_inclusion/false-T23-lhs.mata,/home/experiments/nfa-bench/benchmarks/automata_inclusion/false-T23-rhs.mata;0.66; 0.604037; 0.162577; 0.0102; 0.0009;0.25;0.179402; 0.0384719000; False;0.64; 0.512151; 0.154921; 0.00131125; false;0.54; 0.295412; 0.103668;0.06402031999999999; 0.077714; false;0.46; 0.321593; 0.110751;0.008339091; 0.0354156; false;2.17; 0.7110; 0.0000; 0.0016; False;TO;MISSING;MISSING;MISSING;MISSING;2.62; 0.7572; 0.3287; 0.0011; False;5.64;1.02412371; 0.083128386; false;3.0;0.380085876; 0.031193589; false
/home/experiments/nfa-bench/benchmarks/automata_inclusion/false-T231-lhs.mata,/home/experiments/nfa-bench/benchmarks/automata_inclusion/false-T231-rhs.mata;0.43; 0.307248; 0.115098; 0.0106; 0.0019;0.34;0.2399083; 0.0624943000; False;0.59; 0.473684; 0.143897; 0.00108758; false;0.51; 0.269386; 0.0937893;0.068430467; 0.0660412; false;0.68; 0.479646; 0.151236;0.014157111; 0.057951; false;1.79; 0.5085; 0.0000; 0.0023; False;12.6; 0.4867; 3.8930; 7.3365; True;2.24; 0.6961; 0.2794; 0.0005; False;5.33;0.939733399; 0.157191213; false;3.46;0.315532833; 0.051414093; false
/home/experiments/nfa-bench/benchmarks/automata_inclusion/false-T232-lhs.mata,/home/experiments/nfa-bench/benchmarks/automata_inclusion/false-T232-rhs.mata;0.54; 0.439927; 0.145551; 0.0088; 0.0014;0.36;0.27253170000000004; 0.0421795000; False;0.37; 0.274908; 0.100827; 0.00116557; false;0.9; 0.496528; 0.173498;0.104913273; 0.109302; false;0.72; 0.507967; 0.172683;0.013103067999999999; 0.0550202; false;1.97; 0.6776; 0.0000; 0.0019; False;33.8; 0.6701; 4.8832; 28.3088; False;2.01; 0.6777; 0.2914; 0.0002; False;5.07;1.01967609; 0.095085872; false;2.42;0.258579807; 0.01892922; false
/home/experiments/nfa-bench/benchmarks/automata_inclusion/false-T233-lhs.mata,/home/experiments/nfa-bench/benchmarks/automata_inclusion/false-T233-rhs.mata;0.86; 0.562685; 0.218113; 0.0429; 0.0029;0.31;0.2380418; 0.0389481000; False;0.79; 0.634147; 0.17516; 0.000967183; false;0.74; 0.379513; 0.140119;0.1144115; 0.0926132; false;1.01; 0.666811; 0.21424;0.01885953; 0.11779; false;1.74; 0.7650; 0.0000; 0.0025; False;TO;MISSING;MISSING;MISSING;MISSING;2.91; 0.9533; 0.5813; 0.0004; False;6.18;1.035084766; 0.083527021; false;4.3;0.532199518; 0.35609128; false
/home/experiments/nfa-bench/benchmarks/automata_inclusion/false-T234-lhs.mata,/home/experiments/nfa-bench/benchmarks/automata_inclusion/false-T234-rhs.mata;0.87; 0.655775; 0.174395; 0.0350; 0.0033;0.49;0.3947803; 0.0593647000; False;0.89; 0.674752; 0.217902; 0.00294652; false;1.12; 0.649716; 0.207298;0.13775379999999998; 0.115508; false;1.04; 0.669833; 0.215968;0.02000367; 0.132996; false;1.96; 0.7384; 0.0000; 0.0020; False;TO;MISSING;MISSING;MISSING;MISSING;2.34; 0.7503; 0.5625; 0.0003; False;5.09;1.102079728; 0.089994484; false;4.07;0.449223151; 0.291425305; false
/home/experiments/nfa-bench/benchmarks/automata_inclusion/false-T235-lhs.mata,/home/experiments/nfa-bench/benchmarks/automata_inclusion/false-T235-rhs.mata;0.62; 0.464027; 0.183968; 0.0112; 0.0012;0.27;0.2373345; 0.0282954000; False;0.62; 0.488889; 0.150329; 0.00117752; false;0.49; 0.270153; 0.101312;0.057965141; 0.0593747; false;0.43; 0.310291; 0.0945039;0.008141328; 0.0374144; false;1.54; 0.3905; 0.0000; 0.0020; False;17.55; 0.3881; 3.2613; 13.3057; True;1.59; 0.4043; 0.1661; 0.0002; False;5.69;0.975045138; 0.1393534; false;2.42;0.252514452; 0.020667661; false
/home/experiments/nfa-bench/benchmarks/automata_inclusion/false-T236-lhs.mata,/home/experiments/nfa-bench/benchmarks/automata_inclusion/false-T236-rhs.mata;0.64; 0.478237; 0.156692; 0.0127; 0.0017;0.4;0.30751029999999996; 0.0482883000; False;0.64; 0.50202; 0.153706; 0.00162878; false;0.86; 0.498032; 0.159008;0.109986212; 0.0980428; false;0.6; 0.462824; 0.102671;0.009433133; 0.0421889; false;2.1; 0.7185; 0.0000; 0.0026; False;TO;MISSING;MISSING;MISSING;MISSING;2.36; 0.6807; 0.2510; 0.0003; False;5.28;0.890599481; 0.095378478; false;3.25;0.297634628; 0.032921753; false
/home/experiments/nfa-bench/benchmarks/automata_inclusion/false-T237-lhs.mata,/home/experiments/nfa-bench/benchmarks/automata_inclusion/false-T237-rhs.mata;0.36; 0.252143; 0.0951797; 0.0083; 0.0018;0.34;0.3017603; 0.0479981000; False;0.62; 0.531876; 0.15422; 0.00148546; false;0.68; 0.439627; 0.099925;0.089353528; 0.0560352; false;0.5; 0.404422; 0.0953947;0.008510135; 0.0379538; false;1.86; 0.6169; 0.0000; 0.0019; False;15.37; 0.7124; 4.5108; 9.1436; True;1.93; 0.5641; 0.2212; 0.0003; False;4.75;1.023401582; 0.065692945; false;2.94;0.34570252700000004; 0.078867261; false
/home/experiments/nfa-bench/benchmarks/automata_inclusion/false-T238-lhs.mata,/home/experiments/nfa-bench/benchmarks/automata_inclusion/false-T238-rhs.mata;0.54; 0.580023; 0.0976329; 0.0098; 0.0016;0.35;0.2615112; 0.0630281000; False;0.43; 0.28805; 0.14454; 0.00190428; false;0.85; 0.474114; 0.155025;0.10260807599999999; 0.101256; false;0.69; 0.488839; 0.15484;0.01461603; 0.0590277; false;2.01; 0.6889; 0.0000; 0.0023; False;TO;MISSING;MISSING;MISSING;MISSING;2.48; 0.7155; 0.3098; 0.0006; False;5.74;1.021546275; 0.074837185; false;2.82;0.31024560199999995; 0.026936055; false
/home/experiments/nfa-bench/benchmarks/automata_inclusion/false-T239-lhs.mata,/home/experiments/nfa-bench/benchmarks/automata_inclusion/false-T239-rhs.mata;0.69; 0.514871; 0.203094; 0.0148; 0.0022;0.41;0.3115792; 0.0517857000; False;0.66; 0.509214; 0.163368; 0.00185528; false;0.89; 0.493455; 0.164539;0.120609447; 0.105729; false;0.72; 0.499165; 0.162333;0.01538913; 0.0625526; false;2.16; 0.7128; 0.0000; 0.0023; False;TO;MISSING;MISSING;MISSING;MISSING;2.47; 0.7228; 0.3079; 0.0005; False;5.21;0.950969716; 0.084810198; false;3.74;0.493261364; 0.031964835; false
/home/experiments/nfa-bench/benchmarks/automata_inclusion/false-T24-lhs.mata,/home/experiments/nfa-bench/benchmarks/automata_inclusion/false-T24-rhs.mata;0.55; 0.478518; 0.152469; 0.0128; 0.0013;0.42;0.3076399; 0.0625134000; False;0.42; 0.31481; 0.110419; 0.00081099; false;0.9; 0.519343; 0.186613;0.10459142; 0.09474; false;0.43; 0.301504; 0.101219;0.008561833000000001; 0.035806; false;1.55; 0.4343; 0.0000; 0.0018; False;TO;MISSING;MISSING;MISSING;MISSING;1.85; 0.4782; 0.3016; 0.0007; False;4.9;1.144245465; 0.097594214; false;2.53;0.322281412; 0.029192148; false
/home/experiments/nfa-bench/benchmarks/automata_inclusion/false-T25-lhs.mata,/home/experiments/nfa-bench/benchmarks/automata_inclusion/false-T25-rhs.mata;0.68; 0.589014; 0.173545; 0.0156; 0.0016;0.42;0.31524820000000003; 0.0534952000; False;0.66; 0.50456; 0.16264; 0.0018743; false;0.9; 0.501837; 0.167431;0.10591599; 0.112085; false;0.75; 0.520528; 0.1635;0.014688184; 0.0600813; false;2.1; 0.7214; 0.0000; 0.0021; False;TO;MISSING;MISSING;MISSING;MISSING;2.73; 0.7840; 0.3523; 0.0009; False;6.96;1.107519699; 0.098460852; false;3.05;0.369064885; 0.040061415; false
/home/experiments/nfa-bench/benchmarks/automata_inclusion/false-T26-lhs.mata,/home/experiments/nfa-bench/benchmarks/automata_inclusion/false-T26-rhs.mata;0.72; 0.519642; 0.184761; 0.0185; 0.0025;0.42;0.30674690000000004; 0.0669943000; False;0.75; 0.564336; 0.197576; 0.00266696; false;0.98; 0.540535; 0.193138;0.11573212399999999; 0.119429; false;0.82; 0.554987; 0.189846;0.017948666000000002; 0.0777871; false;2.63; 0.7828; 0.0000; 0.0034; False;TO;MISSING;MISSING;MISSING;MISSING;2.78; 0.7813; 0.3378; 0.0007; False;6.82;1.2082384899999998; 0.144826739; false;2.5;0.276674876; 0.032786644; false
/home/experiments/nfa-bench/benchmarks/automata_inclusion/false-T27-lhs.mata,/home/experiments/nfa-bench/benchmarks/automata_inclusion/false-T27-rhs.mata;0.44; 0.31662; 0.112508; 0.0106; 0.0012;0.44;0.3205215; 0.0773290000; False;0.73; 0.611584; 0.167676; 0.00229257; false;1.72; 0.540685; 0.185692;0.12385877; 0.866004; false;0.77; 0.53151; 0.171104;0.0160773; 0.0663373; false;2.37; 0.7614; 0.0000; 0.0028; False;TO;MISSING;MISSING;MISSING;MISSING;2.78; 0.7871; 0.3432; 0.0043; False;6.41;0.9680802740000001; 0.091152358; false;2.99;0.378208663; 0.037944817; false
/home/experiments/nfa-bench/benchmarks/automata_inclusion/false-T28-lhs.mata,/home/experiments/nfa-bench/benchmarks/automata_inclusion/false-T28-rhs.mata;0.68; 0.505255; 0.167397; 0.0176; 0.0019;0.42;0.3222639; 0.0550844000; False;0.69; 0.53141; 0.17053; 0.00178524; false;0.94; 0.525005; 0.172915;0.11407661; 0.117172; false;0.75; 0.520412; 0.169477;0.016026116; 0.0668631; false;2.3; 0.7639; 0.0000; 0.0025; False;TO;MISSING;MISSING;MISSING;MISSING;2.69; 0.7663; 0.3356; 0.0012; False;6.58;1.1879141530000001; 0.098743016; false;3.14;0.36700689400000003; 0.03111839; false
/home/experiments/nfa-bench/benchmarks/automata_inclusion/false-T29-lhs.mata,/home/experiments/nfa-bench/benchmarks/automata_inclusion/false-T29-rhs.mata;0.71; 0.567391; 0.186092; 0.0206; 0.0020;0.44;0.3185015; 0.0727057000; False;0.69; 0.526975; 0.168683; 0.00177126; false;1.79; 0.537794; 0.182231;0.12895398; 0.923653; false;0.75; 0.544245; 0.167841;0.015003989999999998; 0.0597447; false;2.34; 0.7688; 0.0000; 0.0027; False;TO;MISSING;MISSING;MISSING;MISSING;2.33; 0.6633; 0.2164; 0.0011; False;5.51;1.000787612; 0.099537135; false;3.5;0.530643873; 0.045684038; false
/home/experiments/nfa-bench/benchmarks/automata_inclusion/true-Bakery4pBinEnc-FbOneOne-Nondet-Partial-A-2-lhs.mata,/home/experiments/nfa-bench/benchmarks/automata_inclusion/true-Bakery4pBinEnc-FbOneOne-Nondet-Partial-A-2-rhs.mata;0.9; 0.675255; 0.161291; 0.0620; 0.0185;1.54;0.49939469999999997; 0.8765151000; True;0.86; 0.686039; 0.165297; 0.0176168; true;4.01; 0.576668; 0.269104;0.1863658; 2.96869; true;0.95; 0.455738; 0.209132;0.023446500000000002; 0.239164; true;2.61; 1.1862; 0.0000; 0.0352; True;TO;MISSING;MISSING;MISSING;MISSING;3.27; 1.1932; 0.5837; 0.0198; True;7.42;1.222281956; 0.143708685; true;4.32;0.5163133799999999; 0.24717485; true
/home/experiments/nfa-bench/benchmarks/automata_inclusion/true-Bakery4pBinEnc-FbOneOne-Nondet-Partial-A-3-lhs.mata,/home/experiments/nfa-bench/benchmarks/automata_inclusion/true-Bakery4pBinEnc-FbOneOne-Nondet-Partial-A-3-rhs.mata;1.29; 0.828806; 0.280498; 0.1107; 0.0293;1.64;0.5032532; 0.9479455000; True;1.18; 0.872873; 0.269131; 0.0334151; true;4.19; 0.831301; 0.18657;0.13531900000000002; 3.02567; true;1.41; 0.862041; 0.261818;0.0242235; 0.253327; true;2.7; 1.2670; 0.0000; 0.0388; True;TO;MISSING;MISSING;MISSING;MISSING;2.52; 0.8214; 0.4172; 0.0132; True;6.74;1.142203274; 0.077905348; true;4.19;0.552054889; 0.219084918; true
/home/experiments/nfa-bench/benchmarks/automata_inclusion/true-Bakery4pBinEnc-FbOneOne-Nondet-Partiali-B-0-lhs.mata,/home/experiments/nfa-bench/benchmarks/automata_inclusion/true-Bakery4pBinEnc-FbOneOne-Nondet-Partiali-B-0-rhs.mata;1.24; 0.780707; 0.247877; 0.1294; 0.0362;1.76;0.5514055; 1.0318246000; True;0.78; 0.545778; 0.198783; 0.0215676; true;4.8; 0.497488; 0.177312;0.1388842; 3.96665; true;1.46; 0.887903; 0.26658;0.0255255; 0.280481; true;2.64; 1.2334; 0.0000; 0.0391; True;TO;MISSING;MISSING;MISSING;MISSING;2.27; 0.8271; 0.4215; 0.0153; True;7.35;1.3108334289999999; 0.113861615; true;4.33;0.479810599; 0.287687359; true
/home/experiments/nfa-bench/benchmarks/automata_inclusion/true-Bakery4pBinEnc-FbOneOne-Nondet-Partiali-B-1-lhs.mata,/home/experiments/nfa-bench/benchmarks/automata_inclusion/true-Bakery4pBinEnc-FbOneOne-Nondet-Partiali-B-1-rhs.mata;1.46; 1.1332; 0.305112; 0.1478; 0.0431;1.92;0.5879232000000001; 1.1599679000; True;1.31; 0.980706; 0.280017; 0.0395127; true;6.06; 0.920459; 0.283815;0.14479419999999998; 4.80591; true;1.4; 0.949025; 0.269943;0.016002409999999998; 0.212235; true;1.95; 0.8707; 0.0000; 0.0244; True;TO;MISSING;MISSING;MISSING;MISSING;2.59; 0.7881; 0.3823; 0.0149; True;7.52;1.4852664290000002; 0.089753927; true;3.75;0.6158723740000001; 0.346765672; true
/home/experiments/nfa-bench/benchmarks/automata_inclusion/true-IBakery-4P-BinEnc-BwBad-A-0-lhs.mata,/home/experiments/nfa-bench/benchmarks/automata_inclusion/true-IBakery-4P-BinEnc-BwBad-A-0-rhs.mata;13.23; 0.12886; 0.0359345; 13.4267; 0.1658;TO;0.1208599;MISSING;MISSING;0.38; 0.111619; 0.0379842; 0.246773; true;0.17; 0.108643; 0.0394497;0.01455524; 0.0181845; true;18.51; 0.11207; 0.0348344;0.0023772999999999997; 18.9963; true;1.35; 0.1091; 0.0000; 0.1747; True;TO;MISSING;MISSING;MISSING;MISSING;12.55; 0.1805; 11.0187; 0.1999; True;8.68;3.8702346080000005; 0.193399455; true;13.64;0.10482407399999999; 8.528239483; true
/home/experiments/nfa-bench/benchmarks/automata_inclusion/true-IBakery-4P-BinEnc-BwBadi-B-3-lhs.mata,/home/experiments/nfa-bench/benchmarks/automata_inclusion/true-IBakery-4P-BinEnc-BwBadi-B-3-rhs.mata;22.57; 0.144131; 0.040128; 22.6866; 0.4743;TO;0.1430255;MISSING;MISSING;0.64; 0.139589; 0.0455378; 0.470785; true;0.21; 0.136376; 0.0428921;0.01759592; 0.0224621; true;22.39; 0.138963; 0.0388397;0.0028648299999999996; 22.9663; true;1.22; 0.1114; 0.0000; 0.3006; True;TO;MISSING;MISSING;MISSING;MISSING;11.39; 0.1951; 10.1678; 0.0603; True;8.24;3.9294544469999995; 0.146311182; true;14.02;0.171019396; 8.596873337; true
/home/experiments/nfa-bench/benchmarks/automata_inclusion/true-IBakery-4P-BinEnc-BwBadi-B-4-lhs.mata,/home/experiments/nfa-bench/benchmarks/automata_inclusion/true-IBakery-4P-BinEnc-BwBadi-B-4-rhs.mata;18.57; 0.127505; 0.041171; 18.5376; 0.4709;TO;0.127683;MISSING;MISSING;0.62; 0.123124; 0.0414892; 0.482069; true;0.12; 0.0729813; 0.0234552;0.00988326; 0.0166448; true;20.69; 0.0784236; 0.0247907;0.00291537; 21.3493; true;1.92; 0.1960; 0.0000; 0.4886; True;TO;MISSING;MISSING;MISSING;MISSING;11.45; 0.1975; 10.1684; 0.0571; True;9.94;5.0178237569999995; 0.125940008; true;12.43;0.176177624; 6.93474836; true
/home/experiments/nfa-bench/benchmarks/automata_inclusion/true-IBakery4pBinEnc-FbOneOne-Nondet-Partial-A-2-lhs.mata,/home/experiments/nfa-bench/benchmarks/automata_inclusion/true-IBakery4pBinEnc-FbOneOne-Nondet-Partial-A-2-rhs.mata;2.68; 0.810411; 0.25458; 0.3665; 1.3792;11.79;0.7207991; 11.5426627000; True;1.77; 0.590437; 0.183629; 1.02605; true;1.2; 0.597992; 0.158502;0.1135738; 0.372; true;1.26; 0.464769; 0.266504;0.0269127; 0.519361; true;3.09; 0.7412; 0.0000; 1.4258; True;TO;MISSING;MISSING;MISSING;MISSING;2.98; 1.1693; 0.7045; 0.0100; True;5.29;1.258826172; 0.07996886; true;7.07;0.826727969; 0.566174349; true
/home/experiments/nfa-bench/benchmarks/automata_inclusion/true-IBakery4pBinEnc-FbOneOne-Nondet-Partial-A-3-lhs.mata,/home/experiments/nfa-bench/benchmarks/automata_inclusion/true-IBakery4pBinEnc-FbOneOne-Nondet-Partial-A-3-rhs.mata;2.13; 0.485856; 0.147938; 0.1977; 1.3070;13.4;0.6142434999999999; 13.1208210000; True;2.49; 0.995938; 0.241893; 1.47749; true;1.84; 0.853774; 0.263552;0.1815869; 0.519371; true;1.63; 0.832877; 0.249271;0.023550099999999997; 0.551599; true;4.1; 1.2457; 0.0000; 1.7098; True;TO;MISSING;MISSING;MISSING;MISSING;3.14; 1.2327; 0.7293; 0.0085; True;6.21;1.53667539; 0.102009857; true;5.64;1.008752763; 0.449814275; true
/home/experiments/nfa-bench/benchmarks/automata_inclusion/true-IBakery4pBinEnc-FbOneOne-Nondet-Partiali-B-0-lhs.mata,/home/experiments/nfa-bench/benchmarks/automata_inclusion/true-IBakery4pBinEnc-FbOneOne-Nondet-Partiali-B-0-rhs.mata;2.88; 0.859216; 0.247605; 0.3246; 1.5277;14.67;0.4248273; 14.4142932000; True;1.76; 0.714247; 0.157142; 0.914401; true;1.19; 0.481541; 0.164918;0.1282428; 0.399784; true;1.76; 0.888564; 0.267174;0.0261566; 0.590363; true;3.03; 0.7831; 0.0000; 1.3665; True;TO;MISSING;MISSING;MISSING;MISSING;3.22; 1.2782; 0.7368; 0.0098; True;5.93;1.383377517; 0.111156212; true;5.94;0.651320927; 0.630346134; true
/home/experiments/nfa-bench/benchmarks/automata_inclusion/true-IBakery4pBinEnc-FbOneOne-Nondet-Partiali-B-1-lhs.mata,/home/experiments/nfa-bench/benchmarks/automata_inclusion/true-IBakery4pBinEnc-FbOneOne-Nondet-Partiali-B-1-rhs.mata;3.15; 0.935878; 0.268024; 0.4806; 1.6637;21.48;0.5400511; 21.4099920000; True;2.2; 0.905416; 0.265756; 1.05931; true;2.12; 0.90866; 0.278405;0.2084; 0.70185; true;1.13; 0.503094; 0.17111;0.01632294; 0.445776; true;4.56; 1.3188; 0.0000; 1.8895; True;TO;MISSING;MISSING;MISSING;MISSING;3.56; 1.3388; 0.9086; 0.0120; True;8.39;1.34662585; 0.207666945; true;8.62;1.122535662; 0.680119882; true
/home/experiments/nfa-bench/benchmarks/automata_inclusion/true-IBakery4pBinEnc-FbOneOne-Nondet-Partiali-B-4-lhs.mata,/home/experiments/nfa-bench/benchmarks/automata_inclusion/true-IBakery4pBinEnc-FbOneOne-Nondet-Partiali-B-4-rhs.mata;2.65; 0.768335; 0.183099; 0.3418; 1.4296;20.08;0.5418744; 19.8614442000; True;2.14; 0.509833; 0.175651; 1.46917; true;1.67; 0.870276; 0.277667;0.1223004; 0.411242; true;1.95; 0.849472; 0.302378;0.0301492; 0.766931; true;4.02; 0.9140; 0.0000; 1.8073; True;TO;MISSING;MISSING;MISSING;MISSING;3.74; 1.3386; 0.9306; 0.0100; True;6.71;1.619528476; 0.079427889; true;6.71;1.233278902; 0.672476064; true
/home/experiments/nfa-bench/benchmarks/automata_inclusion/true-IBakery4pBinEnc-FbtOneOne-Nondet-A-0-lhs.mata,/home/experiments/nfa-bench/benchmarks/automata_inclusion/true-IBakery4pBinEnc-FbtOneOne-Nondet-A-0-rhs.mata;0.86; 0.485097; 0.130682; 0.1050; 0.1981;3.94;0.3009261; 3.5999473000; True;0.75; 0.429158; 0.134299; 0.18886; true;0.87; 0.427252; 0.136466;0.0876219; 0.225401; true;0.74; 0.425496; 0.132657;0.01223569; 0.181718; true;1.93; 0.3735; 0.0000; 0.2034; True;TO;MISSING;MISSING;MISSING;MISSING;2.45; 0.6252; 0.3056; 0.0047; True;5.35;0.954564649; 0.123113631; true;4.35;0.521369559; 0.280746128; true
/home/experiments/nfa-bench/benchmarks/automata_inclusion/true-IBakery4pBinEnc-FbtOneOne-Nondet-A-1-lhs.mata,/home/experiments/nfa-bench/benchmarks/automata_inclusion/true-IBakery4pBinEnc-FbtOneOne-Nondet-A-1-rhs.mata;0.9; 0.442203; 0.154667; 0.1079; 0.2145;3.24;0.3004333; 2.8725195000; True;0.53; 0.248258; 0.0933067; 0.187288; true;0.98; 0.478764; 0.169006;0.0936471; 0.244098; true;0.82; 0.47091; 0.146745;0.01149909; 0.199189; true;2.08; 0.6054; 0.0000; 0.2028; True;TO;MISSING;MISSING;MISSING;MISSING;2.23; 0.6142; 0.2949; 0.0048; True;4.37;0.684721644; 0.056886175; true;4.22;0.511094281; 0.275192132; true
/home/experiments/nfa-bench/benchmarks/automata_inclusion/true-IBakery4pBinEnc-FbtOneOne-Nondeti-B-3-lhs.mata,/home/experiments/nfa-bench/benchmarks/automata_inclusion/true-IBakery4pBinEnc-FbtOneOne-Nondeti-B-3-rhs.mata;0.85; 0.577911; 0.141819; 0.1038; 0.2157;3.78;0.1713664; 3.5665032000; True;0.84; 0.473028; 0.157394; 0.229846; true;0.93; 0.455675; 0.151808;0.0922998; 0.227178; true;0.85; 0.468397; 0.159024;0.01287213; 0.225661; true;2.28; 0.6522; 0.0000; 0.2388; True;TO;MISSING;MISSING;MISSING;MISSING;2.3; 0.6585; 0.3018; 0.0044; True;5.13;0.999860643; 0.107978243; true;3.88;0.58901681; 0.278936017; true
/home/experiments/nfa-bench/benchmarks/automata_inclusion/true-IBakery4pBinEnc-FbtOneOne-Nondeti-B-4-lhs.mata,/home/experiments/nfa-bench/benchmarks/automata_inclusion/true-IBakery4pBinEnc-FbtOneOne-Nondeti-B-4-rhs.mata;1.0; 0.486345; 0.154548; 0.1262; 0.2421;5.16;0.3092843; 4.8075962000; True;0.87; 0.487464; 0.156075; 0.239845; true;1.0; 0.511585; 0.165433;0.0995197; 0.235652; true;0.85; 0.481928; 0.151608;0.01447449; 0.214191; true;2.61; 0.7796; 0.0000; 0.2967; True;TO;MISSING;MISSING;MISSING;MISSING;2.63; 0.7348; 0.3345; 0.0054; True;5.63;0.849744282; 0.103009353; true;4.7;0.544468519; 0.346709569; true
/home/experiments/nfa-bench/benchmarks/automata_inclusion/true-IBakery4pBinEnc-FlOneOne-Nondet-A-0-lhs.mata,/home/experiments/nfa-bench/benchmarks/automata_inclusion/true-IBakery4pBinEnc-FlOneOne-Nondet-A-0-rhs.mata;0.76; 0.384935; 0.114224; 0.1490; 0.1335;4.25;0.2554872; 3.9288637000; True;0.67; 0.383995; 0.133887; 0.18292; true;0.82; 0.387525; 0.140176;0.055531; 0.246464; true;0.75; 0.377319; 0.117026;0.01088437; 0.263744; true;1.62; 0.3227; 0.0000; 0.1190; True;TO;MISSING;MISSING;MISSING;MISSING;2.43; 0.5649; 0.3723; 0.0075; True;5.5;1.1346887049999999; 0.09171365; true;4.08;0.337541938; 0.333311362; true
/home/experiments/nfa-bench/benchmarks/automata_inclusion/true-IBakery4pBinEnc-FlOneOne-Nondet-A-1-lhs.mata,/home/experiments/nfa-bench/benchmarks/automata_inclusion/true-IBakery4pBinEnc-FlOneOne-Nondet-A-1-rhs.mata;0.99; 0.418025; 0.145895; 0.1929; 0.2265;4.92;0.31791539999999996; 4.5152464000; True;0.77; 0.422141; 0.151529; 0.200397; true;0.94; 0.406798; 0.150026;0.089049; 0.277775; true;0.9; 0.42588; 0.153751;0.01163535; 0.320446; true;2.47; 0.6143; 0.0000; 0.2217; True;TO;MISSING;MISSING;MISSING;MISSING;2.57; 0.6224; 0.3630; 0.0073; True;5.28;0.95543646; 0.068192521; true;4.22;0.46890877799999997; 0.354820549; true
/home/experiments/nfa-bench/benchmarks/automata_inclusion/true-IBakery4pBinEnc-FlOneOne-Nondeti-B-1-lhs.mata,/home/experiments/nfa-bench/benchmarks/automata_inclusion/true-IBakery4pBinEnc-FlOneOne-Nondeti-B-1-rhs.mata;1.06; 0.672988; 0.156284; 0.2097; 0.2426;4.49;0.1903253; 4.2590014000; True;0.83; 0.484614; 0.183303; 0.17781; true;0.67; 0.291067; 0.122483;0.061495400000000006; 0.177981; true;1.0; 0.474933; 0.162353;0.01279804; 0.361455; true;2.7; 0.7484; 0.0000; 0.2448; True;TO;MISSING;MISSING;MISSING;MISSING;2.43; 0.6979; 0.4463; 0.0063; True;4.39;0.733608071; 0.069964893; true;4.68;0.395522562; 0.431473362; true
/home/experiments/nfa-bench/benchmarks/automata_inclusion/true-IBakery4pBinEnc-FlOneOne-Nondeti-B-2-lhs.mata,/home/experiments/nfa-bench/benchmarks/automata_inclusion/true-IBakery4pBinEnc-FlOneOne-Nondeti-B-2-rhs.mata;0.82; 0.370788; 0.122008; 0.1421; 0.1965;3.16;0.3889036; 2.7949908000; True;0.69; 0.390103; 0.13413; 0.181687; true;0.92; 0.413783; 0.154208;0.0838284; 0.265658; true;0.88; 0.416558; 0.156618;0.01018132; 0.306059; true;1.7; 0.3879; 0.0000; 0.1193; True;TO;MISSING;MISSING;MISSING;MISSING;2.27; 0.5833; 0.3344; 0.0070; True;5.75;1.3107635919999998; 0.125107771; true;4.37;0.421277625; 0.507527567; true
/home/experiments/nfa-bench/benchmarks/automata_inclusion/true-IBakery4pBinEnc-FlOneOne-Nondeti-B-3-lhs.mata,/home/experiments/nfa-bench/benchmarks/automata_inclusion/true-IBakery4pBinEnc-FlOneOne-Nondeti-B-3-rhs.mata;0.61; 0.249961; 0.0862791; 0.1104; 0.1717;3.9;0.2925284; 3.5361296000; True;0.79; 0.412589; 0.141474; 0.238434; true;1.09; 0.41555; 0.143963;0.0933416; 0.427281; true;0.84; 0.423022; 0.134483;0.01139517; 0.274779; true;1.7; 0.3844; 0.0000; 0.1540; True;TO;MISSING;MISSING;MISSING;MISSING;1.65; 0.4021; 0.2033; 0.0040; True;5.73;1.194014477; 0.067972337; true;4.76;0.447630578; 0.406603221; true
/home/experiments/nfa-bench/benchmarks/automata_inclusion/true-IBakery4pBinEnc-FlOneOne-Nondeti-B-4-lhs.mata,/home/experiments/nfa-bench/benchmarks/automata_inclusion/true-IBakery4pBinEnc-FlOneOne-Nondeti-B-4-rhs.mata;1.05; 0.43463; 0.148143; 0.2057; 0.2592;5.88;0.31873039999999997; 5.5083813000; True;0.75; 0.408149; 0.136965; 0.221996; true;1.05; 0.423503; 0.139668;0.08447940000000001; 0.402595; true;0.94; 0.447864; 0.154494;0.01229424; 0.341698; true;2.56; 0.6778; 0.0000; 0.2504; True;TO;MISSING;MISSING;MISSING;MISSING;2.56; 0.6716; 0.3940; 0.0070; True;5.48;1.027452165; 0.062372138; true;4.91;0.39741080100000004; 0.601574972; true
/home/experiments/nfa-bench/benchmarks/automata_inclusion/true-IBakery5PUnrEnc-FbOneOne-Nondet-Partial-A-0-lhs.mata,/home/experiments/nfa-bench/benchmarks/automata_inclusion/true-IBakery5PUnrEnc-FbOneOne-Nondet-Partial-A-0-rhs.mata;40.59; 10.2809; 0.756922; 29.9195; 0.4027;TO;1.0984978;MISSING;MISSING;5.93; 4.70078; 0.652714; 0.691065; true;8.04; 5.32102; 0.632898;0.4729125; 1.76649; true;TO; 3.63585; 0.597968;0.05874418;MISSING;MISSING;7.95; 5.9794; 0.0000; 0.8813; True;TO;MISSING;MISSING;MISSING;MISSING;TO;MISSING;MISSING;MISSING;MISSING;TO; 0.486071655;MISSING;MISSING;TO;2.00816241;MISSING;MISSING
/home/experiments/nfa-bench/benchmarks/automata_inclusion/true-IBakery5PUnrEnc-FbOneOne-Nondet-Partial-A-1-lhs.mata,/home/experiments/nfa-bench/benchmarks/automata_inclusion/true-IBakery5PUnrEnc-FbOneOne-Nondet-Partial-A-1-rhs.mata;36.18; 3.68463; 0.542291; 31.1981; 1.6024;TO;0.844672;MISSING;MISSING;6.43; 4.14286; 0.61231; 1.77059; true;7.43; 4.35666; 0.597008;0.3979871; 2.19345; true;TO; 2.4469; 0.401784;0.0287699;MISSING;MISSING;7.97; 4.8790; 0.0000; 2.4612; True;TO;MISSING;MISSING;MISSING;MISSING;TO;MISSING;MISSING;MISSING;MISSING;TO; 3.799679849;MISSING;MISSING;TO;2.156737076;MISSING;MISSING
/home/experiments/nfa-bench/benchmarks/automata_inclusion/true-IBakery5PUnrEnc-Rev-FbOneOne-Nondet-Partial-A-0-lhs.mata,/home/experiments/nfa-bench/benchmarks/automata_inclusion/true-IBakery5PUnrEnc-Rev-FbOneOne-Nondet-Partial-A-0-rhs.mata;TO; 0.597457; 0.168764;MISSING;MISSING;TO;0.3447186;MISSING;MISSING;5.04; 0.631038; 0.171125; 4.32788; true;2.01; 0.59249; 0.168981;0.07526221000000001; 1.20175; true;TO; 0.583267; 0.174922;0.00985103;MISSING;MISSING;6.68; 0.8321; 0.0000; 4.9037; True;TO;MISSING;MISSING;MISSING;MISSING;TO;MISSING;MISSING;MISSING;MISSING;TO; 1.874144832;MISSING;MISSING;TO;0.6348642609999999;MISSING;MISSING
/home/experiments/nfa-bench/benchmarks/automata_inclusion/true-IBakery5PUnrEnc-Rev-FbOneOne-Nondet-Partial-A-2-lhs.mata,/home/experiments/nfa-bench/benchmarks/automata_inclusion/true-IBakery5PUnrEnc-Rev-FbOneOne-Nondet-Partial-A-2-rhs.mata;TO; 0.622339; 0.163185;MISSING;MISSING;TO;0.3439604;MISSING;MISSING;4.38; 0.359503; 0.103781; 3.99537; true;2.07; 0.598664; 0.167403;0.07540974; 1.24676; true;TO; 0.605031; 0.163674;0.010666660000000001;MISSING;MISSING;7.96; 0.7461; 0.0000; 6.4134; True;TO;MISSING;MISSING;MISSING;MISSING;TO;MISSING;MISSING;MISSING;MISSING;TO; 2.119325577;MISSING;MISSING;TO;0.566896619;MISSING;MISSING
/home/experiments/nfa-bench/benchmarks/automata_inclusion/true-IBakery5PUnrEnc-Rev-FbOneOne-Nondet-Partiali-B-1-lhs.mata,/home/experiments/nfa-bench/benchmarks/automata_inclusion/true-IBakery5PUnrEnc-Rev-FbOneOne-Nondet-Partiali-B-1-rhs.mata;TO; 1.01944; 0.272476;MISSING;MISSING;TO;0.5926889;MISSING;MISSING;50.93; 0.610766; 0.192893; 50.5832; true;5.05; 1.13582; 0.341859;0.1259392; 3.54787; true;TO; 0.600069; 0.178563;0.01079545;MISSING;MISSING;TO;MISSING;MISSING;MISSING;MISSING;TO;MISSING;MISSING;MISSING;MISSING;TO;MISSING;MISSING;MISSING;MISSING;TO;MISSING;MISSING;MISSING;TO;0.824892499;MISSING;MISSING
/home/experiments/nfa-bench/benchmarks/automata_inclusion/true-T110-lhs.mata,/home/experiments/nfa-bench/benchmarks/automata_inclusion/true-T110-rhs.mata;0.02; 0.0221195; 0.00444763; 0.0013; 0.0001;0.11;0.0488575; 0.0326596000; True;0.02; 0.0167139; 0.00892938; 9.0109e-05; true;0.06; 0.016783; 0.00876965;0.0024247699999999997; 0.0413483; true;0.02; 0.0166273; 0.00867823;0.000388483; 0.00440204; true;1.0; 0.0334; 0.0000; 0.0005; True;17.75; 0.0554; 0.0273; 16.5929; True;1.34; 0.0520; 0.0198; 0.0006; True;1.6;0.174998956; 0.061109004; true;1.12;0.032489389; 0.033682382; true
/home/experiments/nfa-bench/benchmarks/automata_inclusion/true-T111-lhs.mata,/home/experiments/nfa-bench/benchmarks/automata_inclusion/true-T111-rhs.mata;0.06; 0.0475074; 0.0121558; 0.0029; 0.0005;0.2;0.0848039; 0.0677825000; True;0.05; 0.0424948; 0.0177838; 0.00030408; true;0.31; 0.0436938; 0.0175597;0.00604351; 0.261637; true;0.06; 0.0435216; 0.0162568;0.0010771309999999998; 0.00799867; true;0.87; 0.0412; 0.0000; 0.0005; True;TO;MISSING;MISSING;MISSING;MISSING;0.85; 0.0405; 0.0143; 0.0007; True;1.59;0.274413995; 0.058869576; true;1.02;0.042883831; 0.020569037; true
/home/experiments/nfa-bench/benchmarks/automata_inclusion/true-T112-lhs.mata,/home/experiments/nfa-bench/benchmarks/automata_inclusion/true-T112-rhs.mata;0.02; 0.0165168; 0.00409; 0.0012; 0.0001;0.17;0.0817637; 0.0491495000; True;0.03; 0.0281645; 0.0118078; 0.000117633; true;0.09; 0.0262746; 0.0122576;0.003652385; 0.0602398; true;0.05; 0.0305725; 0.0132642;0.000757561; 0.0074073; true;1.28; 0.0901; 0.0000; 0.0006; True;13.72; 0.0503; 0.0267; 12.6010; True;1.31; 0.0523; 0.0202; 0.0006; True;1.71;0.208913894; 0.059098729; true;1.32;0.042127751; 0.022769138; true
/home/experiments/nfa-bench/benchmarks/automata_inclusion/true-T115-lhs.mata,/home/experiments/nfa-bench/benchmarks/automata_inclusion/true-T115-rhs.mata;0.06; 0.0499564; 0.0127834; 0.0030; 0.0005;0.22;0.0929317; 0.0750524000; True;0.06; 0.0491632; 0.0186297; 0.000354026; true;0.36; 0.0469031; 0.0181046;0.00711; 0.302707; true;0.07; 0.0482847; 0.0181522;0.001162423; 0.0091049; true;1.27; 0.0777; 0.0000; 0.0009; True;TO;MISSING;MISSING;MISSING;MISSING;1.32; 0.0848; 0.0306; 0.0015; True;2.02;0.333927023; 0.045118919; true;1.51;0.12224094899999999; 0.056156844; true
/home/experiments/nfa-bench/benchmarks/automata_inclusion/true-T117-lhs.mata,/home/experiments/nfa-bench/benchmarks/automata_inclusion/true-T117-rhs.mata;0.03; 0.0264208; 0.00647192; 0.0015; 0.0003;0.12;0.053750700000000005; 0.0423834000; True;0.06; 0.0466337; 0.0185313; 0.0003446; true;0.35; 0.0479377; 0.0180234;0.00702736; 0.29745; true;0.08; 0.0518229; 0.0218336;0.001219811; 0.00963342; true;1.31; 0.0774; 0.0000; 0.0008; True;TO;MISSING;MISSING;MISSING;MISSING;1.34; 0.0840; 0.0315; 0.0015; True;2.03;0.26291798099999997; 0.076372837; true;1.34;0.048293513999999996; 0.022878314; true
/home/experiments/nfa-bench/benchmarks/automata_inclusion/true-T119-lhs.mata,/home/experiments/nfa-bench/benchmarks/automata_inclusion/true-T119-rhs.mata;0.05; 0.0364795; 0.0124177; 0.0028; 0.0005;0.19;0.0983709; 0.0706762000; True;0.06; 0.0483728; 0.0190827; 0.000320836; true;0.29; 0.0490714; 0.0136689;0.00402077; 0.25008; true;0.08; 0.0500439; 0.0180833;0.0012209809999999999; 0.00922427; true;1.22; 0.0459; 0.0000; 0.0007; True;TO;MISSING;MISSING;MISSING;MISSING;1.43; 0.0890; 0.0326; 0.0016; True;2.07;0.272905459; 0.063472068; true;1.53;0.054279709999999995; 0.0245325; true
/home/experiments/nfa-bench/benchmarks/automata_inclusion/true-T135-lhs.mata,/home/experiments/nfa-bench/benchmarks/automata_inclusion/true-T135-rhs.mata;0.03; 0.0276409; 0.00650514; 0.0023; 0.0000;0.18;0.0805216; 0.0513610000; True;0.02; 0.0261631; 0.0133284; 2.397e-05; true;0.04; 0.0262785; 0.0133;0.003906256; 0.00274624; true;0.04; 0.0269247; 0.0133028;0.000630764; 0.007153; true;1.47; 0.0503; 0.0000; 0.0001; True;1.5; 0.0520; 0.0251; 0.0583; True;1.53; 0.0544; 0.0178; 0.0001; True;2.04;0.287146146; 0.082122943; true;1.78;0.09558438200000001; 0.02412396; true
/home/experiments/nfa-bench/benchmarks/automata_inclusion/true-T136-lhs.mata,/home/experiments/nfa-bench/benchmarks/automata_inclusion/true-T136-rhs.mata;0.03; 0.0295962; 0.00722807; 0.0024; 0.0001;0.2;0.08740969999999999; 0.0560624000; True;0.03; 0.0284707; 0.0144771; 5.8598e-05; true;0.04; 0.0280245; 0.0137678;0.0041808309999999994; 0.00392523; true;0.04; 0.0278566; 0.0138445;0.000680184; 0.00829889; true;1.65; 0.0519; 0.0000; 0.0005; True;2.2; 0.0536; 0.0251; 0.4671; True;1.44; 0.0499; 0.0169; 0.0001; True;2.13;0.23677646; 0.074887409; true;1.6;0.054150211; 0.030673218; true
/home/experiments/nfa-bench/benchmarks/automata_inclusion/true-T137-lhs.mata,/home/experiments/nfa-bench/benchmarks/automata_inclusion/true-T137-rhs.mata;0.04; 0.0306582; 0.00809543; 0.0027; 0.0000;0.24;0.10543340000000001; 0.0649666000; True;0.03; 0.0279288; 0.0138303; 3.4395e-05; true;0.04; 0.0272174; 0.0147252;0.004236183; 0.00374226; true;0.04; 0.0276853; 0.0143705;0.000583897; 0.00721138; true;1.47; 0.0511; 0.0000; 0.0001; True;1.62; 0.0522; 0.0240; 0.0557; True;1.63; 0.0552; 0.0179; 0.0001; True;2.06;0.250301026; 0.052669545; true;1.56;0.044139300000000006; 0.02798129; true
/home/experiments/nfa-bench/benchmarks/automata_inclusion/true-T138-lhs.mata,/home/experiments/nfa-bench/benchmarks/automata_inclusion/true-T138-rhs.mata;0.04; 0.0314829; 0.00771293; 0.0025; 0.0002;0.21;0.08784879999999999; 0.0598344000; True;0.03; 0.0294175; 0.0148282; 8.5854e-05; true;0.04; 0.0291339; 0.0145977;0.004338628; 0.00433172; true;0.05; 0.0300441; 0.0148894;0.0006441890000000001; 0.00763792; true;1.53; 0.0460; 0.0000; 0.0006; True;3.96; 0.0518; 0.0241; 2.4313; True;1.14; 0.0310; 0.0096; 0.0002; True;1.67;0.19819062999999998; 0.050498181; true;1.4;0.043555675; 0.026243405; true
/home/experiments/nfa-bench/benchmarks/automata_inclusion/true-T139-lhs.mata,/home/experiments/nfa-bench/benchmarks/automata_inclusion/true-T139-rhs.mata;0.03; 0.028581; 0.00735184; 0.0023; 0.0001;0.19;0.08313079999999999; 0.0545869000; True;0.03; 0.03621; 0.014236; 5.611e-05; true;0.04; 0.0270307; 0.0148554;0.0037191159999999997; 0.00305113; true;0.04; 0.0279073; 0.0154329;0.000620021; 0.00708683; true;1.37; 0.0375; 0.0000; 0.0006; True;1.69; 0.0385; 0.0136; 0.2242; True;1.84; 0.0494; 0.0152; 0.0001; True;1.93;0.216248383; 0.062479185; true;1.69;0.060726336000000006; 0.023408454; true
/home/experiments/nfa-bench/benchmarks/automata_inclusion/true-T14-lhs.mata,/home/experiments/nfa-bench/benchmarks/automata_inclusion/true-T14-rhs.mata;0.03; 0.0287371; 0.00753444; 0.0021; 0.0001;0.21;0.1137825; 0.0583036000; True;0.03; 0.0282657; 0.0154022; 0.000104302; true;0.04; 0.0292221; 0.0150173;0.00420152; 0.00441127; true;0.05; 0.0313006; 0.0150779;0.0006938269999999999; 0.0076322; true;1.48; 0.0347; 0.0000; 0.0006; True;4.2; 0.0687; 0.0281; 2.4277; True;1.68; 0.0557; 0.0191; 0.0003; True;1.95;0.209486982; 0.05515169; true;1.58;0.067593736; 0.022118376; true
/home/experiments/nfa-bench/benchmarks/automata_inclusion/true-T15-lhs.mata,/home/experiments/nfa-bench/benchmarks/automata_inclusion/true-T15-rhs.mata;0.06; 0.0391989; 0.0133118; 0.0035; 0.0005;0.31;0.1275614; 0.0918497000; True;0.05; 0.0385912; 0.0211918; 0.000244694; true;0.19; 0.0396815; 0.0207975;0.00653011; 0.133292; true;0.07; 0.0405095; 0.0207776;0.000963144; 0.0127266; true;1.56; 0.0442; 0.0000; 0.0008; True;16.33; 0.0376; 0.0147; 15.2886; True;1.88; 0.0637; 0.0220; 0.0007; True;1.71;0.24841264000000002; 0.054057152; true;1.82;0.051932993999999996; 0.025374901; true
/home/experiments/nfa-bench/benchmarks/automata_inclusion/true-T16-lhs.mata,/home/experiments/nfa-bench/benchmarks/automata_inclusion/true-T16-rhs.mata;0.02; 0.0168795; 0.00419126; 0.0012; 0.0001;0.11;0.0507507; 0.0344747000; True;0.01; 0.0150544; 0.00859409; 5.2572e-05; true;0.02; 0.0141964; 0.00851326;0.002051998; 0.00205095; true;0.02; 0.0147356; 0.0093085;0.000394405; 0.00414478; true;2.16; 0.0697; 0.0000; 0.0010; True;4.72; 0.0602; 0.0271; 2.7002; True;1.85; 0.0618; 0.0213; 0.0004; True;2.2;0.29042424099999997; 0.079078713; true;1.51;0.039333015; 0.031014918; true
/home/experiments/nfa-bench/benchmarks/automata_inclusion/true-T18-lhs.mata,/home/experiments/nfa-bench/benchmarks/automata_inclusion/true-T18-rhs.mata;0.02; 0.0221878; 0.00547041; 0.0015; 0.0002;0.14;0.056480699999999995; 0.0430871000; True;0.04; 0.035082; 0.0181409; 0.00019172; true;0.16; 0.0374865; 0.0181049;0.005578700000000001; 0.101831; true;0.06; 0.0379961; 0.0171202;0.0008982279999999999; 0.00966311; true;1.97; 0.0778; 0.0000; 0.0011; True;16.12; 0.0729; 0.0335; 14.7624; True;2.37; 0.0824; 0.0283; 0.0009; True;2.47;0.297684693; 0.061110577; true;1.64;0.059687774; 0.023823915; true
/home/experiments/nfa-bench/benchmarks/automata_inclusion/true-T21-lhs.mata,/home/experiments/nfa-bench/benchmarks/automata_inclusion/true-T21-rhs.mata;1.73; 1.05067; 0.388662; 0.1909; 0.0561;1.85;0.5737249; 1.0427404000; True;1.33; 0.968385; 0.30871; 0.0380045; true;4.7; 0.548764; 0.194486;0.17596499999999998; 3.76438; true;1.52; 0.954399; 0.28949;0.024975900000000002; 0.265459; true;2.56; 1.2809; 0.0000; 0.0245; True;TO;MISSING;MISSING;MISSING;MISSING;3.0; 1.2967; 0.5051; 0.0203; True;6.32;0.997213111; 0.066614059; true;4.75;0.466661927; 0.285187007; true
/home/experiments/nfa-bench/benchmarks/automata_inclusion/true-T214-lhs.mata,/home/experiments/nfa-bench/benchmarks/automata_inclusion/true-T214-rhs.mata;0.63; 0.524495; 0.30613; 0.0181; 0.0086;0.49;0.35129770000000005; 0.3174526000; True;0.6; 0.451976; 0.200577; 0.00523922; true;2.61; 0.399951; 0.205498;0.09981883; 2.13652; true;0.61; 0.550588; 0.0955912;0.012819828; 0.0420011; true;1.9; 0.6822; 0.0000; 0.0107; True;TO;MISSING;MISSING;MISSING;MISSING;2.07; 0.6907; 0.2863; 0.0555; True;4.27;0.822276101; 0.084676636; true;2.61;0.29572089100000004; 0.064118841; true
/home/experiments/nfa-bench/benchmarks/automata_inclusion/true-T216-lhs.mata,/home/experiments/nfa-bench/benchmarks/automata_inclusion/true-T216-rhs.mata;0.44; 0.350638; 0.121289; 0.0159; 0.0087;0.52;0.2981253; 0.1848266000; True;0.45; 0.301798; 0.160305; 0.00872801; true;2.8; 0.582968; 0.164963;0.09540330000000001; 2.06697; true;0.64; 0.559276; 0.157586;0.01341579; 0.0423505; true;1.84; 0.6691; 0.0000; 0.0093; True;TO;MISSING;MISSING;MISSING;MISSING;2.1; 0.6902; 0.2828; 0.0676; True;4.84;0.844438298; 0.07564868; true;2.71;0.322345561; 0.104796293; true
/home/experiments/nfa-bench/benchmarks/automata_inclusion/true-T218-lhs.mata,/home/experiments/nfa-bench/benchmarks/automata_inclusion/true-T218-rhs.mata;0.69; 0.50476; 0.158838; 0.0203; 0.0089;0.56;0.5561258; 0.2643945000; True;0.39; 0.332561; 0.0975531; 0.00577802; true;2.49; 0.470696; 0.125995;0.0583488; 1.84535; true;0.72; 0.516596; 0.160614;0.01330601; 0.0462602; true;1.84; 0.7172; 0.0000; 0.0099; True;TO;MISSING;MISSING;MISSING;MISSING;2.19; 0.6416; 0.3911; 0.0273; True;5.17;1.032878735; 0.104044251; true;2.75;0.32283647400000004; 0.069326709; true
/home/experiments/nfa-bench/benchmarks/automata_inclusion/true-T22-lhs.mata,/home/experiments/nfa-bench/benchmarks/automata_inclusion/true-T22-rhs.mata;1.05; 0.597957; 0.253983; 0.1096; 0.0354;0.94;0.2931192; 0.5979290000; True;0.87; 0.692999; 0.171772; 0.0189691; true;4.06; 0.493033; 0.176042;0.1293087; 3.24523; true;0.81; 0.485947; 0.164138;0.01316669; 0.148831; true;2.44; 1.2628; 0.0000; 0.0364; True;TO;MISSING;MISSING;MISSING;MISSING;2.08; 0.8026; 0.3930; 0.0116; True;7.66;1.147672226; 0.144169942; true;4.07;0.616625663; 0.296636471; true
/home/experiments/nfa-bench/benchmarks/automata_inclusion/true-T220-lhs.mata,/home/experiments/nfa-bench/benchmarks/automata_inclusion/true-T220-rhs.mata;0.8; 0.560626; 0.199612; 0.0253; 0.0108;0.66;0.3539172; 0.2417220000; True;0.82; 0.600655; 0.213424; 0.0113316; true;6.01; 0.606179; 0.197602;0.12174070000000001; 5.13625; true;0.96; 0.639226; 0.248952;0.017084929999999998; 0.0768785; true;2.33; 0.6460; 0.0000; 0.0170; True;TO;MISSING;MISSING;MISSING;MISSING;3.24; 0.9486; 0.4745; 0.0295; True;6.48;1.1302095909999998; 0.101823525; true;4.34;0.45671843; 0.127725271; true
/home/experiments/nfa-bench/benchmarks/automata_inclusion/true-T221-lhs.mata,/home/experiments/nfa-bench/benchmarks/automata_inclusion/true-T221-rhs.mata;0.83; 0.572051; 0.208874; 0.0276; 0.0115;0.67;0.35557320000000003; 0.3247868000; True;0.83; 0.715936; 0.233891; 0.00713617; true;4.2; 0.597203; 0.206139;0.12055400000000001; 3.33119; true;0.49; 0.351566; 0.115423;0.008437838; 0.033796; true;1.92; 0.6522; 0.0000; 0.0120; True;TO;MISSING;MISSING;MISSING;MISSING;2.66; 0.8179; 0.4153; 0.0283; True;5.53;0.972833752; 0.115373074; true;3.27;0.32487912799999996; 0.134624416; true
/home/experiments/nfa-bench/benchmarks/automata_inclusion/true-T222-lhs.mata,/home/experiments/nfa-bench/benchmarks/automata_inclusion/true-T222-rhs.mata;0.67; 0.569462; 0.159223; 0.0233; 0.0092;0.58;0.3468753; 0.2198522000; True;0.67; 0.493102; 0.188075; 0.0108606; true;3.72; 0.569342; 0.131014;0.06656869; 3.10946; true;0.52; 0.403845; 0.106561;0.008591389999999999; 0.0320419; true;1.54; 0.4360; 0.0000; 0.0074; True;TO;MISSING;MISSING;MISSING;MISSING;1.82; 0.4888; 0.3863; 0.0280; True;6.28;1.2506541160000002; 0.188786333; true;4.18;0.665991177; 0.069429007; true
/home/experiments/nfa-bench/benchmarks/automata_inclusion/true-T223-lhs.mata,/home/experiments/nfa-bench/benchmarks/automata_inclusion/true-T223-rhs.mata;0.7; 0.506431; 0.170879; 0.0211; 0.0094;0.37;0.20040829999999998; 0.1389404000; True;0.4; 0.294298; 0.109843; 0.00528842; true;3.85; 0.525213; 0.16575;0.1068373; 3.0698; true;0.46; 0.365275; 0.106479;0.008116398; 0.0325229; true;1.34; 0.4161; 0.0000; 0.0072; True;TO;MISSING;MISSING;MISSING;MISSING;1.52; 0.4185; 0.2101; 0.0147; True;5.91;1.045354684; 0.089417697; true;3.81;0.389383203; 0.069178104; true
/home/experiments/nfa-bench/benchmarks/automata_inclusion/true-T225-lhs.mata,/home/experiments/nfa-bench/benchmarks/automata_inclusion/true-T225-rhs.mata;0.75; 0.604226; 0.17212; 0.0231; 0.0106;0.34;0.1834936; 0.1322919000; True;0.4; 0.301735; 0.108147; 0.00547884; true;5.01; 0.556296; 0.176661;0.11585970000000001; 4.19798; true;0.45; 0.303863; 0.111452;0.00957394; 0.03147; true;1.44; 0.4476; 0.0000; 0.0073; True;TO;MISSING;MISSING;MISSING;MISSING;2.88; 0.8148; 0.4219; 0.0296; True;6.64;1.104059283; 0.166147193; true;3.45;0.5456832110000001; 0.093835899; true
/home/experiments/nfa-bench/benchmarks/automata_inclusion/true-T226-lhs.mata,/home/experiments/nfa-bench/benchmarks/automata_inclusion/true-T226-rhs.mata;0.77; 0.565201; 0.183961; 0.0264; 0.0107;0.65;0.33999409999999997; 0.2423068000; True;0.81; 0.623999; 0.215399; 0.0122514; true;5.04; 0.587519; 0.21324;0.1206826; 4.13813; true;0.88; 0.605655; 0.212576;0.01550821; 0.0672425; true;2.54; 0.9045; 0.0000; 0.0129; True;TO;MISSING;MISSING;MISSING;MISSING;2.84; 0.8746; 0.4157; 0.0292; True;6.32;1.0014068120000001; 0.10094471; true;3.4;0.530345208; 0.08078847; true
/home/experiments/nfa-bench/benchmarks/automata_inclusion/true-T227-lhs.mata,/home/experiments/nfa-bench/benchmarks/automata_inclusion/true-T227-rhs.mata;0.82; 0.592832; 0.18777; 0.0229; 0.0098;0.67;0.3625283; 0.2441820000; True;0.82; 0.612046; 0.20724; 0.0107907; true;5.52; 0.625105; 0.228418;0.1236009; 4.55312; true;0.95; 0.670916; 0.228218;0.01728226; 0.0759965; true;2.56; 0.9198; 0.0000; 0.0154; True;TO;MISSING;MISSING;MISSING;MISSING;2.86; 0.8966; 0.4436; 0.0289; True;5.93;0.995254332; 0.170565653; true;3.12;0.38000676899999997; 0.070861383; true
/home/experiments/nfa-bench/benchmarks/automata_inclusion/true-T228-lhs.mata,/home/experiments/nfa-bench/benchmarks/automata_inclusion/true-T228-rhs.mata;0.74; 0.513582; 0.184023; 0.0270; 0.0114;0.38;0.21018440000000002; 0.1394497000; True;0.58; 0.374431; 0.190352; 0.0105032; true;3.61; 0.496817; 0.124488;0.07138446; 2.94221; true;0.8; 0.571804; 0.179038;0.015571620000000001; 0.0572024; true;2.34; 0.8449; 0.0000; 0.0131; True;TO;MISSING;MISSING;MISSING;MISSING;2.56; 0.8205; 0.4105; 0.0281; True;5.71;1.034215087; 0.194021966; true;3.2;0.32885233199999997; 0.083922811; true
/home/experiments/nfa-bench/benchmarks/automata_inclusion/true-T229-lhs.mata,/home/experiments/nfa-bench/benchmarks/automata_inclusion/true-T229-rhs.mata;0.5; 0.388067; 0.107749; 0.0130; 0.0055;0.67;0.3542789; 0.2449085000; True;0.42; 0.319905; 0.113161; 0.00482236; true;5.69; 0.575454; 0.207719;0.0839229; 4.88937; true;0.85; 0.592318; 0.189802;0.01637548; 0.0631779; true;2.39; 0.8397; 0.0000; 0.0126; True;TO;MISSING;MISSING;MISSING;MISSING;1.66; 0.4937; 0.2767; 0.0149; True;6.19;1.236303383; 0.091023406; true;3.71;0.487380276; 0.151387491; true
/home/experiments/nfa-bench/benchmarks/automata_inclusion/true-T230-lhs.mata,/home/experiments/nfa-bench/benchmarks/automata_inclusion/true-T230-rhs.mata;0.57; 0.567831; 0.113425; 0.0170; 0.0065;0.65;0.3489252; 0.2481928000; True;0.5; 0.327822; 0.154679; 0.011942; true;4.41; 0.390629; 0.120834;0.08635967; 3.84206; true;0.76; 0.545399; 0.169328;0.01417986; 0.050279; true;2.03; 0.7376; 0.0000; 0.0099; True;TO;MISSING;MISSING;MISSING;MISSING;1.9; 0.4996; 0.2507; 0.0154; True;5.08;0.839722283; 0.143988674; true;3.3;0.5447838239999999; 0.081555684; true
