name;automata-runtime;automata-construction;automata-trim;automata-intersection;automata-emptiness_check;automata-emptiness_result;automata-interpretation;automata-overall;automata-min-runtime;automata-min-construction;automata-min-trim;automata-min-intersection;automata-min-emptiness_check;automata-min-emptiness_result;automata-min-interpretation;automata-min-overall
/home/experiments/nfa-bench/benchmarks/bool_comb/intersect/expbranching-10-*.mata;0.34;0.06476780000000001;0.016897899999999997;0.25917579999999996; 0.0002013000; True; 0.2791252000; 0.3837141000;1.11;0.07637240000000001;0.0172088;0.2360907; 0.0002864000; True; 0.2562157000; 0.3801446000
/home/experiments/nfa-bench/benchmarks/bool_comb/intersect/expbranching-11-*.mata;0.5;0.0916016;0.0297952;0.3471531; 0.0002712000; True; 0.3800005000; 0.5322455000;1.37;0.03920209999999999;0.0313339;0.46484860000000006; 0.0001788000; True; 0.5011079000; 0.5939680000
/home/experiments/nfa-bench/benchmarks/bool_comb/intersect/expbranching-12-*.mata;1.19;0.1006015;0.05650469999999999;1.0413394; 0.0003441000; True; 1.1013978000; 1.2620577000;1.88;0.0416672;0.0502061;1.0841316; 0.0001625000; True; 1.1375920000; 1.2315903000
/home/experiments/nfa-bench/benchmarks/bool_comb/intersect/expbranching-13-*.mata;2.32;0.0874594;0.0873585;2.1992542; 0.0001929000; True; 2.2899757000; 2.4352450000;3.13;0.04345340000000001;0.1041568;2.1983159; 0.0001571000; True; 2.3054531000; 2.4250248000
/home/experiments/nfa-bench/benchmarks/bool_comb/intersect/expbranching-14-*.mata;4.74;0.09847979999999998;0.2821184;4.2821489; 0.0002719000; True; 4.5683505000; 4.7203600000;5.54;0.03788219999999999;0.1740251;4.5172129; 0.0004421000; True; 4.6962827000; 4.8235267000
/home/experiments/nfa-bench/benchmarks/bool_comb/intersect/expbranching-15-*.mata;11.0;0.0860427;0.4238348;10.161462400000001; 0.0003832000; True; 10.5921239000; 10.7161937000;11.38;0.04509169999999999;0.42775230000000003;9.6061873; 0.0004302000; True; 10.0383938000; 10.1285645000
/home/experiments/nfa-bench/benchmarks/bool_comb/intersect/expbranching-16-*.mata;23.08;0.12096660000000001;0.7946903999999999;22.0383584; 0.0002723000; True; 22.8395977000; 23.0243368000;23.38;0.0826659;0.8471885;20.537919000000002; 0.0001427000; True; 21.3886296000; 21.5672944000
/home/experiments/nfa-bench/benchmarks/bool_comb/intersect/expbranching-17-*.mata;49.24;0.091918;1.8085892;44.957947000000004; 0.0002661000; True; 46.7717432000; 46.9092113000;52.01;0.0526672;1.6086327999999999;47.6683662; 0.0003481000; True; 49.2827760000; 49.3954492000
/home/experiments/nfa-bench/benchmarks/bool_comb/intersect/expbranching-18-*.mata;TO;0.1038024;1.9212666999999999;57.0146366;MISSING;MISSING;MISSING;MISSING;TO;0.0563605;1.7243762999999999;31.2958098;MISSING;MISSING;MISSING;MISSING
/home/experiments/nfa-bench/benchmarks/bool_comb/intersect/expbranching-19-*.mata;TO;0.1081331;2.1955210000000003;29.1892317;MISSING;MISSING;MISSING;MISSING;TO;0.0603151;1.713323;30.980642200000002;MISSING;MISSING;MISSING;MISSING
/home/experiments/nfa-bench/benchmarks/bool_comb/intersect/expbranching-2-*.mata;0.14;0.0459473;0.0091717; 0.0159122000; 0.0002015000; True; 0.0276573000; 0.1204732000;0.99;0.0379367;0.0098477; 0.0143710000; 0.0002097000; True; 0.0267386000; 0.1206460000
/home/experiments/nfa-bench/benchmarks/bool_comb/intersect/expbranching-20-*.mata;TO;0.1267223;2.2606206;39.665822500000004;MISSING;MISSING;MISSING;MISSING;TO;0.0599611;2.0758398;35.8737286;MISSING;MISSING;MISSING;MISSING
/home/experiments/nfa-bench/benchmarks/bool_comb/intersect/expbranching-21-*.mata;TO;0.15399919999999997;2.5148342;39.264395199999996;MISSING;MISSING;MISSING;MISSING;TO;0.055515700000000015;1.878571;41.92855730000001;MISSING;MISSING;MISSING;MISSING
/home/experiments/nfa-bench/benchmarks/bool_comb/intersect/expbranching-22-*.mata;TO;0.11248259999999999;2.5642082;44.1644349;MISSING;MISSING;MISSING;MISSING;TO;0.03903539999999998;2.4670216;40.71855790000001;MISSING;MISSING;MISSING;MISSING
/home/experiments/nfa-bench/benchmarks/bool_comb/intersect/expbranching-23-*.mata;TO;0.1662002;2.2405585;45.373704700000005;MISSING;MISSING;MISSING;MISSING;TO;0.06423219999999999;2.4874168;44.9587118;MISSING;MISSING;MISSING;MISSING
/home/experiments/nfa-bench/benchmarks/bool_comb/intersect/expbranching-24-*.mata;TO;0.16099600000000003;2.6200435;45.8332566;MISSING;MISSING;MISSING;MISSING;TO;0.06413329999999999;2.5894338;46.3459377;MISSING;MISSING;MISSING;MISSING
/home/experiments/nfa-bench/benchmarks/bool_comb/intersect/expbranching-25-*.mata;TO;0.0914135;2.9142558;49.1492214;MISSING;MISSING;MISSING;MISSING;TO;0.06249400000000001;2.7324529;52.1266669;MISSING;MISSING;MISSING;MISSING
/home/experiments/nfa-bench/benchmarks/bool_comb/intersect/expbranching-26-*.mata;TO;0.16949510000000004;2.4142438;51.840947;MISSING;MISSING;MISSING;MISSING;TO;0.09751169999999999;3.0546355;53.06297140000001;MISSING;MISSING;MISSING;MISSING
/home/experiments/nfa-bench/benchmarks/bool_comb/intersect/expbranching-27-*.mata;TO;0.1888288;3.3828487000000003;53.6260271;MISSING;MISSING;MISSING;MISSING;TO;0.07749950000000001;3.3304885;50.8317967;MISSING;MISSING;MISSING;MISSING
/home/experiments/nfa-bench/benchmarks/bool_comb/intersect/expbranching-28-*.mata;TO;0.174914;1.4700568;30.6921543;MISSING;MISSING;MISSING;MISSING;TO;0.07352890000000001;1.6534614;29.8033305;MISSING;MISSING;MISSING;MISSING
/home/experiments/nfa-bench/benchmarks/bool_comb/intersect/expbranching-29-*.mata;TO;0.16603310000000002;1.9573841;30.084212899999997;MISSING;MISSING;MISSING;MISSING;TO;0.10006130000000002;1.9579751;31.5211245;MISSING;MISSING;MISSING;MISSING
/home/experiments/nfa-bench/benchmarks/bool_comb/intersect/expbranching-3-*.mata;0.13;0.0488546;0.008837099999999999;0.0134848; 0.0002549000; True; 0.0250899000; 0.1153149000;0.9;0.037807600000000004;0.008781299999999999;0.0146083; 0.0002421000; True; 0.0265094000; 0.1176028000
/home/experiments/nfa-bench/benchmarks/bool_comb/intersect/expbranching-30-*.mata;TO;0.19415759999999996;1.8287124;31.517378899999997;MISSING;MISSING;MISSING;MISSING;TO;0.07542510000000001;1.5958284;32.5170106;MISSING;MISSING;MISSING;MISSING
/home/experiments/nfa-bench/benchmarks/bool_comb/intersect/expbranching-31-*.mata;TO;0.22475050000000002;1.2523631;34.4828453;MISSING;MISSING;MISSING;MISSING;TO;0.07709530000000002;2.258742;33.691543499999995;MISSING;MISSING;MISSING;MISSING
/home/experiments/nfa-bench/benchmarks/bool_comb/intersect/expbranching-32-*.mata;TO;0.14484459999999996;2.0837468;38.382213899999996;MISSING;MISSING;MISSING;MISSING;TO;0.07464779999999999;1.7847867;37.5708946;MISSING;MISSING;MISSING;MISSING
/home/experiments/nfa-bench/benchmarks/bool_comb/intersect/expbranching-33-*.mata;TO;0.1584996;1.7678712;34.9903059;MISSING;MISSING;MISSING;MISSING;TO;0.0812923;1.9286770999999998;35.7936167;MISSING;MISSING;MISSING;MISSING
/home/experiments/nfa-bench/benchmarks/bool_comb/intersect/expbranching-34-*.mata;TO;0.18191889999999997;2.2391496;36.2608175;MISSING;MISSING;MISSING;MISSING;TO;0.09183339999999998;2.1638029;35.529077099999995;MISSING;MISSING;MISSING;MISSING
/home/experiments/nfa-bench/benchmarks/bool_comb/intersect/expbranching-35-*.mata;TO;0.24905639999999996;2.7147356;43.110736;MISSING;MISSING;MISSING;MISSING;TO;0.0713703;1.9776804000000001;41.1181078;MISSING;MISSING;MISSING;MISSING
/home/experiments/nfa-bench/benchmarks/bool_comb/intersect/expbranching-36-*.mata;TO;0.26040309999999994;1.7048455;37.2772444;MISSING;MISSING;MISSING;MISSING;TO;0.09307660000000004;1.6984545999999998;45.6391568;MISSING;MISSING;MISSING;MISSING
/home/experiments/nfa-bench/benchmarks/bool_comb/intersect/expbranching-37-*.mata;TO;0.18553709999999995;2.3271524;39.509359599999996;MISSING;MISSING;MISSING;MISSING;TO;0.08137230000000002;2.2543898;44.612879199999995;MISSING;MISSING;MISSING;MISSING
/home/experiments/nfa-bench/benchmarks/bool_comb/intersect/expbranching-38-*.mata;TO;0.24011229999999995;2.1811033;41.281387499999994;MISSING;MISSING;MISSING;MISSING;TO;0.10124509999999999;2.0637288;45.2015924;MISSING;MISSING;MISSING;MISSING
/home/experiments/nfa-bench/benchmarks/bool_comb/intersect/expbranching-39-*.mata;TO;0.32118889999999994;2.1875126;46.0537075;MISSING;MISSING;MISSING;MISSING;TO;0.10172429999999999;2.2509069999999998;48.11316359999999;MISSING;MISSING;MISSING;MISSING
/home/experiments/nfa-bench/benchmarks/bool_comb/intersect/expbranching-4-*.mata;0.13;0.0509132;0.009615100000000003;0.015617099999999998; 0.0003712000; True; 0.0283680000; 0.1208820000;0.88;0.0374917;0.0099394;0.0157728; 0.0003203000; True; 0.0285618000; 0.1210308000
/home/experiments/nfa-bench/benchmarks/bool_comb/intersect/expbranching-40-*.mata;TO;0.2834358999999999;1.981822;53.131110899999996;MISSING;MISSING;MISSING;MISSING;TO;0.1019849;2.0213235;50.105412099999995;MISSING;MISSING;MISSING;MISSING
/home/experiments/nfa-bench/benchmarks/bool_comb/intersect/expbranching-41-*.mata;TO;0.3582579;2.3740764;52.709683;MISSING;MISSING;MISSING;MISSING;TO;0.11523920000000003;2.5270501999999997;49.0473012;MISSING;MISSING;MISSING;MISSING
/home/experiments/nfa-bench/benchmarks/bool_comb/intersect/expbranching-42-*.mata;TO;0.3272768999999999;2.7218977;47.6686752;MISSING;MISSING;MISSING;MISSING;TO;0.0711346;2.1190289;51.830617000000004;MISSING;MISSING;MISSING;MISSING
/home/experiments/nfa-bench/benchmarks/bool_comb/intersect/expbranching-43-*.mata;TO;0.3365464999999999;2.3787615000000004;52.5747229;MISSING;MISSING;MISSING;MISSING;TO;0.1227945;2.3471082;53.8331612;MISSING;MISSING;MISSING;MISSING
/home/experiments/nfa-bench/benchmarks/bool_comb/intersect/expbranching-44-*.mata;TO;0.3517816999999999;2.0941287;55.351753099999996;MISSING;MISSING;MISSING;MISSING;TO;0.12595460000000003;2.4123421;52.12038390000001;MISSING;MISSING;MISSING;MISSING
/home/experiments/nfa-bench/benchmarks/bool_comb/intersect/expbranching-45-*.mata;TO;0.34465439999999997;1.239329;57.2519006;MISSING;MISSING;MISSING;MISSING;TO;0.1309262;1.3771922;31.6442012;MISSING;MISSING;MISSING;MISSING
/home/experiments/nfa-bench/benchmarks/bool_comb/intersect/expbranching-46-*.mata;TO;0.23772020000000005;1.2965441;31.061769299999998;MISSING;MISSING;MISSING;MISSING;TO;0.1190533;1.2410222;31.142305;MISSING;MISSING;MISSING;MISSING
/home/experiments/nfa-bench/benchmarks/bool_comb/intersect/expbranching-47-*.mata;TO;0.3583182000000001;1.3142146000000001;31.8822444;MISSING;MISSING;MISSING;MISSING;TO;0.13946090000000003;1.209975;32.4360171;MISSING;MISSING;MISSING;MISSING
/home/experiments/nfa-bench/benchmarks/bool_comb/intersect/expbranching-48-*.mata;TO;0.26577949999999995;1.5934007000000001;29.224096799999998;MISSING;MISSING;MISSING;MISSING;TO;0.12061790000000003;1.253597;31.3897596;MISSING;MISSING;MISSING;MISSING
/home/experiments/nfa-bench/benchmarks/bool_comb/intersect/expbranching-49-*.mata;TO;0.2559503;1.6851319;30.900792;MISSING;MISSING;MISSING;MISSING;TO;0.08331159999999999;1.6194107999999998;34.219412199999994;MISSING;MISSING;MISSING;MISSING
/home/experiments/nfa-bench/benchmarks/bool_comb/intersect/expbranching-5-*.mata;0.14;0.05738030000000001;0.010015700000000002;0.0146264; 0.0001668000; True; 0.0278585000; 0.1310245000;0.92;0.029524299999999996;0.0059922;0.010424600000000001; 0.0002624000; True; 0.0192536000; 0.1024075000
/home/experiments/nfa-bench/benchmarks/bool_comb/intersect/expbranching-50-*.mata;TO;0.39975499999999997;1.4715046;32.087181599999994;MISSING;MISSING;MISSING;MISSING;TO;0.08596479999999998;1.3178869999999998;29.8535624;MISSING;MISSING;MISSING;MISSING
/home/experiments/nfa-bench/benchmarks/bool_comb/intersect/expbranching-51-*.mata;TO;0.42164180000000007;1.2538444;31.141700699999998;MISSING;MISSING;MISSING;MISSING;TO;0.08293650000000002;1.1719836;33.5486266;MISSING;MISSING;MISSING;MISSING
/home/experiments/nfa-bench/benchmarks/bool_comb/intersect/expbranching-52-*.mata;TO;0.4195778;1.3381958999999999;35.907972400000006;MISSING;MISSING;MISSING;MISSING;TO;0.15560719999999997;1.1638923;32.787536;MISSING;MISSING;MISSING;MISSING
/home/experiments/nfa-bench/benchmarks/bool_comb/intersect/expbranching-53-*.mata;TO;0.42125760000000007;1.758097;34.2885168;MISSING;MISSING;MISSING;MISSING;TO;0.14914819999999995;1.2813442;35.5348603;MISSING;MISSING;MISSING;MISSING
/home/experiments/nfa-bench/benchmarks/bool_comb/intersect/expbranching-54-*.mata;TO;0.3469436;1.287509;35.9680726;MISSING;MISSING;MISSING;MISSING;TO;0.15917660000000006;1.5001605;35.4094386;MISSING;MISSING;MISSING;MISSING
/home/experiments/nfa-bench/benchmarks/bool_comb/intersect/expbranching-55-*.mata;TO;0.4926072;1.7990067;39.5813873;MISSING;MISSING;MISSING;MISSING;TO;0.10242559999999998;1.4057212;41.6919004;MISSING;MISSING;MISSING;MISSING
/home/experiments/nfa-bench/benchmarks/bool_comb/intersect/expbranching-56-*.mata;TO;0.4544772;1.9138589000000001;39.631687400000004;MISSING;MISSING;MISSING;MISSING;TO;0.17337359999999996;1.2999732000000002;37.909165099999996;MISSING;MISSING;MISSING;MISSING
/home/experiments/nfa-bench/benchmarks/bool_comb/intersect/expbranching-57-*.mata;TO;0.48211369999999987;1.3929447000000001;43.3486637;MISSING;MISSING;MISSING;MISSING;TO;0.13160279999999996;1.7402727;41.320602300000004;MISSING;MISSING;MISSING;MISSING
/home/experiments/nfa-bench/benchmarks/bool_comb/intersect/expbranching-58-*.mata;TO;0.35300819999999994;1.5957374;38.3439155;MISSING;MISSING;MISSING;MISSING;TO;0.11083370000000003;1.6109224000000002;40.1943172;MISSING;MISSING;MISSING;MISSING
/home/experiments/nfa-bench/benchmarks/bool_comb/intersect/expbranching-59-*.mata;TO;0.5185718000000002;1.5267235000000001;40.850856300000004;MISSING;MISSING;MISSING;MISSING;TO;0.1034897;1.3615498;43.851221699999996;MISSING;MISSING;MISSING;MISSING
/home/experiments/nfa-bench/benchmarks/bool_comb/intersect/expbranching-6-*.mata;0.14;0.056832799999999996;0.009072799999999999;0.0191409; 0.0001933000; True; 0.0309622000; 0.1309847000;0.94;0.0367757;0.017537899999999995;0.0184188; 0.0002697000; True; 0.0388637000; 0.1271918000
/home/experiments/nfa-bench/benchmarks/bool_comb/intersect/expbranching-60-*.mata;TO;0.5070872999999999;1.6122427;42.2691612;MISSING;MISSING;MISSING;MISSING;TO;0.14068089999999997;1.4755711;43.678738100000004;MISSING;MISSING;MISSING;MISSING
/home/experiments/nfa-bench/benchmarks/bool_comb/intersect/expbranching-7-*.mata;0.14;0.0607727;0.010842800000000003;0.0214977; 0.0001853000; True; 0.0363461000; 0.1410301000;0.92;0.041062600000000005;0.011303799999999998;0.027708800000000006; 0.0004326000; True; 0.0422262000; 0.1386762000
/home/experiments/nfa-bench/benchmarks/bool_comb/intersect/expbranching-8-*.mata;0.17;0.06164249999999999;0.011184199999999998;0.041603600000000004; 0.0002526000; True; 0.0570650000; 0.1628035000;0.93;0.0427617;0.011158800000000002;0.0583679; 0.0002609000; True; 0.0725355000; 0.1705057000
/home/experiments/nfa-bench/benchmarks/bool_comb/intersect/expbranching-9-*.mata;0.2;0.04489470000000001;0.011431400000000001;0.10178419999999999; 0.0002115000; True; 0.1160496000; 0.2021973000;1.09;0.042280099999999994;0.0128773;0.11308109999999999; 0.0002863000; True; 0.1293098000; 0.2284642000
/home/experiments/nfa-bench/benchmarks/bool_comb/intersect/exppaths1-10-*.mata;TO;0.0555915;0.18895009999999998;2.1656067;MISSING;MISSING;MISSING;MISSING;TO;0.09070099999999999;0.2242695;2.8135939000000003;MISSING;MISSING;MISSING;MISSING
/home/experiments/nfa-bench/benchmarks/bool_comb/intersect/exppaths1-11-*.mata;TO;0.0433478;0.3725497;4.8489628;MISSING;MISSING;MISSING;MISSING;TO;0.0518745;0.3281577;4.2953331;MISSING;MISSING;MISSING;MISSING
/home/experiments/nfa-bench/benchmarks/bool_comb/intersect/exppaths1-12-*.mata;TO;0.068595;0.3799323;4.682476100000001;MISSING;MISSING;MISSING;MISSING;TO;0.09185760000000001;0.3366186;4.853703599999999;MISSING;MISSING;MISSING;MISSING
/home/experiments/nfa-bench/benchmarks/bool_comb/intersect/exppaths1-13-*.mata;TO;0.0674092;0.4054617;5.178859;MISSING;MISSING;MISSING;MISSING;TO;0.059823699999999994;0.4182461;4.8593454000000005;MISSING;MISSING;MISSING;MISSING
/home/experiments/nfa-bench/benchmarks/bool_comb/intersect/exppaths1-14-*.mata;TO;0.07374600000000002;0.3790816;5.4357165;MISSING;MISSING;MISSING;MISSING;TO;0.10541980000000001;0.35221759999999996;5.3146721999999995;MISSING;MISSING;MISSING;MISSING
/home/experiments/nfa-bench/benchmarks/bool_comb/intersect/exppaths1-15-*.mata;TO;0.11107199999999999;0.4361898;5.3645778;MISSING;MISSING;MISSING;MISSING;TO;0.12231089999999999;0.3619344;5.2075628;MISSING;MISSING;MISSING;MISSING
/home/experiments/nfa-bench/benchmarks/bool_comb/intersect/exppaths1-16-*.mata;TO;0.0781012;0.3618937;4.9980307;MISSING;MISSING;MISSING;MISSING;TO;0.137178;0.3836166;5.4092074;MISSING;MISSING;MISSING;MISSING
/home/experiments/nfa-bench/benchmarks/bool_comb/intersect/exppaths1-17-*.mata;TO;0.1388501;0.4031185;5.0139267;MISSING;MISSING;MISSING;MISSING;TO;0.1568524;0.3268318;4.5186636;MISSING;MISSING;MISSING;MISSING
/home/experiments/nfa-bench/benchmarks/bool_comb/intersect/exppaths1-18-*.mata;TO;0.08153980000000002;0.4632369;5.2978122999999995;MISSING;MISSING;MISSING;MISSING;TO;0.1668174;0.3216624;5.6123142;MISSING;MISSING;MISSING;MISSING
/home/experiments/nfa-bench/benchmarks/bool_comb/intersect/exppaths1-19-*.mata;TO;0.0792882;0.3248663;5.0502927;MISSING;MISSING;MISSING;MISSING;TO;0.11762689999999996;0.3552553;5.560527;MISSING;MISSING;MISSING;MISSING
/home/experiments/nfa-bench/benchmarks/bool_comb/intersect/exppaths1-2-*.mata;0.14;0.050722199999999995;0.0103278; 0.0276130000; 0.0002062000; True; 0.0406235000; 0.1322712000;0.87;0.038683;0.0091418; 0.0266504000; 0.0003130000; True; 0.0384697000; 0.1294517000
/home/experiments/nfa-bench/benchmarks/bool_comb/intersect/exppaths1-20-*.mata;TO;0.0910331;0.402767;5.3689345;MISSING;MISSING;MISSING;MISSING;TO;0.132903;0.35857680000000003;5.1768089;MISSING;MISSING;MISSING;MISSING
/home/experiments/nfa-bench/benchmarks/bool_comb/intersect/exppaths1-21-*.mata;TO;0.0996156;0.3160369;5.0134567;MISSING;MISSING;MISSING;MISSING;TO;0.14997919999999998;0.3973369;4.9978279;MISSING;MISSING;MISSING;MISSING
/home/experiments/nfa-bench/benchmarks/bool_comb/intersect/exppaths1-22-*.mata;TO;0.09729860000000001;0.3713503;5.3715364;MISSING;MISSING;MISSING;MISSING;TO;0.22473439999999997;0.2944791;5.5918316;MISSING;MISSING;MISSING;MISSING
/home/experiments/nfa-bench/benchmarks/bool_comb/intersect/exppaths1-23-*.mata;TO;0.10909680000000001;0.2551827;4.72703;MISSING;MISSING;MISSING;MISSING;TO;0.3237851;0.3117837;5.3266833;MISSING;MISSING;MISSING;MISSING
/home/experiments/nfa-bench/benchmarks/bool_comb/intersect/exppaths1-24-*.mata;TO;0.10566260000000002;0.5287283;5.4902208;MISSING;MISSING;MISSING;MISSING;TO;0.34738540000000007;0.422544;5.270353999999999;MISSING;MISSING;MISSING;MISSING
/home/experiments/nfa-bench/benchmarks/bool_comb/intersect/exppaths1-25-*.mata;TO;0.06407309999999998;0.2391172;4.8603494;MISSING;MISSING;MISSING;MISSING;TO;0.3567534;0.24718110000000001;5.3397369;MISSING;MISSING;MISSING;MISSING
/home/experiments/nfa-bench/benchmarks/bool_comb/intersect/exppaths1-26-*.mata;TO;0.1078859;0.3537519;5.7296709;MISSING;MISSING;MISSING;MISSING;TO;0.43181540000000007;0.3288239;5.1827936999999995;MISSING;MISSING;MISSING;MISSING
/home/experiments/nfa-bench/benchmarks/bool_comb/intersect/exppaths1-27-*.mata;TO;0.09453850000000004;0.38428090000000004;5.8950380000000004;MISSING;MISSING;MISSING;MISSING;TO;0.45471780000000006;0.4188435;5.9161266;MISSING;MISSING;MISSING;MISSING
/home/experiments/nfa-bench/benchmarks/bool_comb/intersect/exppaths1-28-*.mata;TO;0.10898539999999998;0.2883503;4.6892818;MISSING;MISSING;MISSING;MISSING;TO;0.4218911;0.3756237;5.3607444;MISSING;MISSING;MISSING;MISSING
/home/experiments/nfa-bench/benchmarks/bool_comb/intersect/exppaths1-29-*.mata;TO;0.07629390000000003;0.2782344;5.1817794;MISSING;MISSING;MISSING;MISSING;TO;0.5435846000000001;0.38965900000000003;5.6776733;MISSING;MISSING;MISSING;MISSING
/home/experiments/nfa-bench/benchmarks/bool_comb/intersect/exppaths1-3-*.mata;1.7;0.0501357;0.012454800000000002;1.6718492; 0.0003243000; True; 1.6881063000; 1.7832713000;2.69;0.0406636;0.011848600000000003;1.829971; 0.0002267000; True; 1.8440765000; 1.9403532000
/home/experiments/nfa-bench/benchmarks/bool_comb/intersect/exppaths1-30-*.mata;TO;0.13480090000000003;0.327256;5.738365099999999;MISSING;MISSING;MISSING;MISSING;TO;0.6146676;0.307685;5.6551171;MISSING;MISSING;MISSING;MISSING
/home/experiments/nfa-bench/benchmarks/bool_comb/intersect/exppaths1-31-*.mata;TO;0.1121242;0.27174220000000004;4.6508642;MISSING;MISSING;MISSING;MISSING;TO;0.6632265999999999;0.3029806;5.403275;MISSING;MISSING;MISSING;MISSING
/home/experiments/nfa-bench/benchmarks/bool_comb/intersect/exppaths1-32-*.mata;TO;0.10259250000000002;0.41921830000000004;5.732266;MISSING;MISSING;MISSING;MISSING;TO;0.5134362;0.4683152;5.4880771;MISSING;MISSING;MISSING;MISSING
/home/experiments/nfa-bench/benchmarks/bool_comb/intersect/exppaths1-33-*.mata;TO;0.13039979999999995;0.3347666;5.6056136;MISSING;MISSING;MISSING;MISSING;TO;0.7534679999999999;0.350011;5.8827668;MISSING;MISSING;MISSING;MISSING
/home/experiments/nfa-bench/benchmarks/bool_comb/intersect/exppaths1-34-*.mata;TO;0.09225309999999998;0.2585301;5.9821982;MISSING;MISSING;MISSING;MISSING;TO;0.8481905000000001;0.3186433;5.233019;MISSING;MISSING;MISSING;MISSING
/home/experiments/nfa-bench/benchmarks/bool_comb/intersect/exppaths1-35-*.mata;TO;0.15543150000000003;0.3094825;5.4794858;MISSING;MISSING;MISSING;MISSING;TO;0.8609228999999999;0.3880787;5.948787;MISSING;MISSING;MISSING;MISSING
/home/experiments/nfa-bench/benchmarks/bool_comb/intersect/exppaths1-36-*.mata;TO;0.10542839999999998;0.4072373;5.0760101;MISSING;MISSING;MISSING;MISSING;TO;0.9029615;0.3689352;5.0625077;MISSING;MISSING;MISSING;MISSING
/home/experiments/nfa-bench/benchmarks/bool_comb/intersect/exppaths1-37-*.mata;TO;0.14726149999999996;0.2740658;5.5139835999999995;MISSING;MISSING;MISSING;MISSING;TO;0.9727517999999999;0.3707197;4.7877979;MISSING;MISSING;MISSING;MISSING
/home/experiments/nfa-bench/benchmarks/bool_comb/intersect/exppaths1-38-*.mata;TO;0.17252140000000005;0.31467100000000003;5.8934224;MISSING;MISSING;MISSING;MISSING;TO;0.6692423999999998;0.3829381;5.8255907;MISSING;MISSING;MISSING;MISSING
/home/experiments/nfa-bench/benchmarks/bool_comb/intersect/exppaths1-39-*.mata;TO;0.20019260000000003;0.37768959999999996;6.2637188;MISSING;MISSING;MISSING;MISSING;TO;1.0613548;0.3146557;5.7651132;MISSING;MISSING;MISSING;MISSING
/home/experiments/nfa-bench/benchmarks/bool_comb/intersect/exppaths1-4-*.mata;TO;0.045987;0.24824400000000002;2.6176817;MISSING;MISSING;MISSING;MISSING;TO;0.047793600000000006;0.1908507;2.8760682;MISSING;MISSING;MISSING;MISSING
/home/experiments/nfa-bench/benchmarks/bool_comb/intersect/exppaths1-40-*.mata;TO;0.19046500000000005;0.3984546;6.060505099999999;MISSING;MISSING;MISSING;MISSING;TO;1.1566814000000003;0.4629757;6.0154521;MISSING;MISSING;MISSING;MISSING
/home/experiments/nfa-bench/benchmarks/bool_comb/intersect/exppaths1-41-*.mata;TO;0.2120825;0.3149468;6.2113485;MISSING;MISSING;MISSING;MISSING;TO;1.2552001;0.3422295;5.3360162;MISSING;MISSING;MISSING;MISSING
/home/experiments/nfa-bench/benchmarks/bool_comb/intersect/exppaths1-42-*.mata;TO;0.19094780000000008;0.4087183;6.3145373000000005;MISSING;MISSING;MISSING;MISSING;TO;1.1032776;0.3932179;6.1772466999999995;MISSING;MISSING;MISSING;MISSING
/home/experiments/nfa-bench/benchmarks/bool_comb/intersect/exppaths1-43-*.mata;TO;0.2383441000000001;0.37879260000000003;6.1259353;MISSING;MISSING;MISSING;MISSING;TO;1.3158912;0.2995279;5.820169699999999;MISSING;MISSING;MISSING;MISSING
/home/experiments/nfa-bench/benchmarks/bool_comb/intersect/exppaths1-44-*.mata;TO;0.21699310000000002;0.414623;6.2523713;MISSING;MISSING;MISSING;MISSING;TO;1.6621903999999998;0.3492786;6.1325963;MISSING;MISSING;MISSING;MISSING
/home/experiments/nfa-bench/benchmarks/bool_comb/intersect/exppaths1-45-*.mata;TO;0.24636770000000005;0.3835171;5.4554654;MISSING;MISSING;MISSING;MISSING;TO;1.2266433;0.39302299999999996;5.9228928;MISSING;MISSING;MISSING;MISSING
/home/experiments/nfa-bench/benchmarks/bool_comb/intersect/exppaths1-46-*.mata;TO;0.216348;0.38110120000000003;6.1308001;MISSING;MISSING;MISSING;MISSING;TO;1.7223172000000002;0.302047;6.3729529;MISSING;MISSING;MISSING;MISSING
/home/experiments/nfa-bench/benchmarks/bool_comb/intersect/exppaths1-47-*.mata;TO;0.2077318;0.3623827;5.5754454;MISSING;MISSING;MISSING;MISSING;TO;1.4006872;0.2936703;5.689596099999999;MISSING;MISSING;MISSING;MISSING
/home/experiments/nfa-bench/benchmarks/bool_comb/intersect/exppaths1-48-*.mata;TO;0.15859240000000002;0.29211230000000005;5.826763499999999;MISSING;MISSING;MISSING;MISSING;TO;1.3862753;0.3626558;5.457200299999999;MISSING;MISSING;MISSING;MISSING
/home/experiments/nfa-bench/benchmarks/bool_comb/intersect/exppaths1-49-*.mata;TO;0.20117879999999996;0.32028480000000004;6.1336764;MISSING;MISSING;MISSING;MISSING;TO;1.6835716000000003;0.3533678;6.6638192;MISSING;MISSING;MISSING;MISSING
/home/experiments/nfa-bench/benchmarks/bool_comb/intersect/exppaths1-5-*.mata;TO;0.0468616;0.18516449999999998;2.0866843;MISSING;MISSING;MISSING;MISSING;TO;0.0486753;0.2054644;2.5840532;MISSING;MISSING;MISSING;MISSING
/home/experiments/nfa-bench/benchmarks/bool_comb/intersect/exppaths1-50-*.mata;TO;0.26710939999999994;0.33413950000000003;5.9876911;MISSING;MISSING;MISSING;MISSING;TO;2.1477114999999998;0.2974719;5.3787126999999995;MISSING;MISSING;MISSING;MISSING
/home/experiments/nfa-bench/benchmarks/bool_comb/intersect/exppaths1-51-*.mata;TO;0.2590142000000001;0.4005463;6.4759744999999995;MISSING;MISSING;MISSING;MISSING;TO;1.8779960999999998;0.37912239999999997;6.3301124;MISSING;MISSING;MISSING;MISSING
/home/experiments/nfa-bench/benchmarks/bool_comb/intersect/exppaths1-52-*.mata;TO;0.2821063;0.41901320000000003;6.0185378;MISSING;MISSING;MISSING;MISSING;TO;2.1532731000000003;0.3576414;5.677949399999999;MISSING;MISSING;MISSING;MISSING
/home/experiments/nfa-bench/benchmarks/bool_comb/intersect/exppaths1-53-*.mata;TO;0.27248649999999996;0.3875754;6.6433207;MISSING;MISSING;MISSING;MISSING;TO;1.6940240000000002;0.32149500000000003;4.9986723;MISSING;MISSING;MISSING;MISSING
/home/experiments/nfa-bench/benchmarks/bool_comb/intersect/exppaths1-54-*.mata;TO;0.29905819999999994;0.35326409999999997;5.7784939;MISSING;MISSING;MISSING;MISSING;TO;2.8806722999999996;0.3463891;6.4195372;MISSING;MISSING;MISSING;MISSING
/home/experiments/nfa-bench/benchmarks/bool_comb/intersect/exppaths1-55-*.mata;TO;0.20816240000000003;0.35570640000000003;6.2607379000000005;MISSING;MISSING;MISSING;MISSING;TO;2.1753669999999996;0.371081;5.1182684;MISSING;MISSING;MISSING;MISSING
/home/experiments/nfa-bench/benchmarks/bool_comb/intersect/exppaths1-56-*.mata;TO;0.3156823;0.33044;6.2310210999999995;MISSING;MISSING;MISSING;MISSING;TO;2.9053955;0.393301;6.2255494;MISSING;MISSING;MISSING;MISSING
/home/experiments/nfa-bench/benchmarks/bool_comb/intersect/exppaths1-57-*.mata;TO;0.27796070000000006;0.28714290000000003;6.0105884000000005;MISSING;MISSING;MISSING;MISSING;TO;3.3459607;0.3375178;6.3303201;MISSING;MISSING;MISSING;MISSING
/home/experiments/nfa-bench/benchmarks/bool_comb/intersect/exppaths1-58-*.mata;TO;0.3287338000000001;0.5496218;6.705517700000001;MISSING;MISSING;MISSING;MISSING;TO;2.9909602999999994;0.3692167;6.560134;MISSING;MISSING;MISSING;MISSING
/home/experiments/nfa-bench/benchmarks/bool_comb/intersect/exppaths1-59-*.mata;TO;0.34256539999999996;0.4184156;6.9404645;MISSING;MISSING;MISSING;MISSING;TO;3.0102656000000003;0.4072866;5.9871051;MISSING;MISSING;MISSING;MISSING
/home/experiments/nfa-bench/benchmarks/bool_comb/intersect/exppaths1-6-*.mata;TO;0.0471951;0.26428080000000004;2.5334068;MISSING;MISSING;MISSING;MISSING;TO;0.05189439999999999;0.2483485;2.8458216;MISSING;MISSING;MISSING;MISSING
/home/experiments/nfa-bench/benchmarks/bool_comb/intersect/exppaths1-60-*.mata;TO;0.3267434000000001;0.3974888;6.717320600000001;MISSING;MISSING;MISSING;MISSING;TO;2.9022106999999995;0.3583375;6.626197299999999;MISSING;MISSING;MISSING;MISSING
/home/experiments/nfa-bench/benchmarks/bool_comb/intersect/exppaths1-7-*.mata;TO;0.053124500000000005;0.22175530000000002;2.6550386;MISSING;MISSING;MISSING;MISSING;TO;0.04602969999999999;0.2244054;2.3073384;MISSING;MISSING;MISSING;MISSING
/home/experiments/nfa-bench/benchmarks/bool_comb/intersect/exppaths1-8-*.mata;TO;0.0861732;0.2523836;2.8374676;MISSING;MISSING;MISSING;MISSING;TO;0.039365699999999997;0.2315737;2.6982328;MISSING;MISSING;MISSING;MISSING
/home/experiments/nfa-bench/benchmarks/bool_comb/intersect/exppaths1-9-*.mata;TO;0.0600381;0.2376104;2.6922693000000004;MISSING;MISSING;MISSING;MISSING;TO;0.040658999999999994;0.21297790000000003;2.8019046;MISSING;MISSING;MISSING;MISSING
/home/experiments/nfa-bench/benchmarks/bool_comb/intersect/exppaths2-10-*.mata;TO;0.0504824;0.2666616;3.7460136;MISSING;MISSING;MISSING;MISSING;TO;0.077638;0.3144022;3.9863673;MISSING;MISSING;MISSING;MISSING
/home/experiments/nfa-bench/benchmarks/bool_comb/intersect/exppaths2-11-*.mata;TO;0.0829607;0.5015971;5.7757099;MISSING;MISSING;MISSING;MISSING;TO;0.0887778;0.4831816;6.9284556;MISSING;MISSING;MISSING;MISSING
/home/experiments/nfa-bench/benchmarks/bool_comb/intersect/exppaths2-12-*.mata;TO;0.04525789999999999;0.4679342;6.6003795;MISSING;MISSING;MISSING;MISSING;TO;0.061157199999999995;0.5289045;7.1614551;MISSING;MISSING;MISSING;MISSING
/home/experiments/nfa-bench/benchmarks/bool_comb/intersect/exppaths2-13-*.mata;TO;0.0950986;0.5331931999999999;6.8323727;MISSING;MISSING;MISSING;MISSING;TO;0.11433639999999998;0.5612048000000001;7.8622871;MISSING;MISSING;MISSING;MISSING
/home/experiments/nfa-bench/benchmarks/bool_comb/intersect/exppaths2-14-*.mata;TO;0.0772244;0.4392849;6.1256331;MISSING;MISSING;MISSING;MISSING;TO;0.1303839;0.5508747;7.7998408;MISSING;MISSING;MISSING;MISSING
/home/experiments/nfa-bench/benchmarks/bool_comb/intersect/exppaths2-15-*.mata;TO;0.0711708;0.5913464;8.0076921;MISSING;MISSING;MISSING;MISSING;TO;0.0818039;0.5613892;8.1275603;MISSING;MISSING;MISSING;MISSING
/home/experiments/nfa-bench/benchmarks/bool_comb/intersect/exppaths2-16-*.mata;TO;0.0762141;0.5908845;7.7373987;MISSING;MISSING;MISSING;MISSING;TO;0.14310550000000002;0.5847024;8.112339899999998;MISSING;MISSING;MISSING;MISSING
/home/experiments/nfa-bench/benchmarks/bool_comb/intersect/exppaths2-17-*.mata;TO;0.08215879999999999;0.6224847;7.7477796;MISSING;MISSING;MISSING;MISSING;TO;0.18138250000000003;0.6485572;8.4607831;MISSING;MISSING;MISSING;MISSING
/home/experiments/nfa-bench/benchmarks/bool_comb/intersect/exppaths2-18-*.mata;TO;0.09242240000000003;0.7140034;9.1149521;MISSING;MISSING;MISSING;MISSING;TO;0.17921770000000004;0.5246358000000001;8.410344199999999;MISSING;MISSING;MISSING;MISSING
/home/experiments/nfa-bench/benchmarks/bool_comb/intersect/exppaths2-19-*.mata;TO;0.09409130000000002;0.4581639;7.0460827;MISSING;MISSING;MISSING;MISSING;TO;0.20630869999999996;0.6532783999999999;8.815244100000001;MISSING;MISSING;MISSING;MISSING
/home/experiments/nfa-bench/benchmarks/bool_comb/intersect/exppaths2-2-*.mata;0.15;0.0552391;0.011060399999999998; 0.0309311000; 0.0002895000; False; 0.0452700000; 0.1460218000;0.93;0.0397816;0.0081979; 0.0351187000; 0.0002072000; False; 0.0458646000; 0.1287926000
/home/experiments/nfa-bench/benchmarks/bool_comb/intersect/exppaths2-20-*.mata;TO;0.09767270000000003;0.7352797;9.634681;MISSING;MISSING;MISSING;MISSING;TO;0.26295939999999995;0.6507178;9.097287;MISSING;MISSING;MISSING;MISSING
/home/experiments/nfa-bench/benchmarks/bool_comb/intersect/exppaths2-21-*.mata;TO;0.08804229999999998;0.7110184;8.7706076;MISSING;MISSING;MISSING;MISSING;TO;0.24663780000000005;0.4341518;8.7735181;MISSING;MISSING;MISSING;MISSING
/home/experiments/nfa-bench/benchmarks/bool_comb/intersect/exppaths2-22-*.mata;TO;0.1050657;0.734193;8.6701634;MISSING;MISSING;MISSING;MISSING;TO;0.1707402;0.4187687;7.844502;MISSING;MISSING;MISSING;MISSING
/home/experiments/nfa-bench/benchmarks/bool_comb/intersect/exppaths2-23-*.mata;TO;0.11105179999999999;0.6398096999999999;9.4521608;MISSING;MISSING;MISSING;MISSING;TO;0.30442480000000005;0.6044953999999999;7.638283599999999;MISSING;MISSING;MISSING;MISSING
/home/experiments/nfa-bench/benchmarks/bool_comb/intersect/exppaths2-24-*.mata;TO;0.10808970000000001;0.5484987;9.2618162;MISSING;MISSING;MISSING;MISSING;TO;0.2075955;0.5133135;9.0844077;MISSING;MISSING;MISSING;MISSING
/home/experiments/nfa-bench/benchmarks/bool_comb/intersect/exppaths2-25-*.mata;TO;0.11599519999999995;0.4988387;8.5767606;MISSING;MISSING;MISSING;MISSING;TO;0.37312310000000004;0.6887146000000001;10.2646432;MISSING;MISSING;MISSING;MISSING
/home/experiments/nfa-bench/benchmarks/bool_comb/intersect/exppaths2-26-*.mata;TO;0.10269930000000002;0.4981992;8.338647;MISSING;MISSING;MISSING;MISSING;TO;0.28107799999999994;0.608028;7.9140341;MISSING;MISSING;MISSING;MISSING
/home/experiments/nfa-bench/benchmarks/bool_comb/intersect/exppaths2-27-*.mata;TO;0.13032970000000002;0.6901877;9.7871592;MISSING;MISSING;MISSING;MISSING;TO;0.478467;0.5563655;8.647960699999999;MISSING;MISSING;MISSING;MISSING
/home/experiments/nfa-bench/benchmarks/bool_comb/intersect/exppaths2-28-*.mata;TO;0.09113809999999997;0.738432;9.243178200000001;MISSING;MISSING;MISSING;MISSING;TO;0.498653;0.7113858;10.710466;MISSING;MISSING;MISSING;MISSING
/home/experiments/nfa-bench/benchmarks/bool_comb/intersect/exppaths2-29-*.mata;TO;0.14258019999999996;0.7708423;11.374668;MISSING;MISSING;MISSING;MISSING;TO;0.40454559999999995;0.7408058000000001;10.307763000000001;MISSING;MISSING;MISSING;MISSING
/home/experiments/nfa-bench/benchmarks/bool_comb/intersect/exppaths2-3-*.mata;3.25;0.0468945;0.276466;2.7669277; 0.0002888000; False; 3.0465429000; 3.1376582000;3.2;0.038294600000000005;0.2139257;2.0430736; 0.0001689000; False; 2.2594023000; 2.3494954000
/home/experiments/nfa-bench/benchmarks/bool_comb/intersect/exppaths2-30-*.mata;TO;0.14533830000000006;0.7902878;10.9034065;MISSING;MISSING;MISSING;MISSING;TO;0.6144117000000001;0.7736358;10.654755399999999;MISSING;MISSING;MISSING;MISSING
/home/experiments/nfa-bench/benchmarks/bool_comb/intersect/exppaths2-31-*.mata;TO;0.14325000000000002;0.5574113;10.8766695;MISSING;MISSING;MISSING;MISSING;TO;0.6877099000000002;0.7788879;10.8437395;MISSING;MISSING;MISSING;MISSING
/home/experiments/nfa-bench/benchmarks/bool_comb/intersect/exppaths2-32-*.mata;TO;0.16903549999999995;0.6315253000000001;11.650713999999999;MISSING;MISSING;MISSING;MISSING;TO;0.6110892000000001;0.7764006999999999;11.6136989;MISSING;MISSING;MISSING;MISSING
/home/experiments/nfa-bench/benchmarks/bool_comb/intersect/exppaths2-33-*.mata;TO;0.16853169999999995;0.7503171;12.1819781;MISSING;MISSING;MISSING;MISSING;TO;0.7020462999999999;1.4155843;11.0959072;MISSING;MISSING;MISSING;MISSING
/home/experiments/nfa-bench/benchmarks/bool_comb/intersect/exppaths2-34-*.mata;TO;0.18233830000000004;0.7879131;11.0578442;MISSING;MISSING;MISSING;MISSING;TO;0.5959432;0.7338717;12.3660537;MISSING;MISSING;MISSING;MISSING
/home/experiments/nfa-bench/benchmarks/bool_comb/intersect/exppaths2-35-*.mata;TO;0.1606079;0.6116600999999999;10.5665186;MISSING;MISSING;MISSING;MISSING;TO;0.6186934;0.5153203;10.4351911;MISSING;MISSING;MISSING;MISSING
/home/experiments/nfa-bench/benchmarks/bool_comb/intersect/exppaths2-36-*.mata;TO;0.1834634;0.8884523999999999;13.423072399999999;MISSING;MISSING;MISSING;MISSING;TO;0.9816717999999999;0.8475193000000001;11.0138191;MISSING;MISSING;MISSING;MISSING
/home/experiments/nfa-bench/benchmarks/bool_comb/intersect/exppaths2-37-*.mata;TO;0.21328740000000007;0.8012647;13.1555756;MISSING;MISSING;MISSING;MISSING;TO;0.9563712999999999;0.7535517;11.815370499999998;MISSING;MISSING;MISSING;MISSING
/home/experiments/nfa-bench/benchmarks/bool_comb/intersect/exppaths2-38-*.mata;TO;0.13221489999999997;0.7790105;11.015779299999998;MISSING;MISSING;MISSING;MISSING;TO;1.0295353999999999;0.7324288;12.9594531;MISSING;MISSING;MISSING;MISSING
/home/experiments/nfa-bench/benchmarks/bool_comb/intersect/exppaths2-39-*.mata;TO;0.2207168;0.6358611000000001;13.2311578;MISSING;MISSING;MISSING;MISSING;TO;0.9817779999999999;0.6556759;12.7026008;MISSING;MISSING;MISSING;MISSING
/home/experiments/nfa-bench/benchmarks/bool_comb/intersect/exppaths2-4-*.mata;TO;0.0504055;0.2468222;2.4930137;MISSING;MISSING;MISSING;MISSING;TO;0.0405685;0.2816397;3.1184661;MISSING;MISSING;MISSING;MISSING
/home/experiments/nfa-bench/benchmarks/bool_comb/intersect/exppaths2-40-*.mata;TO;0.24553839999999996;0.7344297000000001;14.0206485;MISSING;MISSING;MISSING;MISSING;TO;0.8115958999999998;0.8188984;10.505351600000001;MISSING;MISSING;MISSING;MISSING
/home/experiments/nfa-bench/benchmarks/bool_comb/intersect/exppaths2-41-*.mata;TO;0.22383770000000006;0.8679981;12.656672;MISSING;MISSING;MISSING;MISSING;TO;1.1550783999999998;0.8814196000000001;12.5935709;MISSING;MISSING;MISSING;MISSING
/home/experiments/nfa-bench/benchmarks/bool_comb/intersect/exppaths2-42-*.mata;TO;0.23327589999999998;0.8033073;13.1698802;MISSING;MISSING;MISSING;MISSING;TO;1.4099708999999998;0.7854517;13.0533619;MISSING;MISSING;MISSING;MISSING
/home/experiments/nfa-bench/benchmarks/bool_comb/intersect/exppaths2-43-*.mata;TO;0.2177333;0.906639;14.7644863;MISSING;MISSING;MISSING;MISSING;TO;0.9889355999999999;0.570145;11.0306971;MISSING;MISSING;MISSING;MISSING
/home/experiments/nfa-bench/benchmarks/bool_comb/intersect/exppaths2-44-*.mata;TO;0.17510160000000002;0.9163735000000001;12.518331;MISSING;MISSING;MISSING;MISSING;TO;1.4932134;0.8199172;13.0275808;MISSING;MISSING;MISSING;MISSING
/home/experiments/nfa-bench/benchmarks/bool_comb/intersect/exppaths2-45-*.mata;TO;0.24892579999999997;0.9406335;13.3170325;MISSING;MISSING;MISSING;MISSING;TO;1.3083587999999997;0.7960726;14.0355053;MISSING;MISSING;MISSING;MISSING
/home/experiments/nfa-bench/benchmarks/bool_comb/intersect/exppaths2-46-*.mata;TO;0.1770922;0.5775215;13.392136899999999;MISSING;MISSING;MISSING;MISSING;TO;1.4837329999999997;0.7582521;13.142666;MISSING;MISSING;MISSING;MISSING
/home/experiments/nfa-bench/benchmarks/bool_comb/intersect/exppaths2-47-*.mata;TO;0.3203732;0.8857497;14.209277;MISSING;MISSING;MISSING;MISSING;TO;1.8929617000000003;0.8494082000000001;14.7136235;MISSING;MISSING;MISSING;MISSING
/home/experiments/nfa-bench/benchmarks/bool_comb/intersect/exppaths2-48-*.mata;TO;0.2761652;0.8245937999999999;15.1964592;MISSING;MISSING;MISSING;MISSING;TO;1.9717916;0.5811149000000001;14.0500076;MISSING;MISSING;MISSING;MISSING
/home/experiments/nfa-bench/benchmarks/bool_comb/intersect/exppaths2-49-*.mata;TO;0.33200240000000003;0.6714675;13.972688;MISSING;MISSING;MISSING;MISSING;TO;2.0411781;0.9405715;15.0588235;MISSING;MISSING;MISSING;MISSING
/home/experiments/nfa-bench/benchmarks/bool_comb/intersect/exppaths2-5-*.mata;TO;0.06180949999999999;0.2551872;2.9495326;MISSING;MISSING;MISSING;MISSING;TO;0.054346099999999994;0.2004173;3.1469304;MISSING;MISSING;MISSING;MISSING
/home/experiments/nfa-bench/benchmarks/bool_comb/intersect/exppaths2-50-*.mata;TO;0.20819620000000003;0.8535729;15.017677500000001;MISSING;MISSING;MISSING;MISSING;TO;2.1207173;0.643725;15.264667600000001;MISSING;MISSING;MISSING;MISSING
/home/experiments/nfa-bench/benchmarks/bool_comb/intersect/exppaths2-51-*.mata;TO;0.36319979999999996;1.0337722;15.019421;MISSING;MISSING;MISSING;MISSING;TO;1.5837732999999998;1.8973609;15.1947944;MISSING;MISSING;MISSING;MISSING
/home/experiments/nfa-bench/benchmarks/bool_comb/intersect/exppaths2-52-*.mata;TO;0.3284818;0.615096;16.197207000000002;MISSING;MISSING;MISSING;MISSING;TO;1.6424282000000001;0.8228514;14.3289387;MISSING;MISSING;MISSING;MISSING
/home/experiments/nfa-bench/benchmarks/bool_comb/intersect/exppaths2-53-*.mata;TO;0.3337428;0.6482063;14.489706;MISSING;MISSING;MISSING;MISSING;TO;2.5155611;0.8306047000000001;15.6360709;MISSING;MISSING;MISSING;MISSING
/home/experiments/nfa-bench/benchmarks/bool_comb/intersect/exppaths2-54-*.mata;TO;0.34586639999999996;1.0190307;15.0382012;MISSING;MISSING;MISSING;MISSING;TO;2.3557613;0.9548065;15.9850654;MISSING;MISSING;MISSING;MISSING
/home/experiments/nfa-bench/benchmarks/bool_comb/intersect/exppaths2-55-*.mata;TO;0.349196;1.1137752;14.1832368;MISSING;MISSING;MISSING;MISSING;TO;2.4643918;0.8503594;14.81462;MISSING;MISSING;MISSING;MISSING
/home/experiments/nfa-bench/benchmarks/bool_comb/intersect/exppaths2-56-*.mata;TO;0.3464607999999999;1.0345844999999998;14.5981778;MISSING;MISSING;MISSING;MISSING;TO;2.7887916000000006;0.8204429;14.863045;MISSING;MISSING;MISSING;MISSING
/home/experiments/nfa-bench/benchmarks/bool_comb/intersect/exppaths2-57-*.mata;TO;0.3901058000000001;0.8482542000000001;15.7500336;MISSING;MISSING;MISSING;MISSING;TO;3.1736614;0.6892275000000001;15.587160200000001;MISSING;MISSING;MISSING;MISSING
/home/experiments/nfa-bench/benchmarks/bool_comb/intersect/exppaths2-58-*.mata;TO;0.4177065;1.0375958;16.5267013;MISSING;MISSING;MISSING;MISSING;TO;3.3590313000000007;0.8132887999999999;15.7326085;MISSING;MISSING;MISSING;MISSING
/home/experiments/nfa-bench/benchmarks/bool_comb/intersect/exppaths2-59-*.mata;TO;0.45898650000000013;0.8205695000000001;16.329708099999998;MISSING;MISSING;MISSING;MISSING;TO;3.2718863000000002;0.972693;17.872745600000002;MISSING;MISSING;MISSING;MISSING
/home/experiments/nfa-bench/benchmarks/bool_comb/intersect/exppaths2-6-*.mata;TO;0.046828600000000005;0.289677;2.7832474;MISSING;MISSING;MISSING;MISSING;TO;0.0513389;0.2744572;3.2535574;MISSING;MISSING;MISSING;MISSING
/home/experiments/nfa-bench/benchmarks/bool_comb/intersect/exppaths2-60-*.mata;TO;0.4375327000000002;0.9676892;15.901789500000001;MISSING;MISSING;MISSING;MISSING;TO;2.5654332;1.0398528999999999;16.7473946;MISSING;MISSING;MISSING;MISSING
/home/experiments/nfa-bench/benchmarks/bool_comb/intersect/exppaths2-7-*.mata;TO;0.0625313;0.2489084;3.3432121;MISSING;MISSING;MISSING;MISSING;TO;0.0614242;0.4098326;3.6927139;MISSING;MISSING;MISSING;MISSING
/home/experiments/nfa-bench/benchmarks/bool_comb/intersect/exppaths2-8-*.mata;TO;0.0541281;0.3166003;3.6127571;MISSING;MISSING;MISSING;MISSING;TO;0.062383499999999995;0.247126;3.3534029000000003;MISSING;MISSING;MISSING;MISSING
/home/experiments/nfa-bench/benchmarks/bool_comb/intersect/exppaths2-9-*.mata;TO;0.0618709;0.3728458;3.5231312;MISSING;MISSING;MISSING;MISSING;TO;0.0645498;0.2711882;3.592615;MISSING;MISSING;MISSING;MISSING
/home/experiments/nfa-bench/benchmarks/bool_comb/intersect/longstrings-100-*.mata;0.15;0.0464194;0.0059334999999999995; 0.0492721000; 0.0001680000; False; 0.0572107000; 0.1403582000;1.01;0.040870000000000004;0.0095529; 0.0825390000; 0.0003079000; False; 0.0955032000; 0.1945352000
/home/experiments/nfa-bench/benchmarks/bool_comb/intersect/longstrings-150-*.mata;0.21;0.0582978;0.008941999999999999; 0.1083380000; 0.0004072000; False; 0.1210183000; 0.2173870000;1.04;0.0395709;0.0088456; 0.1167019000; 0.0002998000; False; 0.1285457000; 0.2227731000
/home/experiments/nfa-bench/benchmarks/bool_comb/intersect/longstrings-200-*.mata;0.35;0.0610853;0.009594799999999999; 0.2142732000; 0.0002754000; False; 0.2274114000; 0.3302369000;1.19;0.0515457;0.0092549; 0.2225714000; 0.0002564000; False; 0.2347762000; 0.3437430000
/home/experiments/nfa-bench/benchmarks/bool_comb/intersect/longstrings-250-*.mata;0.48;0.0630758;0.0096963; 0.3500977000; 0.0002429000; False; 0.3625208000; 0.4648811000;1.24;0.0445017;0.0094076; 0.3281584000; 0.0001851000; False; 0.3402457000; 0.4396285000
/home/experiments/nfa-bench/benchmarks/bool_comb/intersect/longstrings-300-*.mata;0.67;0.0670298;0.009493099999999999; 0.5248818000; 0.0003217000; False; 0.5376855000; 0.6465618000;1.35;0.0434631;0.0092712; 0.5442158000; 0.0002393000; False; 0.5567164000; 0.6556721000
/home/experiments/nfa-bench/benchmarks/bool_comb/intersect/longstrings-350-*.mata;0.82;0.0620659;0.0090618; 0.7459144000; 0.0001861000; False; 0.7576473000; 0.8560438000;1.73;0.0431507;0.0100681; 0.7911652000; 0.0001779000; False; 0.8038198000; 0.8989829000
/home/experiments/nfa-bench/benchmarks/bool_comb/intersect/longstrings-400-*.mata;1.29;0.08146500000000001;0.0096777; 1.1587934000; 0.0002907000; False; 1.1714777000; 1.3089026000;1.82;0.0465053;0.009701; 0.9772183000; 0.0001761000; False; 0.9895558000; 1.0925709000
/home/experiments/nfa-bench/benchmarks/bool_comb/intersect/longstrings-450-*.mata;1.61;0.0780946;0.0092967; 1.4730232000; 0.0002423000; False; 1.4853780000; 1.6042251000;2.29;0.048762799999999995;0.0101579; 1.3183460000; 0.0002732000; False; 1.3317685000; 1.4329282000
/home/experiments/nfa-bench/benchmarks/bool_comb/intersect/longstrings-50-*.mata;0.14;0.0532183;0.010436399999999998; 0.0229954000; 0.0002296000; False; 0.0363895000; 0.1285296000;0.65;0.0260576;0.0060222999999999995; 0.0124962000; 0.0001281000; False; 0.0202587000; 0.0815348000
/home/experiments/nfa-bench/benchmarks/bool_comb/intersect/longstrings-500-*.mata;1.89;0.07756429999999999;0.009368; 1.8295392000; 0.0003412000; False; 1.8419943000; 1.9604586000;2.64;0.0487422;0.009791999999999999; 1.7266961000; 0.0003521000; False; 1.7395989000; 1.8425611000
