name;automata-runtime;automata-construction;automata-trim;automata-compl;automata-emptiness_check;automata-emptiness_result;automata-interpretation;automata-overall;automata-min-runtime;automata-min-construction;automata-min-trim;automata-min-compl;automata-min-emptiness_check;automata-min-emptiness_result;automata-min-interpretation;automata-min-overall
/home/experiments/nfa-bench/benchmarks/presburger-explicit/complement/UltimateAutomizer/MADWiFi-encode_ie_ok_true-unreach-call.i_17.0.mata;0.16; 0.0602527000;0.005727299999999999; 0.0466505000; 0.0001261000; False; 0.0540812000; 0.2270610000;0.84; 0.0734154000;0.0101147; 0.0686325000; 0.0001522000; False; 0.0813657000; 0.2221985000
/home/experiments/nfa-bench/benchmarks/presburger-explicit/complement/UltimateAutomizer/MADWiFi-encode_ie_ok_true-unreach-call.i_7.0.mata;0.21; 0.0653117000;0.0088152; 0.0744058000; 0.0002898000; False; 0.0858436000; 0.2623544000;0.75; 0.0373802000;0.0070483; 0.0732779000; 0.0001897000; False; 0.0825416000; 0.1568935000
/home/experiments/nfa-bench/benchmarks/presburger-explicit/complement/UltimateAutomizer/Primes_true-unreach-call.c_127.0.mata;0.17; 0.0505926000;0.0085144; 0.0493934000; 0.0001788000; False; 0.0604247000; 0.2266627000;0.9; 0.0557562000;0.008711400000000001; 0.0492867000; 0.0001652000; False; 0.0604856000; 0.1970798000
/home/experiments/nfa-bench/benchmarks/presburger-explicit/complement/UltimateAutomizer/Primes_true-unreach-call.c_1657.0.mata;2.46; 1.5206878000;0.0085749; 0.4323454000; 0.0001930000; False; 0.4434370000; 2.4960602000;3.09; 1.6287952000;0.0084814; 0.4290450000; 0.0001501000; False; 0.4399822000; 2.5927641000
/home/experiments/nfa-bench/benchmarks/presburger-explicit/complement/UltimateAutomizer/Primes_true-unreach-call.c_187.0.mata;0.38; 0.2106750000;0.0056738; 0.0614093000; 0.0001525000; False; 0.0689969000; 0.4198470000;1.02; 0.1780185000;0.0056005000000000004; 0.0615076000; 0.0001584000; False; 0.0690485000; 0.3383999000
/home/experiments/nfa-bench/benchmarks/presburger-explicit/complement/UltimateAutomizer/Primes_true-unreach-call.c_2207.0.mata;0.24; 0.0707775000;0.0097197; 0.0934482000; 0.0002250000; False; 0.1060400000; 0.2509715000;0.93; 0.0959264000;0.0087636; 0.0941718000; 0.0001922000; False; 0.1055695000; 0.2792543000
/home/experiments/nfa-bench/benchmarks/presburger-explicit/complement/UltimateAutomizer/Primes_true-unreach-call.c_2317.0.mata;0.23; 0.0786941000;0.0180991; 0.0871029000; 0.0001691000; False; 0.1079148000; 0.2632210000;1.0; 0.1168379000;0.008229199999999999; 0.0880876000; 0.0001917000; False; 0.0987334000; 0.2926752000
/home/experiments/nfa-bench/benchmarks/presburger-explicit/complement/UltimateAutomizer/Primes_true-unreach-call.c_237.0.mata;0.16; 0.0404642000;0.0087968; 0.0552194000; 0.0001738000; False; 0.0665282000; 0.1581597000;0.87; 0.0401469000;0.0085404; 0.0469444000; 0.0001750000; False; 0.0580161000; 0.1502707000
/home/experiments/nfa-bench/benchmarks/presburger-explicit/complement/UltimateAutomizer/Primes_true-unreach-call.c_276.0.mata;0.21; 0.0800340000;0.008843499999999999; 0.1213457000; 0.0001585000; False; 0.1362041000; 0.2611499000;0.96; 0.0672217000;0.0055299; 0.0911749000; 0.0002103000; False; 0.0985495000; 0.2269711000
/home/experiments/nfa-bench/benchmarks/presburger-explicit/complement/UltimateAutomizer/Primes_true-unreach-call.c_297.0.mata;0.23; 0.1310969000;0.0058334; 0.0615861000; 0.0001325000; False; 0.0694113000; 0.2573820000;0.89; 0.0754963000;0.0091865; 0.1000766000; 0.0001870000; False; 0.1119421000; 0.2847261000
/home/experiments/nfa-bench/benchmarks/presburger-explicit/complement/UltimateAutomizer/Primes_true-unreach-call.c_597.0.mata;0.22; 0.1428668000;0.0057916; 0.0549903000; 0.0001792000; False; 0.0628052000; 0.2677630000;0.84; 0.0726686000;0.009531999999999999; 0.0729305000; 0.0001642000; False; 0.0850564000; 0.2104931000
/home/experiments/nfa-bench/benchmarks/presburger-explicit/complement/UltimateAutomizer/Primes_true-unreach-call.c_657.0.mata;0.21; 0.1325160000;0.0057687; 0.0550435000; 0.0001307000; False; 0.0626985000; 0.2440634000;0.92; 0.1143989000;0.0059331; 0.0553948000; 0.0001267000; False; 0.0631144000; 0.2273049000
/home/experiments/nfa-bench/benchmarks/presburger-explicit/complement/UltimateAutomizer/Primes_true-unreach-call.c_670.0.mata;0.25; 0.0824438000;0.0089753; 0.0826901000; 0.0001323000; False; 0.0941537000; 0.2544269000;0.96; 0.0932691000;0.0056917; 0.0604376000; 0.0001272000; False; 0.0677721000; 0.2405494000
/home/experiments/nfa-bench/benchmarks/presburger-explicit/complement/UltimateAutomizer/Primes_true-unreach-call.c_671.0.mata;0.35; 0.1449607000;0.009162199999999999; 0.1027000000; 0.0002322000; False; 0.1146250000; 0.3454065000;0.96; 0.1153058000;0.0085645; 0.1307243000; 0.0002409000; False; 0.1417904000; 0.3410249000
/home/experiments/nfa-bench/benchmarks/presburger-explicit/complement/UltimateAutomizer/Primes_true-unreach-call.c_673.0.mata;0.46; 0.2615861000;0.0086447; 0.0910207000; 0.0001301000; False; 0.1019161000; 0.4826457000;1.01; 0.1704077000;0.0090907; 0.0810656000; 0.0001709000; False; 0.0926515000; 0.3590378000
/home/experiments/nfa-bench/benchmarks/presburger-explicit/complement/UltimateAutomizer/Primes_true-unreach-call.c_678.0.mata;0.44; 0.2200631000;0.009207900000000002; 0.0973135000; 0.0003534000; False; 0.1093410000; 0.4390263000;1.15; 0.2627622000;0.0061153; 0.0945130000; 0.0003322000; False; 0.1033808000; 0.4776718000
/home/experiments/nfa-bench/benchmarks/presburger-explicit/complement/UltimateAutomizer/Primes_true-unreach-call.c_798.0.mata;3.87; 2.9175337000;0.0086266; 0.3231995000; 0.0001804000; False; 0.3345644000; 3.9777574000;4.56; 2.8571471000;0.0061269; 0.3986882000; 0.0002228000; False; 0.4067848000; 4.0304608000
/home/experiments/nfa-bench/benchmarks/presburger-explicit/complement/UltimateAutomizer/nested6_true-unreach-call.i_7.0.mata;0.17; 0.0412560000;0.0084867; 0.0541536000; 0.0001640000; False; 0.0653675000; 0.1598631000;0.81; 0.0405124000;0.0084985; 0.0510345000; 0.0001700000; False; 0.0620073000; 0.1565017000
/home/experiments/nfa-bench/benchmarks/presburger-explicit/complement/UltimateAutomizer/nested9_true-unreach-call.i_1070.0.mata;0.19; 0.0454326000;0.0091504; 0.0761744000; 0.0001960000; False; 0.0877979000; 0.1881825000;0.9; 0.0496417000;0.0098252; 0.0772563000; 0.0002288000; False; 0.0899471000; 0.2005611000
/home/experiments/nfa-bench/benchmarks/presburger-explicit/complement/UltimateAutomizer/nested9_true-unreach-call.i_1072.0.mata;0.15; 0.0963763000;0.0064150000000000006; 0.0468375000; 0.0001630000; False; 0.0551337000; 0.1917041000;0.85; 0.0567904000;0.0088509; 0.0735097000; 0.0002371000; False; 0.0849802000; 0.1993861000
/home/experiments/nfa-bench/benchmarks/presburger-explicit/complement/UltimateAutomizer/nested9_true-unreach-call.i_1107.0.mata;0.27; 0.0713161000;0.0090677; 0.1195758000; 0.0002285000; False; 0.1317165000; 0.2748887000;1.03; 0.0527022000;0.0063157; 0.1408823000; 0.0001877000; False; 0.1490460000; 0.2631641000
/home/experiments/nfa-bench/benchmarks/presburger-explicit/complement/UltimateAutomizer/nested9_true-unreach-call.i_1117.0.mata;0.19; 0.0594593000;0.00613; 0.0567114000; 0.0002015000; False; 0.0650546000; 0.1873245000;1.0; 0.0618949000;0.008474500000000001; 0.0757423000; 0.0001749000; False; 0.0869301000; 0.2079577000
/home/experiments/nfa-bench/benchmarks/presburger-explicit/complement/UltimateAutomizer/nested9_true-unreach-call.i_1170.0.mata;0.2; 0.0435162000;0.0065111; 0.0918555000; 0.0003462000; False; 0.1008373000; 0.1868153000;0.81; 0.0567270000;0.0061907; 0.0913666000; 0.0003596000; False; 0.0997944000; 0.1967768000
/home/experiments/nfa-bench/benchmarks/presburger-explicit/complement/UltimateAutomizer/nested9_true-unreach-call.i_1172.0.mata;0.2; 0.0450591000;0.0070554; 0.0937743000; 0.0003629000; False; 0.1035508000; 0.2001404000;0.99; 0.0685915000;0.009837; 0.1026851000; 0.0002658000; False; 0.1151536000; 0.2457522000
/home/experiments/nfa-bench/benchmarks/presburger-explicit/complement/UltimateAutomizer/nested9_true-unreach-call.i_1307.0.mata;0.13; 0.0289408000;0.0061766; 0.0511592000; 0.0001273000; False; 0.0594700000; 0.1227643000;0.82; 0.0857994000;0.0060606; 0.0496895000; 0.0001227000; False; 0.0575392000; 0.1845912000
/home/experiments/nfa-bench/benchmarks/presburger-explicit/complement/UltimateAutomizer/nested9_true-unreach-call.i_1317.0.mata;0.21; 0.0529175000;0.009066099999999999; 0.0821674000; 0.0002529000; False; 0.0939121000; 0.2478323000;0.87; 0.0482136000;0.0058047; 0.0725327000; 0.0002235000; False; 0.0802831000; 0.1811134000
/home/experiments/nfa-bench/benchmarks/presburger-explicit/complement/UltimateAutomizer/nested9_true-unreach-call.i_1337.0.mata;0.24; 0.0644242000;0.009029500000000001; 0.0916512000; 0.0002019000; False; 0.1031503000; 0.2313242000;0.88; 0.0516067000;0.0061397; 0.0611923000; 0.0002455000; False; 0.0692495000; 0.1774302000
/home/experiments/nfa-bench/benchmarks/presburger-explicit/complement/UltimateAutomizer/nested9_true-unreach-call.i_1357.0.mata;0.24; 0.0662313000;0.0087427; 0.0900243000; 0.0002672000; False; 0.1012536000; 0.2300071000;0.86; 0.0469783000;0.009206099999999998; 0.0801252000; 0.0001291000; False; 0.0918559000; 0.1824394000
/home/experiments/nfa-bench/benchmarks/presburger-explicit/complement/UltimateAutomizer/nested9_true-unreach-call.i_1370.0.mata;0.21; 0.0629705000;0.018559199999999998; 0.1152756000; 0.0002681000; False; 0.1367600000; 0.2502548000;0.92; 0.0707252000;0.0099239; 0.1055974000; 0.0003194000; False; 0.1181836000; 0.2514894000
/home/experiments/nfa-bench/benchmarks/presburger-explicit/complement/UltimateAutomizer/nested9_true-unreach-call.i_1371.0.mata;0.23; 0.0641417000;0.0083275; 0.0939077000; 0.0002196000; False; 0.1048202000; 0.2264625000;0.83; 0.0941770000;0.0062969; 0.0709812000; 0.0002019000; False; 0.0791426000; 0.2190147000
/home/experiments/nfa-bench/benchmarks/presburger-explicit/complement/UltimateAutomizer/nested9_true-unreach-call.i_1375.0.mata;0.2; 0.0409941000;0.009946100000000001; 0.0904390000; 0.0001594000; False; 0.1021583000; 0.1889050000;0.94; 0.0868858000;0.0087943; 0.0741786000; 0.0001293000; False; 0.0853587000; 0.2488658000
/home/experiments/nfa-bench/benchmarks/presburger-explicit/complement/UltimateAutomizer/nested9_true-unreach-call.i_1379.0.mata;0.25; 0.0671484000;0.0088505; 0.1022744000; 0.0003271000; False; 0.1137520000; 0.2431974000;0.9; 0.0702993000;0.0088886; 0.0888935000; 0.0001741000; False; 0.1000634000; 0.2339051000
/home/experiments/nfa-bench/benchmarks/presburger-explicit/complement/UltimateAutomizer/nested9_true-unreach-call.i_1427.0.mata;0.25; 0.0690499000;0.0095764; 0.0990971000; 0.0002852000; False; 0.1116081000; 0.2428018000;0.86; 0.0986544000;0.0057955; 0.0919259000; 0.0003288000; False; 0.0997188000; 0.2406857000
/home/experiments/nfa-bench/benchmarks/presburger-explicit/complement/UltimateAutomizer/nested9_true-unreach-call.i_1437.0.mata;0.18; 0.0535674000;0.0091622; 0.0603661000; 0.0001467000; False; 0.0723869000; 0.1721153000;0.95; 0.0606140000;0.0093463; 0.0844384000; 0.0002466000; False; 0.0965033000; 0.2581750000
/home/experiments/nfa-bench/benchmarks/presburger-explicit/complement/UltimateAutomizer/nested9_true-unreach-call.i_1471.0.mata;0.23; 0.0618475000;0.006097999999999999; 0.1317494000; 0.0001598000; False; 0.1397761000; 0.2824089000;1.0; 0.0632916000;0.017808; 0.1243033000; 0.0001866000; False; 0.1478404000; 0.2836208000
/home/experiments/nfa-bench/benchmarks/presburger-explicit/complement/UltimateAutomizer/nested9_true-unreach-call.i_1475.0.mata;0.26; 0.0801924000;0.0093454; 0.1131841000; 0.0002110000; False; 0.1253272000; 0.2987673000;0.92; 0.0492135000;0.006197; 0.0790351000; 0.0001978000; False; 0.0874321000; 0.2109719000
/home/experiments/nfa-bench/benchmarks/presburger-explicit/complement/UltimateAutomizer/nested9_true-unreach-call.i_1477.0.mata;0.17; 0.0725159000;0.005686299999999999; 0.0664440000; 0.0002089000; False; 0.0738604000; 0.2069827000;0.78; 0.0385961000;0.0068206000000000004; 0.0955412000; 0.0002048000; False; 0.1045503000; 0.1798110000
/home/experiments/nfa-bench/benchmarks/presburger-explicit/complement/UltimateAutomizer/nested9_true-unreach-call.i_1479.0.mata;0.25; 0.0978386000;0.0087561; 0.0843334000; 0.0002141000; False; 0.0956044000; 0.2780710000;0.92; 0.0686004000;0.0093414; 0.1151340000; 0.0002364000; False; 0.1272422000; 0.2431992000
/home/experiments/nfa-bench/benchmarks/presburger-explicit/complement/UltimateAutomizer/nested9_true-unreach-call.i_1575.0.mata;0.27; 0.1155991000;0.0093631; 0.1185872000; 0.0001998000; False; 0.1305799000; 0.3135202000;1.03; 0.0805859000;0.009036899999999999; 0.0913106000; 0.0002878000; False; 0.1028732000; 0.2480340000
/home/experiments/nfa-bench/benchmarks/presburger-explicit/complement/UltimateAutomizer/nested9_true-unreach-call.i_1578.0.mata;0.23; 0.0498116000;0.009216799999999999; 0.1332199000; 0.0001611000; False; 0.1452021000; 0.2600681000;0.92; 0.1042570000;0.0092292; 0.1162853000; 0.0002259000; False; 0.1281821000; 0.3069594000
/home/experiments/nfa-bench/benchmarks/presburger-explicit/complement/UltimateAutomizer/nested9_true-unreach-call.i_1597.0.mata;0.23; 0.1276909000;0.0059150999999999995; 0.0791476000; 0.0001895000; False; 0.0871073000; 0.2664112000;1.0; 0.0716366000;0.0063809; 0.1410108000; 0.0001945000; False; 0.1491043000; 0.2860769000
/home/experiments/nfa-bench/benchmarks/presburger-explicit/complement/UltimateAutomizer/nested9_true-unreach-call.i_1676.0.mata;0.29; 0.1164912000;0.0095392; 0.1224608000; 0.0002767000; False; 0.1349213000; 0.3286574000;0.83; 0.0488846000;0.0057966; 0.0754762000; 0.0001420000; False; 0.0831197000; 0.1770134000
/home/experiments/nfa-bench/benchmarks/presburger-explicit/complement/UltimateAutomizer/nested9_true-unreach-call.i_1677.0.mata;0.28; 0.0708354000;0.009907299999999999; 0.1308549000; 0.0001999000; False; 0.1436949000; 0.2946535000;0.99; 0.0745295000;0.0097668; 0.0901005000; 0.0002201000; False; 0.1028170000; 0.2288062000
/home/experiments/nfa-bench/benchmarks/presburger-explicit/complement/UltimateAutomizer/nested9_true-unreach-call.i_1679.0.mata;0.3; 0.0904494000;0.0065847; 0.1278454000; 0.0002230000; False; 0.1362374000; 0.3287489000;0.85; 0.0619335000;0.0097696; 0.1004007000; 0.0001733000; False; 0.1129678000; 0.2246740000
/home/experiments/nfa-bench/benchmarks/presburger-explicit/complement/UltimateAutomizer/nested9_true-unreach-call.i_17.0.mata;0.2; 0.0436569000;0.0084827; 0.1159616000; 0.0002210000; False; 0.1300921000; 0.2422709000;0.95; 0.0493906000;0.008923; 0.0783412000; 0.0001825000; False; 0.0900547000; 0.1975779000
/home/experiments/nfa-bench/benchmarks/presburger-explicit/complement/UltimateAutomizer/nested9_true-unreach-call.i_1703.0.mata;0.29; 0.0939035000;0.0104184; 0.1071899000; 0.0002285000; False; 0.1208004000; 0.2915663000;1.05; 0.0882107000;0.0083076; 0.1231405000; 0.0002217000; False; 0.1337692000; 0.2952569000
/home/experiments/nfa-bench/benchmarks/presburger-explicit/complement/UltimateAutomizer/nested9_true-unreach-call.i_1707.0.mata;0.3; 0.1243951000;0.0097112; 0.1074417000; 0.0001990000; False; 0.1198310000; 0.3283405000;0.97; 0.0614149000;0.009392300000000001; 0.1293441000; 0.0002705000; False; 0.1413308000; 0.2940472000
/home/experiments/nfa-bench/benchmarks/presburger-explicit/complement/UltimateAutomizer/nested9_true-unreach-call.i_1720.0.mata;0.23; 0.0812168000;0.009032499999999999; 0.0698083000; 0.0002026000; False; 0.0816516000; 0.2330299000;0.93; 0.0757562000;0.006798800000000001; 0.0741910000; 0.0001936000; False; 0.0831905000; 0.2221210000
/home/experiments/nfa-bench/benchmarks/presburger-explicit/complement/UltimateAutomizer/nested9_true-unreach-call.i_1722.0.mata;0.26; 0.0813328000;0.0059164; 0.1048735000; 0.0001757000; False; 0.1129363000; 0.2862900000;0.97; 0.1080648000;0.0086381; 0.1511323000; 0.0001480000; False; 0.1622738000; 0.3470073000
/home/experiments/nfa-bench/benchmarks/presburger-explicit/complement/UltimateAutomizer/nested9_true-unreach-call.i_1723.0.mata;0.19; 0.0515258000;0.011235499999999999; 0.1032056000; 0.0002072000; False; 0.1255375000; 0.2248424000;0.95; 0.0540005000;0.0059451; 0.1293105000; 0.0002289000; False; 0.1397805000; 0.3038296000
/home/experiments/nfa-bench/benchmarks/presburger-explicit/complement/UltimateAutomizer/nested9_true-unreach-call.i_1726.0.mata;0.22; 0.0775131000;0.007214300000000001; 0.0952228000; 0.0002349000; False; 0.1054089000; 0.2286763000;0.97; 0.0835693000;0.0101038; 0.1126393000; 0.0002223000; False; 0.1259632000; 0.2790039000
/home/experiments/nfa-bench/benchmarks/presburger-explicit/complement/UltimateAutomizer/nested9_true-unreach-call.i_1728.0.mata;0.23; 0.0530190000;0.005878400000000001; 0.1052663000; 0.0001783000; False; 0.1128578000; 0.2203391000;0.88; 0.0491569000;0.0062028000000000005; 0.0680964000; 0.0001812000; False; 0.0762457000; 0.1665255000
/home/experiments/nfa-bench/benchmarks/presburger-explicit/complement/UltimateAutomizer/nested9_true-unreach-call.i_1729.0.mata;0.28; 0.0862412000;0.0098014; 0.1533546000; 0.0002973000; False; 0.1661406000; 0.3214454000;0.95; 0.0576846000;0.009519099999999999; 0.0880536000; 0.0001607000; False; 0.1001286000; 0.2051276000
/home/experiments/nfa-bench/benchmarks/presburger-explicit/complement/UltimateAutomizer/nested9_true-unreach-call.i_173.0.mata;0.2; 0.0489887000;0.0085356; 0.0839572000; 0.0002429000; False; 0.0952428000; 0.1970920000;0.95; 0.0960043000;0.0087868; 0.0811997000; 0.0002124000; False; 0.0930145000; 0.2772248000
/home/experiments/nfa-bench/benchmarks/presburger-explicit/complement/UltimateAutomizer/nested9_true-unreach-call.i_1732.0.mata;0.26; 0.0814080000;0.0092517; 0.1051228000; 0.0001899000; False; 0.1169869000; 0.2671906000;0.81; 0.0757809000;0.0058608; 0.0660548000; 0.0001428000; False; 0.0737991000; 0.2032260000
/home/experiments/nfa-bench/benchmarks/presburger-explicit/complement/UltimateAutomizer/nested9_true-unreach-call.i_1736.0.mata;0.27; 0.0797920000;0.009090899999999999; 0.1082301000; 0.0002810000; False; 0.1200381000; 0.2650999000;0.88; 0.0480789000;0.006089600000000001; 0.0798937000; 0.0003280000; False; 0.0882530000; 0.2410440000
/home/experiments/nfa-bench/benchmarks/presburger-explicit/complement/UltimateAutomizer/nested9_true-unreach-call.i_1737.0.mata;0.23; 0.0709097000;0.009587700000000001; 0.1129310000; 0.0002497000; False; 0.1255137000; 0.2776073000;1.11; 0.0851166000;0.0090381; 0.1166017000; 0.0002652000; False; 0.1282781000; 0.3063539000
/home/experiments/nfa-bench/benchmarks/presburger-explicit/complement/UltimateAutomizer/nested9_true-unreach-call.i_1738.0.mata;0.21; 0.1280211000;0.005910899999999999; 0.0843109000; 0.0002180000; False; 0.0922115000; 0.3543317000;1.01; 0.0777227000;0.0094111; 0.1126531000; 0.0002757000; False; 0.1250029000; 0.2693026000
/home/experiments/nfa-bench/benchmarks/presburger-explicit/complement/UltimateAutomizer/nested9_true-unreach-call.i_1739.0.mata;0.27; 0.0942834000;0.014953300000000001; 0.1191356000; 0.0003878000; False; 0.1374662000; 0.3159149000;0.98; 0.0847890000;0.0060974; 0.0990424000; 0.0002427000; False; 0.1072880000; 0.2358855000
/home/experiments/nfa-bench/benchmarks/presburger-explicit/complement/UltimateAutomizer/nested9_true-unreach-call.i_1741.0.mata;0.21; 0.0890499000;0.0059048; 0.0664555000; 0.0001652000; False; 0.0743220000; 0.2057133000;0.81; 0.0508562000;0.0057905000000000005; 0.0983305000; 0.0002134000; False; 0.1062935000; 0.2167579000
/home/experiments/nfa-bench/benchmarks/presburger-explicit/complement/UltimateAutomizer/nested9_true-unreach-call.i_1748.0.mata;0.26; 0.0877458000;0.010274100000000001; 0.1138943000; 0.0002289000; False; 0.1272384000; 0.3027944000;0.86; 0.1037065000;0.006085999999999999; 0.0905201000; 0.0003116000; False; 0.0985348000; 0.2574101000
/home/experiments/nfa-bench/benchmarks/presburger-explicit/complement/UltimateAutomizer/nested9_true-unreach-call.i_1749.0.mata;0.24; 0.0842122000;0.009145200000000001; 0.0657773000; 0.0001301000; False; 0.0774870000; 0.2293167000;0.9; 0.0523504000;0.0063614000000000006; 0.0692943000; 0.0001342000; False; 0.0778741000; 0.1817096000
/home/experiments/nfa-bench/benchmarks/presburger-explicit/complement/UltimateAutomizer/nested9_true-unreach-call.i_175.0.mata;0.21; 0.0625408000;0.0090518; 0.0798241000; 0.0001931000; False; 0.0916702000; 0.2404174000;0.83; 0.0325189000;0.0091512; 0.0853661000; 0.0002128000; False; 0.0975827000; 0.1694467000
/home/experiments/nfa-bench/benchmarks/presburger-explicit/complement/UltimateAutomizer/nested9_true-unreach-call.i_1752.0.mata;0.2; 0.0388765000;0.0056705; 0.1014327000; 0.0001478000; False; 0.1089880000; 0.1872763000;0.95; 0.0894819000;0.0090553; 0.0972936000; 0.0001331000; False; 0.1087057000; 0.2833863000
/home/experiments/nfa-bench/benchmarks/presburger-explicit/complement/UltimateAutomizer/nested9_true-unreach-call.i_1755.0.mata;0.27; 0.0845425000;0.0096676; 0.1109532000; 0.0002644000; False; 0.1237190000; 0.2736168000;0.93; 0.0412035000;0.0062358; 0.0996176000; 0.0001928000; False; 0.1077279000; 0.1900034000
/home/experiments/nfa-bench/benchmarks/presburger-explicit/complement/UltimateAutomizer/nested9_true-unreach-call.i_1758.0.mata;0.22; 0.0711553000;0.0061176; 0.0742887000; 0.0002919000; False; 0.0826989000; 0.2152407000;0.96; 0.0741398000;0.0087373; 0.1062347000; 0.0001955000; False; 0.1176587000; 0.2563372000
/home/experiments/nfa-bench/benchmarks/presburger-explicit/complement/UltimateAutomizer/nested9_true-unreach-call.i_1761.0.mata;0.23; 0.0661037000;0.0091228; 0.0901343000; 0.0002579000; False; 0.1021024000; 0.2363572000;0.94; 0.0638751000;0.008312; 0.0707823000; 0.0001311000; False; 0.0815207000; 0.2050705000
/home/experiments/nfa-bench/benchmarks/presburger-explicit/complement/UltimateAutomizer/nested9_true-unreach-call.i_1764.0.mata;0.23; 0.0662158000;0.00911; 0.0780551000; 0.0001456000; False; 0.0897501000; 0.2233698000;0.98; 0.0675230000;0.0094593; 0.1095476000; 0.0001943000; False; 0.1219188000; 0.2832032000
/home/experiments/nfa-bench/benchmarks/presburger-explicit/complement/UltimateAutomizer/nested9_true-unreach-call.i_1767.0.mata;0.24; 0.1017999000;0.0087448; 0.0987163000; 0.0001674000; False; 0.1101238000; 0.2735151000;0.84; 0.0691785000;0.0087761; 0.1099053000; 0.0001817000; False; 0.1208967000; 0.2409738000
/home/experiments/nfa-bench/benchmarks/presburger-explicit/complement/UltimateAutomizer/nested9_true-unreach-call.i_1770.0.mata;0.19; 0.0402488000;0.0063389; 0.0985963000; 0.0003186000; False; 0.1072518000; 0.1860818000;0.93; 0.0679649000;0.0094188; 0.1058097000; 0.0002360000; False; 0.1183885000; 0.2507598000
/home/experiments/nfa-bench/benchmarks/presburger-explicit/complement/UltimateAutomizer/nested9_true-unreach-call.i_1777.0.mata;0.25; 0.0887992000;0.0060132; 0.1407185000; 0.0002116000; False; 0.1488323000; 0.2814645000;0.9; 0.0538078000;0.010184; 0.1020305000; 0.0001972000; False; 0.1150775000; 0.2160287000
/home/experiments/nfa-bench/benchmarks/presburger-explicit/complement/UltimateAutomizer/nested9_true-unreach-call.i_1778.0.mata;0.26; 0.0793019000;0.0088836; 0.1013187000; 0.0002783000; False; 0.1130864000; 0.2567319000;0.91; 0.0829808000;0.0095654; 0.1150759000; 0.0003269000; False; 0.1275961000; 0.2794660000
/home/experiments/nfa-bench/benchmarks/presburger-explicit/complement/UltimateAutomizer/nested9_true-unreach-call.i_1781.0.mata;0.3; 0.0917551000;0.0106493; 0.1253344000; 0.0001928000; False; 0.1389993000; 0.2971958000;0.95; 0.0920088000;0.0062518; 0.0765109000; 0.0002333000; False; 0.0848758000; 0.2196221000
/home/experiments/nfa-bench/benchmarks/presburger-explicit/complement/UltimateAutomizer/nested9_true-unreach-call.i_1784.0.mata;0.23; 0.1002453000;0.0090251; 0.0819557000; 0.0001902000; False; 0.0937032000; 0.2595397000;1.01; 0.0724321000;0.0103712; 0.1090148000; 0.0001898000; False; 0.1227076000; 0.2627635000
/home/experiments/nfa-bench/benchmarks/presburger-explicit/complement/UltimateAutomizer/nested9_true-unreach-call.i_1785.0.mata;0.23; 0.0898226000;0.006051999999999999; 0.1114285000; 0.0001327000; False; 0.1194942000; 0.2798871000;1.04; 0.0679938000;0.0104882; 0.1226645000; 0.0002942000; False; 0.1361574000; 0.2540085000
/home/experiments/nfa-bench/benchmarks/presburger-explicit/complement/UltimateAutomizer/nested9_true-unreach-call.i_1786.0.mata;0.24; 0.0553099000;0.0062932; 0.1078352000; 0.0002446000; False; 0.1163306000; 0.2704903000;0.97; 0.0825072000;0.0093025; 0.1278326000; 0.0002424000; False; 0.1399363000; 0.2901542000
/home/experiments/nfa-bench/benchmarks/presburger-explicit/complement/UltimateAutomizer/nested9_true-unreach-call.i_1789.0.mata;0.29; 0.0821391000;0.009023100000000001; 0.1158608000; 0.0001709000; False; 0.1276140000; 0.2772167000;0.87; 0.0516380000;0.0058316; 0.1132087000; 0.0001805000; False; 0.1209818000; 0.2350065000
/home/experiments/nfa-bench/benchmarks/presburger-explicit/complement/UltimateAutomizer/nested9_true-unreach-call.i_179.0.mata;0.19; 0.0494764000;0.0087185; 0.1191924000; 0.0002464000; False; 0.1306944000; 0.2231249000;0.95; 0.0511750000;0.0084839; 0.0787180000; 0.0002144000; False; 0.0899945000; 0.2089161000
/home/experiments/nfa-bench/benchmarks/presburger-explicit/complement/UltimateAutomizer/nested9_true-unreach-call.i_1792.0.mata;0.26; 0.0541796000;0.0099638; 0.1247521000; 0.0002132000; False; 0.1372894000; 0.2547085000;0.94; 0.1141820000;0.0061262; 0.0721287000; 0.0001821000; False; 0.0802228000; 0.2783943000
/home/experiments/nfa-bench/benchmarks/presburger-explicit/complement/UltimateAutomizer/nested9_true-unreach-call.i_1795.0.mata;0.22; 0.0501296000;0.0101187; 0.1249127000; 0.0001698000; False; 0.1381685000; 0.2339427000;0.92; 0.0795213000;0.0090927; 0.1202241000; 0.0001928000; False; 0.1320750000; 0.2804155000
/home/experiments/nfa-bench/benchmarks/presburger-explicit/complement/UltimateAutomizer/nested9_true-unreach-call.i_1798.0.mata;0.29; 0.1267345000;0.009434499999999998; 0.1173492000; 0.0001959000; False; 0.1298994000; 0.3260128000;1.03; 0.0833727000;0.009607; 0.1266172000; 0.0002782000; False; 0.1390323000; 0.2975527000
/home/experiments/nfa-bench/benchmarks/presburger-explicit/complement/UltimateAutomizer/nested9_true-unreach-call.i_1817.0.mata;0.26; 0.0879433000;0.0097216; 0.0939785000; 0.0002180000; False; 0.1065350000; 0.3055777000;1.01; 0.0709091000;0.018125199999999998; 0.1454982000; 0.0001875000; False; 0.1664432000; 0.2965408000
/home/experiments/nfa-bench/benchmarks/presburger-explicit/complement/UltimateAutomizer/nested9_true-unreach-call.i_1847.0.mata;0.21; 0.1018710000;0.0090551; 0.0867760000; 0.0002183000; False; 0.0986257000; 0.2488584000;0.98; 0.0744047000;0.008788299999999999; 0.0751712000; 0.0002385000; False; 0.0866226000; 0.2577374000
/home/experiments/nfa-bench/benchmarks/presburger-explicit/complement/UltimateAutomizer/nested9_true-unreach-call.i_187.0.mata;0.21; 0.0532186000;0.0089627; 0.0867475000; 0.0001773000; False; 0.0984748000; 0.2102190000;0.88; 0.0907371000;0.0089861; 0.0835883000; 0.0002017000; False; 0.0955915000; 0.2446906000
/home/experiments/nfa-bench/benchmarks/presburger-explicit/complement/UltimateAutomizer/nested9_true-unreach-call.i_1874.0.mata;0.22; 0.0641677000;0.0095655; 0.0729660000; 0.0001412000; False; 0.0852722000; 0.2128458000;0.93; 0.0672642000;0.009026; 0.1001988000; 0.0001989000; False; 0.1119266000; 0.2429919000
/home/experiments/nfa-bench/benchmarks/presburger-explicit/complement/UltimateAutomizer/nested9_true-unreach-call.i_1875.0.mata;0.18; 0.0408885000;0.005886; 0.0875754000; 0.0002141000; False; 0.0955525000; 0.1758516000;0.92; 0.0425206000;0.0061455; 0.0846572000; 0.0002098000; False; 0.0928794000; 0.1750379000
/home/experiments/nfa-bench/benchmarks/presburger-explicit/complement/UltimateAutomizer/nested9_true-unreach-call.i_1877.0.mata;0.18; 0.0392737000;0.0059355; 0.0967307000; 0.0002875000; False; 0.1047676000; 0.1820947000;0.89; 0.0405852000;0.006111699999999999; 0.0968773000; 0.0001985000; False; 0.1050622000; 0.2588091000
/home/experiments/nfa-bench/benchmarks/presburger-explicit/complement/UltimateAutomizer/nested9_true-unreach-call.i_1878.0.mata;0.2; 0.0672725000;0.0093299; 0.0655877000; 0.0001946000; False; 0.0776287000; 0.1929529000;0.95; 0.0718535000;0.0095864; 0.1109685000; 0.0002107000; False; 0.1237480000; 0.2598613000
/home/experiments/nfa-bench/benchmarks/presburger-explicit/complement/UltimateAutomizer/nested9_true-unreach-call.i_1879.0.mata;0.26; 0.1110234000;0.0092; 0.1056258000; 0.0002899000; False; 0.1177464000; 0.2933039000;0.83; 0.0429661000;0.0081377; 0.0959003000; 0.0001255000; False; 0.1061067000; 0.1891052000
/home/experiments/nfa-bench/benchmarks/presburger-explicit/complement/UltimateAutomizer/nested9_true-unreach-call.i_1887.0.mata;0.26; 0.0677358000;0.009092300000000001; 0.1021879000; 0.0003381000; False; 0.1143848000; 0.2458998000;1.02; 0.0756257000;0.0091694; 0.1019224000; 0.0001817000; False; 0.1138640000; 0.2827613000
/home/experiments/nfa-bench/benchmarks/presburger-explicit/complement/UltimateAutomizer/nested9_true-unreach-call.i_1897.0.mata;0.25; 0.0667297000;0.0091027; 0.1458249000; 0.0002140000; False; 0.1577380000; 0.3142989000;0.95; 0.0696831000;0.0077870000000000005; 0.0861679000; 0.0003224000; False; 0.0970968000; 0.2319192000
/home/experiments/nfa-bench/benchmarks/presburger-explicit/complement/UltimateAutomizer/nested9_true-unreach-call.i_277.0.mata;0.16; 0.0429529000;0.006391300000000001; 0.0667322000; 0.0003070000; False; 0.0769838000; 0.1573109000;1.0; 0.0659941000;0.0100023; 0.0570347000; 0.0001399000; False; 0.0698369000; 0.1799712000
/home/experiments/nfa-bench/benchmarks/presburger-explicit/complement/UltimateAutomizer/nested9_true-unreach-call.i_357.0.mata;0.23; 0.0539354000;0.009443; 0.0896995000; 0.0002339000; False; 0.1023318000; 0.2495304000;0.9; 0.0549687000;0.0090411; 0.1230692000; 0.0002776000; False; 0.1349902000; 0.2935329000
/home/experiments/nfa-bench/benchmarks/presburger-explicit/complement/UltimateAutomizer/nested9_true-unreach-call.i_378.0.mata;0.22; 0.0569602000;0.009605; 0.0877371000; 0.0003813000; False; 0.1007377000; 0.2538881000;0.86; 0.0506836000;0.008532; 0.0877187000; 0.0002583000; False; 0.0991662000; 0.2051914000
/home/experiments/nfa-bench/benchmarks/presburger-explicit/complement/UltimateAutomizer/nested9_true-unreach-call.i_379.0.mata;0.13; 0.0334478000;0.0057057; 0.0503358000; 0.0001553000; False; 0.0581093000; 0.1276744000;0.86; 0.0707165000;0.017064; 0.0565840000; 0.0001363000; False; 0.0797113000; 0.2279589000
/home/experiments/nfa-bench/benchmarks/presburger-explicit/complement/UltimateAutomizer/nested9_true-unreach-call.i_447.0.mata;0.19; 0.0670607000;0.0092811; 0.0795058000; 0.0002283000; False; 0.0915282000; 0.2280455000;0.98; 0.0466778000;0.0088706; 0.0882158000; 0.0002407000; False; 0.1000116000; 0.2001955000
/home/experiments/nfa-bench/benchmarks/presburger-explicit/complement/UltimateAutomizer/nested9_true-unreach-call.i_470.0.mata;0.18; 0.0363150000;0.0079015; 0.0867770000; 0.0001285000; False; 0.0967153000; 0.1702433000;0.78; 0.0383951000;0.005958499999999999; 0.0780530000; 0.0002190000; False; 0.0858132000; 0.1620746000
/home/experiments/nfa-bench/benchmarks/presburger-explicit/complement/UltimateAutomizer/nested9_true-unreach-call.i_473.0.mata;0.22; 0.0951397000;0.0091474; 0.0844844000; 0.0001729000; False; 0.0962227000; 0.2551563000;1.0; 0.0611482000;0.0089882; 0.0844393000; 0.0002114000; False; 0.0963032000; 0.2152774000
/home/experiments/nfa-bench/benchmarks/presburger-explicit/complement/UltimateAutomizer/nested9_true-unreach-call.i_497.0.mata;0.22; 0.0593249000;0.0120559; 0.0826678000; 0.0002352000; False; 0.0974506000; 0.2155077000;0.8; 0.0352784000;0.0056302999999999995; 0.0795750000; 0.0002989000; False; 0.0870605000; 0.1638551000
/home/experiments/nfa-bench/benchmarks/presburger-explicit/complement/UltimateAutomizer/nested9_true-unreach-call.i_507.0.mata;0.23; 0.0654037000;0.0089027; 0.0886918000; 0.0002243000; False; 0.1004703000; 0.2260612000;0.9; 0.0654592000;0.0072796; 0.0568020000; 0.0001608000; False; 0.0671621000; 0.2302508000
/home/experiments/nfa-bench/benchmarks/presburger-explicit/complement/UltimateAutomizer/nested9_true-unreach-call.i_527.0.mata;0.16; 0.0344818000;0.0086679; 0.0785971000; 0.0001845000; False; 0.0898390000; 0.1643409000;0.93; 0.0276797000;0.0066869; 0.0775738000; 0.0003389000; False; 0.0865730000; 0.1608727000
/home/experiments/nfa-bench/benchmarks/presburger-explicit/complement/UltimateAutomizer/nested9_true-unreach-call.i_537.0.mata;0.16; 0.0782442000;0.0055227; 0.0482816000; 0.0001539000; False; 0.0556725000; 0.1840942000;0.84; 0.0377873000;0.0101275; 0.0642386000; 0.0001264000; False; 0.0768669000; 0.1549054000
/home/experiments/nfa-bench/benchmarks/presburger-explicit/complement/UltimateAutomizer/nested9_true-unreach-call.i_573.0.mata;0.2; 0.0470659000;0.0092502; 0.0892782000; 0.0002200000; False; 0.1014915000; 0.2011093000;0.84; 0.0445434000;0.0085066; 0.0521890000; 0.0001179000; False; 0.0630767000; 0.1623271000
/home/experiments/nfa-bench/benchmarks/presburger-explicit/complement/UltimateAutomizer/nested9_true-unreach-call.i_574.0.mata;0.21; 0.0500112000;0.0098658; 0.0846355000; 0.0002222000; False; 0.0969333000; 0.2231023000;0.93; 0.0475620000;0.008459300000000001; 0.0825893000; 0.0002287000; False; 0.0938784000; 0.1955945000
/home/experiments/nfa-bench/benchmarks/presburger-explicit/complement/UltimateAutomizer/nested9_true-unreach-call.i_575.0.mata;0.2; 0.0464932000;0.0057216; 0.0836197000; 0.0002152000; False; 0.0912640000; 0.1903244000;0.94; 0.0617091000;0.0085582; 0.0836663000; 0.0001344000; False; 0.0950526000; 0.2312628000
/home/experiments/nfa-bench/benchmarks/presburger-explicit/complement/UltimateAutomizer/nested9_true-unreach-call.i_627.0.mata;0.19; 0.0471567000;0.0091579; 0.0681319000; 0.0001283000; False; 0.0797487000; 0.1804975000;0.83; 0.0331645000;0.0057650999999999996; 0.0461347000; 0.0001478000; False; 0.0536673000; 0.1605257000
/home/experiments/nfa-bench/benchmarks/presburger-explicit/complement/UltimateAutomizer/nested9_true-unreach-call.i_637.0.mata;0.2; 0.0622197000;0.009763299999999999; 0.0856681000; 0.0001993000; False; 0.0984365000; 0.2030765000;0.92; 0.0985810000;0.0085913; 0.0853109000; 0.0002586000; False; 0.0965793000; 0.2545521000
/home/experiments/nfa-bench/benchmarks/presburger-explicit/complement/UltimateAutomizer/nested9_true-unreach-call.i_670.0.mata;0.23; 0.0520088000;0.0096948; 0.1022035000; 0.0003133000; False; 0.1146047000; 0.2321041000;0.91; 0.0508988000;0.008693500000000002; 0.0994406000; 0.0002400000; False; 0.1110115000; 0.2210797000
/home/experiments/nfa-bench/benchmarks/presburger-explicit/complement/UltimateAutomizer/nested9_true-unreach-call.i_7.0.mata;0.18; 0.0430881000;0.0059679; 0.0876345000; 0.0002287000; False; 0.0987440000; 0.1955788000;1.0; 0.0437402000;0.0094874; 0.0822332000; 0.0002060000; False; 0.0944704000; 0.1916292000
/home/experiments/nfa-bench/benchmarks/presburger-explicit/complement/UltimateAutomizer/nested9_true-unreach-call.i_703.0.mata;0.22; 0.0488846000;0.0101112; 0.1146194000; 0.0003139000; False; 0.1277193000; 0.2205728000;1.05; 0.0797369000;0.0092632; 0.1061862000; 0.0002763000; False; 0.1178348000; 0.2615697000
/home/experiments/nfa-bench/benchmarks/presburger-explicit/complement/UltimateAutomizer/nested9_true-unreach-call.i_707.0.mata;0.24; 0.0840527000;0.0081699; 0.1368114000; 0.0001708000; False; 0.1470317000; 0.2816986000;1.05; 0.0906993000;0.009996399999999999; 0.1125458000; 0.0001571000; False; 0.1256317000; 0.2803544000
/home/experiments/nfa-bench/benchmarks/presburger-explicit/complement/UltimateAutomizer/nested9_true-unreach-call.i_71.0.mata;0.15; 0.0310420000;0.0091734; 0.0724061000; 0.0001572000; False; 0.0844295000; 0.1552233000;0.85; 0.0345412000;0.0093858; 0.0783488000; 0.0001725000; False; 0.0906316000; 0.1662809000
/home/experiments/nfa-bench/benchmarks/presburger-explicit/complement/UltimateAutomizer/nested9_true-unreach-call.i_713.0.mata;0.25; 0.0828879000;0.0087379; 0.0794986000; 0.0001457000; False; 0.0908224000; 0.2420483000;0.94; 0.0857395000;0.0091695; 0.0963393000; 0.0001667000; False; 0.1082718000; 0.3037432000
/home/experiments/nfa-bench/benchmarks/presburger-explicit/complement/UltimateAutomizer/nested9_true-unreach-call.i_720.0.mata;0.2; 0.0531821000;0.0064994; 0.0961432000; 0.0001912000; False; 0.1047708000; 0.2013383000;0.96; 0.0828055000;0.009455799999999999; 0.1125365000; 0.0003015000; False; 0.1249885000; 0.2752433000
/home/experiments/nfa-bench/benchmarks/presburger-explicit/complement/UltimateAutomizer/nested9_true-unreach-call.i_725.0.mata;0.25; 0.0807074000;0.0097155; 0.0963960000; 0.0003194000; False; 0.1091214000; 0.2564966000;1.03; 0.0779294000;0.0061497; 0.1058718000; 0.0001964000; False; 0.1139854000; 0.2612850000
/home/experiments/nfa-bench/benchmarks/presburger-explicit/complement/UltimateAutomizer/nested9_true-unreach-call.i_728.0.mata;0.26; 0.1253726000;0.00903; 0.1113366000; 0.0002066000; False; 0.1230967000; 0.3089005000;1.0; 0.0807613000;0.0060241; 0.0848134000; 0.0001973000; False; 0.0928963000; 0.2333807000
/home/experiments/nfa-bench/benchmarks/presburger-explicit/complement/UltimateAutomizer/nested9_true-unreach-call.i_73.0.mata;0.13; 0.0355238000;0.0062017; 0.0505247000; 0.0001634000; False; 0.0586167000; 0.1300603000;0.93; 0.0869466000;0.008718799999999999; 0.0784357000; 0.0001815000; False; 0.0899101000; 0.2413741000
/home/experiments/nfa-bench/benchmarks/presburger-explicit/complement/UltimateAutomizer/nested9_true-unreach-call.i_744.0.mata;0.21; 0.1259214000;0.005868; 0.0649943000; 0.0001497000; False; 0.0737735000; 0.2869579000;0.91; 0.0834620000;0.008907100000000001; 0.1173583000; 0.0001370000; False; 0.1287017000; 0.2789767000
/home/experiments/nfa-bench/benchmarks/presburger-explicit/complement/UltimateAutomizer/nested9_true-unreach-call.i_746.0.mata;0.22; 0.0502984000;0.0099402; 0.1049496000; 0.0002168000; False; 0.1178636000; 0.2154168000;0.97; 0.0820095000;0.0103103; 0.0829664000; 0.0001644000; False; 0.0963101000; 0.2413558000
/home/experiments/nfa-bench/benchmarks/presburger-explicit/complement/UltimateAutomizer/nested9_true-unreach-call.i_751.0.mata;0.23; 0.0618755000;0.0064141; 0.0872829000; 0.0002882000; False; 0.0959729000; 0.2200636000;0.92; 0.0768282000;0.0093906; 0.1108331000; 0.0002278000; False; 0.1229867000; 0.2581565000
/home/experiments/nfa-bench/benchmarks/presburger-explicit/complement/UltimateAutomizer/nested9_true-unreach-call.i_753.0.mata;0.26; 0.0852356000;0.0094401; 0.1126785000; 0.0002229000; False; 0.1250639000; 0.2851256000;0.89; 0.0662097000;0.0084306; 0.0626085000; 0.0002847000; False; 0.0735888000; 0.1866348000
/home/experiments/nfa-bench/benchmarks/presburger-explicit/complement/UltimateAutomizer/nested9_true-unreach-call.i_755.0.mata;0.21; 0.0840588000;0.005801799999999999; 0.0623819000; 0.0001402000; False; 0.0700066000; 0.2127202000;0.92; 0.0748875000;0.0088088; 0.1065665000; 0.0001993000; False; 0.1181336000; 0.2578655000
/home/experiments/nfa-bench/benchmarks/presburger-explicit/complement/UltimateAutomizer/nested9_true-unreach-call.i_762.0.mata;0.26; 0.0706964000;0.0091573; 0.1077527000; 0.0001905000; False; 0.1197727000; 0.2557441000;0.82; 0.0695944000;0.008997900000000001; 0.1078332000; 0.0001972000; False; 0.1198958000; 0.2455329000
/home/experiments/nfa-bench/benchmarks/presburger-explicit/complement/UltimateAutomizer/nested9_true-unreach-call.i_763.0.mata;0.26; 0.0786202000;0.0092972; 0.0941378000; 0.0002529000; False; 0.1064545000; 0.2549219000;0.93; 0.0575408000;0.006194300000000001; 0.0727002000; 0.0002952000; False; 0.0811034000; 0.1987519000
/home/experiments/nfa-bench/benchmarks/presburger-explicit/complement/UltimateAutomizer/nested9_true-unreach-call.i_766.0.mata;0.21; 0.0417485000;0.0081155; 0.0984913000; 0.0001576000; False; 0.1087871000; 0.2064796000;1.03; 0.0754957000;0.0101408; 0.0942082000; 0.0001628000; False; 0.1075246000; 0.2498946000
/home/experiments/nfa-bench/benchmarks/presburger-explicit/complement/UltimateAutomizer/nested9_true-unreach-call.i_775.0.mata;0.2; 0.0416220000;0.0076992; 0.0975617000; 0.0001930000; False; 0.1070708000; 0.1889559000;0.93; 0.0525189000;0.0098718; 0.1223905000; 0.0002616000; False; 0.1351839000; 0.2454387000
/home/experiments/nfa-bench/benchmarks/presburger-explicit/complement/UltimateAutomizer/nested9_true-unreach-call.i_780.0.mata;0.22; 0.0728678000;0.0100356; 0.0682241000; 0.0001464000; False; 0.0812753000; 0.2194046000;0.97; 0.0713265000;0.0093123; 0.0757747000; 0.0001413000; False; 0.0877497000; 0.2586165000
/home/experiments/nfa-bench/benchmarks/presburger-explicit/complement/UltimateAutomizer/nested9_true-unreach-call.i_785.0.mata;0.23; 0.0493446000;0.0094056; 0.1031182000; 0.0002846000; False; 0.1154338000; 0.2765850000;0.99; 0.0750999000;0.0070816; 0.1290153000; 0.0001970000; False; 0.1481254000; 0.2839571000
/home/experiments/nfa-bench/benchmarks/presburger-explicit/complement/UltimateAutomizer/nested9_true-unreach-call.i_788.0.mata;0.26; 0.0787333000;0.0089219; 0.0983849000; 0.0001676000; False; 0.1100337000; 0.2552442000;1.01; 0.0782500000;0.0096889; 0.1433964000; 0.0002297000; False; 0.1560474000; 0.3017267000
/home/experiments/nfa-bench/benchmarks/presburger-explicit/complement/UltimateAutomizer/nested9_true-unreach-call.i_807.0.mata;0.25; 0.1139337000;0.009708; 0.1037061000; 0.0001788000; False; 0.1162070000; 0.2800557000;0.89; 0.0763098000;0.0091544; 0.1041137000; 0.0001890000; False; 0.1160279000; 0.2583790000
/home/experiments/nfa-bench/benchmarks/presburger-explicit/complement/UltimateAutomizer/nested9_true-unreach-call.i_817.0.mata;0.23; 0.0580505000;0.009675900000000001; 0.1070272000; 0.0003138000; False; 0.1197156000; 0.2246219000;0.88; 0.1130336000;0.0058829; 0.0672918000; 0.0002015000; False; 0.0752292000; 0.2524954000
/home/experiments/nfa-bench/benchmarks/presburger-explicit/complement/UltimateAutomizer/nested9_true-unreach-call.i_870.0.mata;0.21; 0.0441093000;0.0098309; 0.0911741000; 0.0001673000; False; 0.1041054000; 0.2658097000;0.9; 0.0739431000;0.0090563; 0.0979861000; 0.0001997000; False; 0.1096954000; 0.2533701000
/home/experiments/nfa-bench/benchmarks/presburger-explicit/complement/UltimateAutomizer/nested9_true-unreach-call.i_887.0.mata;0.22; 0.0582205000;0.008425799999999999; 0.0865438000; 0.0003532000; False; 0.0977848000; 0.2142546000;0.84; 0.0479864000;0.0091144; 0.0671378000; 0.0001565000; False; 0.0789256000; 0.1671382000
/home/experiments/nfa-bench/benchmarks/presburger-explicit/complement/UltimateAutomizer/nested9_true-unreach-call.i_927.0.mata;0.23; 0.0523893000;0.010058999999999998; 0.1369662000; 0.0002266000; False; 0.1500305000; 0.2625587000;1.01; 0.0550436000;0.009268100000000001; 0.0978737000; 0.0002561000; False; 0.1102895000; 0.2261512000
/home/experiments/nfa-bench/benchmarks/presburger-explicit/complement/UltimateAutomizer/nested9_true-unreach-call.i_947.0.mata;0.22; 0.0763437000;0.0089425; 0.0657928000; 0.0002751000; False; 0.0775335000; 0.2175202000;1.04; 0.0663531000;0.0089732; 0.0958762000; 0.0001890000; False; 0.1075764000; 0.2362071000
/home/experiments/nfa-bench/benchmarks/presburger-explicit/complement/UltimateAutomizer/recHanoi03_true-unreach-call_true-termination.c_1478.0.mata;0.27; 0.1521362000;0.0091223; 0.0505803000; 0.0001921000; False; 0.0625916000; 0.2740460000;0.92; 0.1511120000;0.005532; 0.0328650000; 0.0001359000; False; 0.0403260000; 0.2556074000
/home/experiments/nfa-bench/benchmarks/presburger-explicit/complement/UltimateAutomizer/recHanoi03_true-unreach-call_true-termination.c_1735.0.mata;0.16; 0.0405094000;0.0090753; 0.0426448000; 0.0001647000; False; 0.0545785000; 0.1480907000;0.83; 0.0425834000;0.0087392; 0.0404526000; 0.0001638000; False; 0.0520150000; 0.1492710000
/home/experiments/nfa-bench/benchmarks/presburger-explicit/complement/UltimateAutomizer/recHanoi03_true-unreach-call_true-termination.c_1757.0.mata;0.2; 0.1308019000;0.005438999999999999; 0.0527832000; 0.0001979000; False; 0.0603033000; 0.2409719000;0.96; 0.1196708000;0.0193649; 0.0659309000; 0.0002359000; False; 0.0899797000; 0.3061367000
/home/experiments/nfa-bench/benchmarks/presburger-explicit/complement/UltimateAutomizer/recHanoi03_true-unreach-call_true-termination.c_2147.0.mata;0.1; 0.0270305000;0.0054545; 0.0277094000; 0.0001224000; False; 0.0350238000; 0.0956645000;0.91; 0.0439554000;0.0088271; 0.0419018000; 0.0001671000; False; 0.0535500000; 0.1521972000
/home/experiments/nfa-bench/benchmarks/presburger-explicit/complement/UltimateAutomizer/recHanoi03_true-unreach-call_true-termination.c_2175.0.mata;0.2; 0.1022264000;0.0059971; 0.0367868000; 0.0001566000; False; 0.0449911000; 0.1946445000;0.95; 0.0808580000;0.0085931; 0.0888252000; 0.0001976000; False; 0.1021869000; 0.2531949000
/home/experiments/nfa-bench/benchmarks/presburger-explicit/complement/UltimateAutomizer/recHanoi03_true-unreach-call_true-termination.c_2715.0.mata;0.22; 0.0941741000;0.005799599999999999; 0.0426682000; 0.0002258000; False; 0.0506542000; 0.2808599000;0.88; 0.0812598000;0.0089858; 0.0550712000; 0.0002067000; False; 0.0670522000; 0.2374700000
/home/experiments/nfa-bench/benchmarks/presburger-explicit/complement/UltimateAutomizer/recHanoi03_true-unreach-call_true-termination.c_2746.0.mata;1.85; 1.4957465000;0.0055238; 0.0311739000; 0.0001242000; False; 0.0387513000; 1.9351352000;2.58; 1.4546103000;0.0073474000000000005; 0.0472638000; 0.0001546000; False; 0.0573175000; 1.8896648000
/home/experiments/nfa-bench/benchmarks/presburger-explicit/complement/UltimateAutomizer/recHanoi03_true-unreach-call_true-termination.c_278.0.mata;0.26; 0.1345097000;0.0055056; 0.0312773000; 0.0001282000; False; 0.0387613000; 0.2596722000;1.13; 0.1884773000;0.0055913; 0.0344837000; 0.0001318000; False; 0.0420024000; 0.3214740000
/home/experiments/nfa-bench/benchmarks/presburger-explicit/complement/UltimateAutomizer/recHanoi03_true-unreach-call_true-termination.c_287.0.mata;1.64; 1.1954379000;0.0050564; 0.0327374000; 0.0001692000; False; 0.0396784000; 1.6616936000;2.56; 1.2929947000;0.0072461; 0.0332345000; 0.0001210000; False; 0.0425152000; 1.8281778000
/home/experiments/nfa-bench/benchmarks/presburger-explicit/complement/UltimateAutomizer/recHanoi03_true-unreach-call_true-termination.c_3227.0.mata;0.25; 0.1030961000;0.009113699999999999; 0.0588244000; 0.0002534000; False; 0.0710546000; 0.2511644000;0.93; 0.1030099000;0.0083517; 0.0575825000; 0.0002107000; False; 0.0689371000; 0.3025767000
/home/experiments/nfa-bench/benchmarks/presburger-explicit/complement/UltimateAutomizer/recHanoi03_true-unreach-call_true-termination.c_367.0.mata;1.78; 1.3751905000;0.016105599999999998; 0.0737200000; 0.0001517000; False; 0.0922466000; 1.8447847000;2.43; 1.2640150000;0.0049996; 0.0315279000; 0.0001236000; False; 0.0383729000; 1.7574010000
/home/experiments/nfa-bench/benchmarks/presburger-explicit/complement/UltimateAutomizer/recHanoi03_true-unreach-call_true-termination.c_3872.0.mata;0.15; 0.0403257000;0.008485399999999999; 0.0439405000; 0.0001587000; False; 0.0550323000; 0.1698570000;0.83; 0.0398858000;0.0084507; 0.0496890000; 0.0001884000; False; 0.0608599000; 0.1522164000
/home/experiments/nfa-bench/benchmarks/presburger-explicit/complement/UltimateAutomizer/recHanoi03_true-unreach-call_true-termination.c_557.0.mata;2.13; 1.6952285000;0.0058379; 0.0331717000; 0.0001323000; False; 0.0410111000; 2.1050619000;2.39; 1.2093099000;0.005563; 0.0318052000; 0.0001233000; False; 0.0394449000; 1.7662477000
/home/experiments/nfa-bench/benchmarks/presburger-explicit/complement/UltimateAutomizer/recHanoi03_true-unreach-call_true-termination.c_597.0.mata;3.26; 2.6494689000;0.0053232; 0.0431902000; 0.0001549000; False; 0.0504577000; 3.3976802000;4.27; 2.9012183000;0.0087657; 0.0673428000; 0.0001878000; False; 0.0787000000; 3.8202250000
/home/experiments/nfa-bench/benchmarks/presburger-explicit/complement/UltimateAutomizer/recHanoi03_true-unreach-call_true-termination.c_73.0.mata;0.16; 0.0397069000;0.008632699999999998; 0.0419721000; 0.0001718000; False; 0.0533292000; 0.1456407000;0.96; 0.0383167000;0.0087837; 0.0420310000; 0.0001748000; False; 0.0533647000; 0.1417337000
/home/experiments/nfa-bench/benchmarks/presburger-explicit/complement/UltimateAutomizer/recHanoi03_true-unreach-call_true-termination.c_847.0.mata;0.11; 0.0250516000;0.0056022; 0.0267520000; 0.0001192000; False; 0.0343546000; 0.0927632000;0.89; 0.0476389000;0.00997; 0.0468493000; 0.0001871000; False; 0.0598998000; 0.1659648000
/home/experiments/nfa-bench/benchmarks/presburger-explicit/complement/UltimateAutomizer/recHanoi03_true-unreach-call_true-termination.c_874.0.mata;0.11; 0.0248179000;0.0055994; 0.0261611000; 0.0001212000; False; 0.0336872000; 0.0933222000;0.84; 0.0393575000;0.0085671; 0.0408326000; 0.0001292000; False; 0.0519681000; 0.1417491000
/home/experiments/nfa-bench/benchmarks/presburger-explicit/complement/UltimateAutomizer/recHanoi03_true-unreach-call_true-termination.c_876.0.mata;0.18; 0.0469907000;0.0100281; 0.0498611000; 0.0001708000; False; 0.0625883000; 0.1668894000;0.87; 0.0484923000;0.0104544; 0.0491712000; 0.0002263000; False; 0.0629399000; 0.1705804000
/home/experiments/nfa-bench/benchmarks/presburger-explicit/complement/tptp/ARI056_1.mata;0.16; 0.0372170000;0.0088473; 0.0417868000; 0.0001863000; False; 0.0532541000; 0.1767479000;0.91; 0.0353172000;0.0083977; 0.0434689000; 0.0001786000; False; 0.0545321000; 0.1424572000
/home/experiments/nfa-bench/benchmarks/presburger-explicit/complement/tptp/ARI083_1.mata;0.15; 0.0382366000;0.0089893; 0.0447704000; 0.0001833000; False; 0.0567908000; 0.1643230000;0.86; 0.0384664000;0.0080039; 0.0422426000; 0.0001619000; False; 0.0528151000; 0.1421672000
/home/experiments/nfa-bench/benchmarks/presburger-explicit/complement/tptp/ARI590_1.mata;0.13; 0.0276498000;0.0093738; 0.0441808000; 0.0001977000; False; 0.0567734000; 0.1248059000;0.68; 0.0303081000;0.005315; 0.0255027000; 0.0001202000; False; 0.0326602000; 0.1119587000
/home/experiments/nfa-bench/benchmarks/presburger-explicit/complement/tptp/ARI591_1.mata;0.16; 0.0396072000;0.00912; 0.0437677000; 0.0001739000; False; 0.0557246000; 0.1505039000;0.95; 0.0398935000;0.0100524; 0.0454182000; 0.0001861000; False; 0.0589428000; 0.1527478000
/home/experiments/nfa-bench/benchmarks/presburger-explicit/complement/tptp/NUM868_1.mata;0.16; 0.0318293000;0.008491499999999999; 0.0398660000; 0.0001643000; False; 0.0511895000; 0.1721452000;0.88; 0.0254887000;0.0085421; 0.0410578000; 0.0001547000; False; 0.0523210000; 0.1268103000
/home/experiments/nfa-bench/benchmarks/presburger-explicit/complement/tptp/NUM869_1.mata;0.13; 0.0352500000;0.0073535; 0.0255452000; 0.0001255000; False; 0.0355568000; 0.1604405000;0.75; 0.0208220000;0.0054540000000000005; 0.0262989000; 0.0001378000; False; 0.0336492000; 0.0858868000
/home/experiments/nfa-bench/benchmarks/presburger-explicit/complement/tptp/NUM870_1.mata;0.15; 0.0339110000;0.0086604; 0.0397085000; 0.0001727000; False; 0.0511921000; 0.1698921000;0.74; 0.0525402000;0.0092904; 0.0413772000; 0.0001718000; False; 0.0537689000; 0.1761824000
/home/experiments/nfa-bench/benchmarks/presburger-explicit/complement/tptp/NUM871_1.mata;0.15; 0.0355861000;0.0082898; 0.0373860000; 0.0001555000; False; 0.0482156000; 0.1379061000;0.88; 0.0356548000;0.0084033; 0.0415188000; 0.0001930000; False; 0.0525725000; 0.1391559000
/home/experiments/nfa-bench/benchmarks/presburger-explicit/complement/tptp/NUM874_1.mata;0.11; 0.0213767000;0.005377600000000001; 0.0249197000; 0.0001152000; False; 0.0321560000; 0.0960714000;0.79; 0.0343247000;0.008813900000000001; 0.0403109000; 0.0001994000; False; 0.0519096000; 0.1403394000
/home/experiments/nfa-bench/benchmarks/presburger-explicit/complement/tptp/NUM896_1.mata;0.12; 0.0382622000;0.0073821; 0.0265161000; 0.0001323000; False; 0.0366054000; 0.1229977000;0.86; 0.0377123000;0.0086535; 0.0436839000; 0.0001733000; False; 0.0551258000; 0.1460075000
/home/experiments/nfa-bench/benchmarks/presburger-explicit/complement/tptp/NUM897_1.mata;0.14; 0.0245311000;0.0090916; 0.0486795000; 0.0002322000; False; 0.0607867000; 0.1234684000;0.91; 0.0700158000;0.0081113; 0.0405068000; 0.0001911000; False; 0.0512135000; 0.1740523000
/home/experiments/nfa-bench/benchmarks/presburger-explicit/complement/tptp/NUM898_1.mata;0.1; 0.0223897000;0.0052714; 0.0274585000; 0.0001242000; False; 0.0345570000; 0.0888511000;0.78; 0.0239358000;0.0054859999999999996; 0.0277250000; 0.0001621000; False; 0.0350303000; 0.0906866000
/home/experiments/nfa-bench/benchmarks/presburger-explicit/complement/tptp/NUM899_1.mata;0.11; 0.0309315000;0.0172349; 0.0503098000; 0.0001515000; False; 0.0733382000; 0.1549524000;0.82; 0.0370753000;0.0088146; 0.0343792000; 0.0001224000; False; 0.0458182000; 0.1490515000
/home/experiments/nfa-bench/benchmarks/presburger-explicit/complement/tptp/NUM915_1.mata;0.16; 0.0377794000;0.0091361; 0.0400026000; 0.0001933000; False; 0.0519431000; 0.1879547000;0.8; 0.0246259000;0.0055738; 0.0261272000; 0.0001515000; False; 0.0335753000; 0.1039107000
/home/experiments/nfa-bench/benchmarks/presburger-explicit/complement/tptp/NUM916_1.mata;0.12; 0.0235639000;0.0053426; 0.0344752000; 0.0001769000; False; 0.0418110000; 0.1045067000;0.78; 0.0207834000;0.0055956; 0.0256259000; 0.0001169000; False; 0.0330965000; 0.0842654000
/home/experiments/nfa-bench/benchmarks/presburger-explicit/complement/tptp/NUM917_1.mata;0.12; 0.0223656000;0.0053087; 0.0383558000; 0.0001604000; False; 0.0455463000; 0.0993295000;0.73; 0.0198728000;0.0049614; 0.0238965000; 0.0001024000; False; 0.0304173000; 0.0853681000
/home/experiments/nfa-bench/benchmarks/presburger-explicit/complement/tptp/NUM918_1.mata;0.16; 0.0390728000;0.008687199999999999; 0.0407610000; 0.0001722000; False; 0.0524106000; 0.2002448000;0.69; 0.0203913000;0.0049345000000000005; 0.0236335000; 0.0001118000; False; 0.0300680000; 0.0923582000
